Time	curve_A	curve_B	curve_C	curve_D	curve_E	curve_F	curve_G	curve_H	curve_I	curve_J	curve_K	curve_L	curve_M	curve_N	curve_O	curve_P	curve_Q	curve_R	curve_S	curve_T	curve_U	curve_V	curve_W	curve_X	curve_Y	curve_Z	curve_AA	curve_AB	curve_AC	curve_AD	curve_AE	curve_AF	curve_AG	curve_AH	curve_AI	curve_AJ	curve_AK	curve_AL	curve_AM	curve_AN	curve_AO	curve_AP	curve_AQ	curve_AR	curve_AS	curve_AT	curve_AU	curve_AV	curve_AW	curve_AX	curve_AY	curve_AZ	curve_BA	curve_BB	curve_BC	curve_BD	curve_BE	curve_BF	curve_BG	curve_BH	curve_BI	curve_BJ	curve_BK	curve_BL	curve_BM	curve_BN	curve_BO	curve_BP	curve_BQ	curve_BR	curve_BS	curve_BT	curve_BU	curve_BV	curve_BW	curve_BX	curve_BY	curve_BZ	curve_CA	curve_CB	curve_CC	curve_CD	curve_CE	curve_CF	curve_CG	curve_CH	curve_CI	curve_CJ	curve_CK	curve_CL	curve_CM	curve_CN	curve_CO	curve_CP	curve_CQ	curve_CR	curve_CS	curve_CT	curve_CU	curve_CV	curve_CW	curve_CX	curve_CY	curve_CZ	curve_DA	curve_DB	curve_DC	curve_DD	curve_DE	curve_DF	curve_DG	curve_DH	curve_DI	curve_DJ	curve_DK	curve_DL	curve_DM	curve_DN	curve_DO	curve_DP	curve_DQ	curve_DR	curve_DS	curve_DT	curve_DU	curve_DV	curve_DW	curve_DX	curve_DY	curve_DZ	curve_EA	curve_EB	curve_EC	curve_ED	curve_EE	curve_EF	curve_EG	curve_EH	curve_EI	curve_EJ	curve_EK	curve_EL	curve_EM	curve_EN	curve_EO	curve_EP	curve_EQ	curve_ER	curve_ES	curve_ET	curve_EU	curve_EV	curve_EW	curve_EX	curve_EY	curve_EZ	curve_FA	curve_FB	curve_FC	curve_FD	curve_FE	curve_FF	curve_FG	curve_FH	curve_FI	curve_FJ	curve_FK	curve_FL	curve_FM	curve_FN	curve_FO	curve_FP	curve_FQ	curve_FR	curve_FS	curve_FT	curve_FU	curve_FV	curve_FW	curve_FX	curve_FY	curve_FZ	curve_GA	curve_GB	curve_GC	curve_GD	curve_GE	curve_GF	curve_GG	curve_GH	curve_GI	curve_GJ	curve_GK	curve_GL	curve_GM	curve_GN	curve_GO	curve_GP	curve_GQ	curve_GR	curve_GS	curve_GT	curve_GU	curve_GV	curve_GW	curve_GX	curve_GY	curve_GZ	curve_HA	curve_HB	curve_HC	curve_HD	curve_HE	curve_HF	curve_HG	curve_HH	curve_HI	curve_HJ	curve_HK	curve_HL	curve_HM	curve_HN	curve_HO	curve_HP	curve_HQ	curve_HR	curve_HS	curve_HT	curve_HU	curve_HV	curve_HW	curve_HX	curve_HY	curve_HZ	curve_IA	curve_IB	curve_IC	curve_ID_238	curve_IE	curve_IF	curve_IG	curve_IH	curve_II	curve_IJ	curve_IK	curve_IL	curve_IM	curve_IN	curve_IO	curve_IP	curve_IQ	curve_IR	curve_IS	curve_IT	curve_IU	curve_IV	curve_IW	curve_IX	curve_IY	curve_IZ	curve_JA	curve_JB	curve_JC	curve_JD	curve_JE	curve_JF	curve_JG	curve_JH	curve_JI	curve_JJ	curve_JK	curve_JL	curve_JM	curve_JN	curve_JO	curve_JP	curve_JQ	curve_JR	curve_JS	curve_JT	curve_JU	curve_JV	curve_JW	curve_JX	curve_JY	curve_JZ	curve_KA	curve_KB	curve_KC	curve_KD	curve_KE	curve_KF	curve_KG	curve_KH	curve_KI	curve_KJ	curve_KK	curve_KL	curve_KM	curve_KN	curve_KO	curve_KP	curve_KQ	curve_KR	curve_KS	curve_KT	curve_KU	curve_KV	curve_KW	curve_KX	curve_KY	curve_KZ	curve_LA	curve_LB	curve_LC	curve_LD	curve_LE	curve_LF	curve_LG	curve_LH	curve_LI	curve_LJ	curve_LK	curve_LL	curve_LM	curve_LN	curve_LO	curve_LP	curve_LQ	curve_LR	curve_LS	curve_LT	curve_LU	curve_LV	curve_LW	curve_LX	curve_LY	curve_LZ	curve_MA	curve_MB	curve_MC	curve_MD	curve_ME	curve_MF	curve_MG	curve_MH	curve_MI	curve_MJ	curve_MK	curve_ML	curve_MM	curve_MN	curve_MO	curve_MP	curve_MQ	curve_MR	curve_MS	curve_MT	curve_MU	curve_MV	curve_MW	curve_MX	curve_MY	curve_MZ	curve_NA	curve_NB	curve_NC	curve_ND	curve_NE	curve_NF	curve_NG	curve_NH	curve_NI	curve_NJ	curve_NK	curve_NL	curve_NM	curve_NN	curve_NO	curve_NP	curve_NQ	curve_NR	curve_NS	curve_NT	curve_NU	curve_NV	curve_NW	curve_NX	curve_NY	curve_NZ	curve_OA	curve_OB	curve_OC	curve_OD	curve_OE	curve_OF	curve_OG	curve_OH	curve_OI	curve_OJ	curve_OK	curve_OL	curve_OM	curve_ON	curve_OO	curve_OP	curve_OQ	curve_OR	curve_OS	curve_OT	curve_OU	curve_OV	curve_OW	curve_OX	curve_OY	curve_OZ	curve_PA	curve_PB	curve_PC	curve_PD	curve_PE	curve_PF	curve_PG	curve_PH	curve_PI	curve_PJ	curve_PK	curve_PL	curve_PM	curve_PN	curve_PO	curve_PP	curve_PQ	curve_PR	curve_PS	curve_PT	curve_PU	curve_PV	curve_PW	curve_PX	curve_PY	curve_PZ	curve_QA	curve_QB	curve_QC	curve_QD	curve_QE	curve_QF	curve_QG	curve_QH	curve_QI	curve_QJ	curve_QK	curve_QL	curve_QM	curve_QN	curve_QO	curve_QP	curve_QQ	curve_QR	curve_QS	curve_QT	curve_QU	curve_QV	curve_QW	curve_QX	curve_QY	curve_QZ	curve_RA	curve_RB	curve_RC	curve_RD	curve_RE	curve_RF	curve_RG	curve_RH	curve_RI	curve_RJ	curve_RK	curve_RL	curve_RM	curve_RN	curve_RO	curve_RP	curve_RQ	curve_RR	curve_RS	curve_RT	curve_RU	curve_RV	curve_RW	curve_RX	curve_RY	curve_RZ	curve_SA	curve_SB	curve_SC	curve_SD	curve_SE	curve_SF	curve_SG	curve_SH	curve_SI	curve_SJ	curve_SK	curve_SL	curve_SM	curve_SN	curve_SO	curve_SP	curve_SQ	curve_SR	curve_SS	curve_ST	curve_SU	curve_SV	curve_SW	curve_SX	curve_SY	curve_SZ	curve_TA	curve_TB	curve_TC	curve_TD	curve_TE	curve_TF	curve_TG	curve_TH	curve_TI	curve_TJ	curve_TK	curve_TL	curve_TM	curve_TN	curve_TO	curve_TP	curve_TQ	curve_TR	curve_TS	curve_TT	curve_TU	curve_TV	curve_TW	curve_TX	curve_TY	curve_TZ	curve_UA	curve_UB	curve_UC	curve_UD	curve_UE	curve_UF
0.0	0.118	0.12	0.12	0.114	0.107	0.106	0.118	0.119	0.116	0.116	0.118	0.118	0.107	0.109	0.107	0.116	0.119	0.115	0.115	0.118	0.117	0.109	0.11	0.108	0.117	0.113	0.117	0.114	0.107	0.106	0.123	0.121	0.118	0.117	0.117	0.118	0.118	0.121	0.117	0.115	0.117	0.117	0.119	0.12	0.118	0.114	0.107	0.106	0.124	0.125	0.121	0.119	0.128	0.121	0.123	0.122	0.123	0.122	0.121	0.124	0.124	0.125	0.127	0.12	0.125	0.127	0.123	0.123	0.124	0.126	0.123	0.129	0.118	0.121	0.124	0.129	0.119	0.123	0.123	0.125	0.119	0.12	0.122	0.125	0.12	0.122	0.118	0.118	0.12	0.119	0.117	0.118	0.118	0.114	0.107	0.106	0.117	0.119	0.119	0.113	0.116	0.112	0.118	0.118	0.118	0.124	0.127	0.125	0.116	0.119	0.118	0.115	0.115	0.118	0.119	0.116	0.117	0.114	0.116	0.115	0.115	0.116	0.115	0.113	0.114	0.111	0.114	0.107	0.106	0.114	0.107	0.106	0.104	0.105	0.103	0.115	0.113	0.113	0.105	0.107	0.106	0.108	0.12	0.116	0.108	0.105	0.106	0.104	0.109	0.107	0.114	0.107	0.106	0.105	0.105	0.105	0.117	0.118	0.115	0.12	0.11	0.107	0.109	0.107	0.109	0.114	0.118	0.117	0.126	0.126	0.124	0.126	0.126	0.124	0.121	0.124	0.123	0.121	0.124	0.125	0.121	0.123	0.123	0.122	0.12	0.121	0.121	0.121	0.12	0.121	0.119	0.119	0.124	0.122	0.12	0.124	0.126	0.119	0.122	0.119	0.12	0.124	0.122	0.121	0.121	0.121	0.121	0.119	0.12	0.12	0.122	0.12	0.121	0.123	0.108	0.111	0.11	0.111	0.112	0.132	0.131	0.126	0.134	0.133	0.127	0.137	0.131	0.126	0.134	0.132	0.127	0.128	0.128	0.127	0.13	0.131	0.126	0.138	0.141	0.137	0.128	0.125	0.122	0.13	0.128	0.126	0.126	0.126	0.125	0.127	0.128	0.128	0.129	0.125	0.128	0.138	0.141	0.137	0.126	0.129	0.123	0.113	0.112	0.113	0.138	0.141	0.137	0.102	0.1	0.099	0.114	0.115	0.114	0.138	0.141	0.137	0.108	0.11	0.109	0.122	0.122	0.122	0.119	0.12	0.12	0.119	0.12	0.119	0.119	0.125	0.122	0.129	0.133	0.141	0.13	0.13	0.143	0.119	0.123	0.122	0.119	0.125	0.125	0.117	0.127	0.125	0.118	0.118	0.12	0.117	0.117	0.117	0.118	0.118	0.117	0.116	0.116	0.116	0.118	0.117	0.117	0.116	0.115	0.115	0.117	0.116	0.114	0.121	0.118	0.118	0.119	0.116	0.116	0.12	0.118	0.118	0.133	0.13	0.131	0.135	0.131	0.131	0.114	0.114	0.116	0.114	0.115	0.118	0.113	0.114	0.114	0.117	0.119	0.119	0.119	0.118	0.117	0.131	0.128	0.13	0.13	0.12	0.118	0.132	0.132	0.131	0.131	0.126	0.116	0.104	0.11	0.11	0.103	0.103	0.102	0.107	0.109	0.112	0.117	0.117	0.118	0.117	0.117	0.116	0.116	0.116	0.115	0.118	0.116	0.115	0.12	0.12	0.117	0.116	0.118	0.115	0.117	0.12	0.12	0.119	0.116	0.119	0.119	0.119	0.117	0.115	0.12	0.117	0.126	0.128	0.124	0.113	0.116	0.112	0.122	0.124	0.126	0.126	0.125	0.125	0.122	0.122	0.123	0.124	0.122	0.122	0.119	0.124	0.124	0.123	0.122	0.122	0.104	0.109	0.107	0.109	0.109	0.11	0.106	0.109	0.108	0.116	0.114	0.114	0.105	0.106	0.105	0.114	0.112	0.116	0.104	0.105	0.104	0.115	0.112	0.113	0.122	0.12	0.121	0.118	0.115	0.114	0.116	0.115	0.113	0.114	0.114	0.113	0.115	0.114	0.114	0.117	0.114	0.111	0.112	0.113	0.114	0.117	0.112	0.111	0.112	0.111	0.112	0.108	0.108	0.108	0.114	0.112	0.11	0.103	0.104	0.105	0.112	0.115	0.11	0.109	0.11	0.108	0.112	0.112	0.11	0.113	0.114	0.113	0.114	0.115	0.114	0.115	0.114	0.114	0.116	0.114	0.116	0.112	0.113	0.115	0.11	0.111	0.115	0.11	0.11	0.11	0.112	0.115	0.114	0.112	0.112	0.111	0.106	0.107	0.105	0.106	0.106	0.106	0.104	0.107	0.105	0.108	0.108	0.108	0.108	0.105	0.107	0.109	0.111	0.109	0.108	0.108	0.108	0.107	0.106	0.106
0.17	0.118	0.121	0.119	0.115	0.108	0.106	0.119	0.12	0.117	0.119	0.12	0.119	0.106	0.11	0.11	0.118	0.121	0.117	0.115	0.12	0.119	0.108	0.112	0.108	0.118	0.115	0.114	0.115	0.108	0.106	0.123	0.122	0.12	0.116	0.117	0.119	0.119	0.12	0.121	0.116	0.116	0.117	0.12	0.118	0.116	0.115	0.108	0.106	0.124	0.125	0.126	0.124	0.134	0.127	0.129	0.129	0.128	0.125	0.126	0.129	0.131	0.131	0.128	0.126	0.13	0.128	0.125	0.123	0.127	0.126	0.126	0.128	0.122	0.124	0.128	0.127	0.125	0.124	0.128	0.127	0.125	0.127	0.127	0.13	0.121	0.126	0.124	0.128	0.125	0.126	0.116	0.119	0.118	0.115	0.108	0.106	0.117	0.118	0.118	0.113	0.115	0.111	0.115	0.117	0.117	0.124	0.125	0.12	0.115	0.118	0.118	0.115	0.115	0.118	0.118	0.116	0.117	0.113	0.114	0.114	0.113	0.116	0.115	0.112	0.114	0.113	0.115	0.108	0.106	0.115	0.108	0.106	0.115	0.114	0.11	0.115	0.111	0.114	0.105	0.108	0.107	0.107	0.12	0.119	0.108	0.105	0.106	0.103	0.108	0.106	0.115	0.108	0.106	0.106	0.106	0.106	0.117	0.118	0.114	0.118	0.109	0.104	0.111	0.107	0.107	0.114	0.118	0.116	0.124	0.125	0.117	0.124	0.125	0.117	0.115	0.12	0.118	0.116	0.12	0.12	0.114	0.12	0.12	0.117	0.116	0.117	0.119	0.12	0.118	0.12	0.117	0.117	0.119	0.118	0.116	0.119	0.12	0.116	0.12	0.118	0.116	0.123	0.121	0.119	0.121	0.121	0.119	0.12	0.12	0.119	0.117	0.116	0.117	0.125	0.121	0.118	0.11	0.112	0.112	0.129	0.129	0.124	0.137	0.133	0.122	0.148	0.133	0.123	0.158	0.136	0.128	0.146	0.14	0.123	0.133	0.132	0.123	0.134	0.136	0.13	0.126	0.126	0.122	0.144	0.133	0.139	0.137	0.135	0.122	0.142	0.146	0.142	0.143	0.138	0.124	0.134	0.136	0.13	0.124	0.126	0.119	0.114	0.112	0.112	0.134	0.136	0.13	0.102	0.101	0.099	0.111	0.11	0.111	0.134	0.136	0.13	0.105	0.108	0.107	0.126	0.125	0.12	0.124	0.126	0.122	0.123	0.125	0.119	0.119	0.124	0.121	0.131	0.132	0.13	0.137	0.134	0.132	0.117	0.12	0.119	0.122	0.123	0.124	0.121	0.125	0.122	0.116	0.115	0.117	0.114	0.115	0.116	0.119	0.119	0.118	0.118	0.117	0.118	0.118	0.118	0.117	0.118	0.116	0.116	0.114	0.115	0.113	0.116	0.115	0.114	0.116	0.115	0.114	0.118	0.115	0.116	0.123	0.121	0.122	0.121	0.12	0.118	0.113	0.114	0.114	0.114	0.116	0.117	0.113	0.114	0.114	0.115	0.119	0.119	0.12	0.119	0.117	0.124	0.124	0.124	0.124	0.121	0.121	0.119	0.119	0.118	0.119	0.119	0.117	0.105	0.109	0.11	0.113	0.108	0.108	0.106	0.109	0.112	0.116	0.117	0.115	0.116	0.115	0.113	0.115	0.116	0.113	0.115	0.114	0.114	0.118	0.118	0.116	0.115	0.118	0.114	0.116	0.118	0.119	0.118	0.117	0.118	0.117	0.118	0.116	0.112	0.115	0.113	0.116	0.119	0.113	0.113	0.115	0.111	0.115	0.117	0.119	0.119	0.118	0.117	0.114	0.116	0.118	0.119	0.117	0.117	0.114	0.118	0.118	0.119	0.116	0.115	0.103	0.108	0.106	0.109	0.108	0.108	0.105	0.107	0.107	0.113	0.112	0.114	0.104	0.105	0.104	0.112	0.111	0.114	0.103	0.104	0.103	0.114	0.111	0.112	0.117	0.116	0.117	0.116	0.114	0.113	0.115	0.114	0.113	0.113	0.112	0.11	0.112	0.111	0.112	0.116	0.113	0.11	0.111	0.111	0.111	0.115	0.111	0.108	0.111	0.111	0.112	0.105	0.105	0.106	0.112	0.11	0.107	0.102	0.104	0.104	0.11	0.112	0.108	0.108	0.112	0.108	0.111	0.111	0.108	0.108	0.109	0.109	0.11	0.111	0.11	0.111	0.111	0.111	0.112	0.112	0.114	0.111	0.111	0.111	0.112	0.109	0.113	0.108	0.108	0.107	0.109	0.114	0.112	0.111	0.111	0.109	0.104	0.104	0.103	0.104	0.105	0.105	0.102	0.105	0.104	0.105	0.105	0.106	0.111	0.112	0.109	0.108	0.109	0.108	0.105	0.105	0.106	0.105	0.105	0.105
0.33	0.126	0.127	0.125	0.118	0.11	0.107	0.124	0.125	0.121	0.12	0.125	0.125	0.109	0.112	0.112	0.125	0.128	0.119	0.123	0.127	0.126	0.11	0.115	0.114	0.126	0.122	0.121	0.118	0.11	0.107	0.13	0.129	0.126	0.123	0.122	0.124	0.126	0.126	0.122	0.123	0.124	0.125	0.127	0.126	0.124	0.118	0.11	0.107	0.13	0.13	0.129	0.128	0.142	0.129	0.129	0.13	0.13	0.131	0.131	0.131	0.128	0.129	0.134	0.134	0.137	0.132	0.132	0.129	0.133	0.132	0.133	0.134	0.128	0.13	0.133	0.133	0.129	0.132	0.134	0.135	0.132	0.133	0.13	0.134	0.129	0.128	0.128	0.13	0.13	0.13	0.122	0.121	0.12	0.118	0.11	0.107	0.118	0.123	0.123	0.117	0.119	0.112	0.12	0.124	0.123	0.128	0.127	0.122	0.121	0.121	0.119	0.115	0.115	0.117	0.119	0.121	0.121	0.116	0.117	0.116	0.117	0.119	0.119	0.115	0.117	0.116	0.118	0.11	0.107	0.118	0.11	0.107	0.117	0.117	0.115	0.123	0.117	0.118	0.109	0.112	0.109	0.114	0.126	0.126	0.11	0.107	0.108	0.104	0.109	0.108	0.118	0.11	0.107	0.108	0.108	0.109	0.118	0.118	0.114	0.119	0.11	0.106	0.113	0.108	0.108	0.12	0.122	0.119	0.123	0.124	0.117	0.123	0.124	0.117	0.115	0.119	0.116	0.115	0.122	0.122	0.115	0.122	0.121	0.116	0.115	0.116	0.121	0.122	0.12	0.12	0.119	0.118	0.118	0.118	0.115	0.12	0.122	0.116	0.122	0.119	0.116	0.119	0.118	0.117	0.123	0.123	0.121	0.12	0.12	0.117	0.116	0.115	0.116	0.127	0.124	0.121	0.113	0.114	0.113	0.136	0.134	0.133	0.131	0.133	0.129	0.134	0.135	0.13	0.145	0.129	0.135	0.146	0.129	0.13	0.124	0.13	0.128	0.13	0.135	0.132	0.132	0.13	0.131	0.128	0.127	0.128	0.129	0.13	0.128	0.147	0.142	0.131	0.136	0.127	0.13	0.13	0.135	0.132	0.126	0.128	0.121	0.117	0.115	0.115	0.13	0.135	0.132	0.102	0.101	0.099	0.108	0.107	0.109	0.13	0.135	0.132	0.106	0.109	0.107	0.126	0.123	0.121	0.125	0.126	0.121	0.126	0.122	0.118	0.121	0.125	0.121	0.128	0.129	0.129	0.132	0.13	0.131	0.132	0.13	0.127	0.126	0.129	0.13	0.122	0.131	0.127	0.126	0.123	0.124	0.122	0.123	0.123	0.122	0.122	0.122	0.121	0.121	0.121	0.123	0.123	0.122	0.122	0.122	0.121	0.121	0.122	0.118	0.12	0.119	0.118	0.122	0.119	0.119	0.128	0.126	0.125	0.127	0.125	0.125	0.125	0.124	0.122	0.113	0.114	0.114	0.116	0.118	0.119	0.116	0.116	0.116	0.128	0.13	0.128	0.129	0.128	0.124	0.126	0.126	0.126	0.127	0.125	0.126	0.123	0.123	0.123	0.124	0.123	0.124	0.11	0.115	0.115	0.115	0.112	0.114	0.11	0.113	0.114	0.116	0.115	0.114	0.116	0.113	0.112	0.112	0.113	0.111	0.114	0.113	0.113	0.117	0.119	0.114	0.117	0.117	0.113	0.118	0.119	0.12	0.117	0.117	0.118	0.117	0.118	0.117	0.11	0.114	0.111	0.114	0.116	0.111	0.117	0.119	0.112	0.113	0.114	0.119	0.118	0.118	0.118	0.112	0.114	0.119	0.118	0.117	0.117	0.111	0.116	0.115	0.116	0.113	0.113	0.104	0.109	0.108	0.107	0.105	0.106	0.105	0.108	0.107	0.112	0.111	0.113	0.105	0.105	0.103	0.113	0.111	0.115	0.103	0.105	0.103	0.115	0.112	0.112	0.116	0.115	0.116	0.117	0.113	0.112	0.115	0.114	0.113	0.112	0.111	0.11	0.109	0.109	0.11	0.115	0.113	0.109	0.111	0.11	0.111	0.115	0.111	0.108	0.111	0.111	0.111	0.105	0.105	0.105	0.11	0.107	0.104	0.103	0.105	0.105	0.109	0.11	0.105	0.11	0.115	0.114	0.11	0.109	0.106	0.107	0.108	0.108	0.109	0.109	0.109	0.111	0.111	0.11	0.11	0.11	0.113	0.11	0.11	0.11	0.112	0.109	0.113	0.107	0.107	0.107	0.107	0.112	0.112	0.109	0.109	0.107	0.104	0.104	0.103	0.104	0.104	0.104	0.102	0.104	0.103	0.105	0.105	0.105	0.115	0.114	0.113	0.107	0.109	0.107	0.105	0.105	0.105	0.104	0.104	0.103
0.5	0.129	0.133	0.133	0.121	0.113	0.11	0.13	0.13	0.125	0.124	0.124	0.124	0.112	0.116	0.116	0.125	0.127	0.121	0.127	0.124	0.123	0.112	0.118	0.116	0.124	0.121	0.126	0.121	0.113	0.11	0.135	0.133	0.128	0.124	0.123	0.125	0.125	0.125	0.125	0.121	0.121	0.121	0.124	0.122	0.129	0.121	0.113	0.11	0.133	0.135	0.14	0.125	0.136	0.112	0.118	0.12	0.113	0.156	0.142	0.151	0.117	0.118	0.132	0.135	0.131	0.13	0.129	0.13	0.124	0.132	0.131	0.142	0.129	0.129	0.145	0.132	0.128	0.127	0.142	0.118	0.142	0.131	0.133	0.122	0.147	0.131	0.128	0.117	0.134	0.13	0.126	0.127	0.125	0.121	0.113	0.11	0.119	0.123	0.122	0.117	0.119	0.114	0.123	0.121	0.122	0.132	0.13	0.125	0.125	0.126	0.124	0.119	0.119	0.121	0.119	0.122	0.121	0.116	0.118	0.117	0.119	0.121	0.121	0.117	0.119	0.117	0.121	0.113	0.11	0.121	0.113	0.11	0.116	0.12	0.119	0.131	0.127	0.129	0.11	0.113	0.111	0.124	0.134	0.13	0.115	0.112	0.111	0.111	0.115	0.114	0.121	0.113	0.11	0.109	0.109	0.11	0.121	0.12	0.115	0.121	0.113	0.11	0.115	0.111	0.112	0.122	0.124	0.121	0.129	0.131	0.127	0.129	0.131	0.127	0.116	0.119	0.117	0.115	0.122	0.121	0.114	0.121	0.12	0.116	0.114	0.115	0.122	0.123	0.12	0.12	0.118	0.115	0.117	0.117	0.115	0.117	0.12	0.115	0.121	0.118	0.115	0.116	0.116	0.115	0.121	0.121	0.118	0.119	0.118	0.115	0.116	0.114	0.115	0.125	0.119	0.12	0.113	0.114	0.113	0.137	0.138	0.148	0.135	0.136	0.133	0.152	0.132	0.13	0.166	0.132	0.133	0.157	0.145	0.128	0.132	0.131	0.129	0.148	0.141	0.138	0.134	0.133	0.142	0.135	0.133	0.134	0.134	0.134	0.132	0.163	0.16	0.156	0.152	0.132	0.128	0.148	0.141	0.138	0.127	0.132	0.126	0.118	0.117	0.116	0.148	0.141	0.138	0.101	0.1	0.099	0.106	0.106	0.107	0.148	0.141	0.138	0.108	0.11	0.109	0.127	0.128	0.127	0.122	0.126	0.125	0.121	0.124	0.123	0.129	0.133	0.129	0.137	0.139	0.138	0.146	0.14	0.138	0.133	0.139	0.139	0.127	0.127	0.129	0.129	0.128	0.127	0.135	0.134	0.135	0.133	0.133	0.133	0.124	0.124	0.124	0.123	0.123	0.123	0.122	0.124	0.123	0.123	0.123	0.122	0.132	0.132	0.126	0.123	0.121	0.122	0.123	0.122	0.122	0.128	0.127	0.128	0.13	0.129	0.13	0.127	0.127	0.125	0.114	0.115	0.115	0.124	0.118	0.127	0.125	0.122	0.125	0.129	0.13	0.13	0.13	0.128	0.127	0.13	0.129	0.13	0.131	0.128	0.128	0.126	0.126	0.126	0.128	0.126	0.127	0.114	0.121	0.121	0.118	0.116	0.117	0.114	0.117	0.116	0.114	0.115	0.115	0.116	0.113	0.112	0.112	0.113	0.112	0.114	0.113	0.112	0.116	0.117	0.113	0.116	0.116	0.112	0.118	0.118	0.118	0.117	0.115	0.117	0.115	0.116	0.115	0.112	0.115	0.112	0.113	0.116	0.111	0.117	0.119	0.114	0.113	0.113	0.118	0.117	0.117	0.118	0.113	0.114	0.118	0.117	0.115	0.116	0.111	0.115	0.114	0.114	0.112	0.111	0.111	0.115	0.114	0.108	0.105	0.107	0.105	0.107	0.107	0.111	0.111	0.112	0.105	0.104	0.103	0.112	0.111	0.114	0.103	0.104	0.103	0.116	0.113	0.113	0.116	0.114	0.115	0.116	0.112	0.111	0.115	0.114	0.113	0.112	0.111	0.109	0.109	0.11	0.11	0.114	0.113	0.109	0.11	0.11	0.111	0.114	0.111	0.108	0.111	0.111	0.111	0.103	0.103	0.103	0.107	0.104	0.101	0.101	0.103	0.103	0.105	0.106	0.102	0.112	0.118	0.116	0.106	0.105	0.102	0.105	0.105	0.105	0.106	0.106	0.106	0.108	0.107	0.107	0.108	0.107	0.11	0.107	0.107	0.108	0.11	0.105	0.109	0.105	0.104	0.104	0.105	0.108	0.108	0.106	0.106	0.104	0.102	0.102	0.101	0.102	0.103	0.103	0.101	0.103	0.102	0.103	0.103	0.103	0.114	0.113	0.113	0.106	0.108	0.106	0.103	0.103	0.103	0.101	0.101	0.101
0.67	0.122	0.135	0.13	0.127	0.12	0.118	0.127	0.128	0.132	0.115	0.113	0.114	0.119	0.119	0.119	0.114	0.119	0.113	0.118	0.114	0.113	0.12	0.119	0.117	0.112	0.134	0.132	0.127	0.12	0.118	0.132	0.128	0.121	0.115	0.115	0.116	0.119	0.118	0.132	0.11	0.111	0.11	0.115	0.116	0.131	0.127	0.12	0.118	0.139	0.136	0.133	0.133	0.167	0.156	0.199	0.183	0.166	0.139	0.135	0.135	0.164	0.18	0.132	0.14	0.151	0.146	0.139	0.139	0.14	0.148	0.134	0.125	0.124	0.164	0.137	0.169	0.139	0.167	0.175	0.192	0.124	0.132	0.135	0.141	0.135	0.156	0.154	0.157	0.142	0.145	0.131	0.133	0.133	0.127	0.12	0.118	0.126	0.119	0.121	0.121	0.123	0.118	0.129	0.141	0.117	0.15	0.142	0.132	0.13	0.133	0.133	0.129	0.129	0.131	0.128	0.122	0.124	0.121	0.122	0.122	0.122	0.141	0.129	0.121	0.122	0.121	0.127	0.12	0.118	0.127	0.12	0.118	0.124	0.125	0.122	0.137	0.128	0.126	0.118	0.117	0.113	0.128	0.132	0.132	0.117	0.114	0.113	0.115	0.118	0.117	0.127	0.12	0.118	0.115	0.114	0.114	0.12	0.127	0.122	0.128	0.119	0.118	0.119	0.117	0.118	0.116	0.127	0.128	0.141	0.144	0.138	0.141	0.144	0.138	0.118	0.124	0.122	0.124	0.127	0.127	0.116	0.127	0.127	0.12	0.119	0.12	0.127	0.129	0.127	0.136	0.123	0.123	0.121	0.121	0.115	0.127	0.123	0.119	0.145	0.13	0.118	0.13	0.13	0.13	0.128	0.129	0.126	0.13	0.135	0.119	0.12	0.119	0.12	0.13	0.123	0.13	0.118	0.116	0.116	0.143	0.143	0.171	0.16	0.156	0.149	0.147	0.156	0.137	0.143	0.157	0.135	0.137	0.146	0.133	0.16	0.15	0.134	0.159	0.148	0.142	0.141	0.144	0.154	0.159	0.157	0.163	0.168	0.15	0.146	0.139	0.156	0.139	0.142	0.145	0.137	0.159	0.148	0.142	0.136	0.144	0.146	0.121	0.122	0.117	0.159	0.148	0.142	0.101	0.1	0.099	0.108	0.107	0.109	0.159	0.148	0.142	0.111	0.114	0.112	0.152	0.138	0.128	0.11	0.113	0.127	0.134	0.136	0.126	0.125	0.138	0.132	0.166	0.158	0.162	0.17	0.17	0.147	0.133	0.132	0.129	0.121	0.12	0.122	0.117	0.116	0.117	0.134	0.132	0.133	0.132	0.132	0.132	0.113	0.113	0.113	0.113	0.114	0.115	0.117	0.11	0.109	0.111	0.11	0.11	0.13	0.133	0.134	0.115	0.116	0.118	0.112	0.114	0.113	0.126	0.124	0.125	0.128	0.126	0.126	0.135	0.136	0.136	0.127	0.129	0.129	0.125	0.129	0.132	0.129	0.136	0.13	0.126	0.127	0.127	0.129	0.127	0.134	0.122	0.123	0.125	0.127	0.141	0.128	0.129	0.129	0.13	0.135	0.141	0.128	0.12	0.126	0.126	0.126	0.125	0.125	0.122	0.121	0.123	0.14	0.132	0.124	0.132	0.127	0.122	0.127	0.128	0.123	0.119	0.117	0.115	0.122	0.125	0.118	0.131	0.128	0.115	0.144	0.142	0.14	0.138	0.13	0.134	0.122	0.121	0.121	0.131	0.133	0.125	0.119	0.123	0.118	0.121	0.123	0.118	0.122	0.12	0.138	0.141	0.144	0.143	0.12	0.121	0.13	0.142	0.141	0.137	0.118	0.122	0.12	0.12	0.118	0.117	0.115	0.118	0.117	0.113	0.11	0.112	0.104	0.109	0.108	0.114	0.113	0.115	0.106	0.105	0.104	0.115	0.112	0.117	0.104	0.105	0.104	0.131	0.125	0.122	0.12	0.119	0.12	0.12	0.115	0.114	0.123	0.121	0.12	0.115	0.112	0.108	0.112	0.112	0.112	0.121	0.118	0.109	0.111	0.111	0.112	0.121	0.118	0.108	0.116	0.117	0.117	0.102	0.103	0.103	0.106	0.103	0.1	0.1	0.102	0.103	0.104	0.105	0.102	0.12	0.119	0.117	0.105	0.104	0.102	0.103	0.104	0.104	0.104	0.104	0.104	0.106	0.105	0.105	0.106	0.106	0.108	0.105	0.105	0.106	0.108	0.104	0.107	0.103	0.103	0.104	0.103	0.107	0.107	0.105	0.104	0.103	0.1	0.101	0.1	0.101	0.101	0.102	0.099	0.101	0.101	0.102	0.103	0.103	0.115	0.113	0.112	0.106	0.107	0.105	0.102	0.103	0.103	0.101	0.101	0.101
0.83	0.134	0.142	0.144	0.134	0.127	0.123	0.138	0.132	0.133	0.153	0.156	0.155	0.129	0.132	0.129	0.155	0.179	0.138	0.133	0.153	0.158	0.127	0.136	0.132	0.148	0.136	0.133	0.134	0.127	0.123	0.141	0.14	0.128	0.153	0.151	0.158	0.153	0.161	0.146	0.146	0.145	0.15	0.145	0.152	0.131	0.134	0.127	0.123	0.15	0.146	0.136	0.148	0.154	0.155	0.177	0.176	0.159	0.147	0.144	0.147	0.161	0.163	0.144	0.154	0.147	0.153	0.148	0.148	0.146	0.149	0.139	0.144	0.139	0.138	0.166	0.148	0.144	0.144	0.157	0.162	0.134	0.141	0.15	0.146	0.149	0.141	0.148	0.143	0.168	0.135	0.132	0.139	0.14	0.134	0.127	0.123	0.127	0.174	0.187	0.115	0.117	0.122	0.128	0.129	0.168	0.143	0.151	0.14	0.128	0.136	0.134	0.125	0.124	0.127	0.116	0.117	0.118	0.113	0.114	0.116	0.125	0.126	0.123	0.11	0.11	0.11	0.134	0.127	0.123	0.134	0.127	0.123	0.132	0.142	0.139	0.135	0.129	0.146	0.123	0.128	0.124	0.13	0.137	0.147	0.121	0.113	0.114	0.114	0.117	0.118	0.134	0.127	0.123	0.116	0.121	0.123	0.125	0.137	0.136	0.144	0.133	0.135	0.129	0.132	0.13	0.121	0.133	0.135	0.143	0.145	0.127	0.143	0.145	0.127	0.129	0.145	0.146	0.133	0.133	0.145	0.133	0.126	0.117	0.14	0.141	0.142	0.119	0.123	0.119	0.139	0.135	0.131	0.143	0.139	0.137	0.149	0.14	0.136	0.141	0.129	0.138	0.154	0.152	0.15	0.164	0.151	0.148	0.134	0.131	0.144	0.14	0.141	0.142	0.138	0.139	0.124	0.124	0.126	0.123	0.158	0.157	0.151	0.166	0.163	0.148	0.162	0.161	0.146	0.173	0.159	0.153	0.168	0.148	0.144	0.155	0.153	0.143	0.16	0.164	0.17	0.149	0.153	0.146	0.174	0.168	0.17	0.158	0.154	0.146	0.176	0.148	0.154	0.148	0.152	0.144	0.16	0.164	0.17	0.152	0.159	0.135	0.112	0.119	0.132	0.16	0.164	0.17	0.101	0.1	0.099	0.13	0.129	0.128	0.16	0.164	0.17	0.13	0.128	0.126	0.136	0.15	0.141	0.151	0.146	0.136	0.129	0.148	0.139	0.132	0.141	0.142	0.166	0.162	0.154	0.159	0.164	0.158	0.132	0.136	0.132	0.122	0.124	0.126	0.118	0.144	0.144	0.141	0.146	0.147	0.145	0.144	0.144	0.156	0.166	0.171	0.171	0.168	0.166	0.159	0.161	0.163	0.16	0.157	0.155	0.145	0.142	0.133	0.149	0.139	0.142	0.147	0.142	0.143	0.126	0.126	0.129	0.145	0.152	0.145	0.131	0.132	0.131	0.127	0.128	0.128	0.129	0.136	0.132	0.128	0.129	0.128	0.135	0.132	0.137	0.129	0.124	0.125	0.145	0.144	0.137	0.143	0.138	0.118	0.129	0.129	0.132	0.143	0.131	0.127	0.118	0.129	0.131	0.116	0.117	0.114	0.128	0.139	0.113	0.137	0.153	0.13	0.15	0.153	0.144	0.143	0.147	0.132	0.135	0.13	0.135	0.141	0.139	0.128	0.15	0.145	0.132	0.148	0.152	0.16	0.148	0.145	0.145	0.148	0.147	0.142	0.124	0.13	0.134	0.141	0.144	0.138	0.115	0.117	0.122	0.13	0.14	0.134	0.136	0.14	0.14	0.127	0.138	0.137	0.132	0.127	0.134	0.128	0.141	0.143	0.142	0.14	0.138	0.114	0.117	0.118	0.117	0.126	0.122	0.106	0.11	0.112	0.128	0.134	0.131	0.107	0.106	0.107	0.136	0.132	0.137	0.107	0.107	0.107	0.129	0.125	0.148	0.14	0.141	0.142	0.134	0.136	0.134	0.123	0.125	0.122	0.122	0.118	0.115	0.121	0.12	0.12	0.126	0.12	0.115	0.128	0.13	0.136	0.124	0.118	0.118	0.13	0.125	0.125	0.104	0.105	0.105	0.108	0.106	0.105	0.102	0.105	0.104	0.108	0.11	0.104	0.127	0.136	0.132	0.112	0.108	0.103	0.104	0.104	0.104	0.105	0.105	0.105	0.107	0.107	0.108	0.106	0.108	0.118	0.109	0.106	0.107	0.108	0.108	0.115	0.104	0.103	0.103	0.103	0.108	0.108	0.105	0.105	0.104	0.1	0.101	0.1	0.101	0.101	0.102	0.099	0.101	0.101	0.104	0.105	0.105	0.128	0.124	0.124	0.108	0.11	0.108	0.104	0.105	0.105	0.106	0.105	0.104
1.0	0.136	0.162	0.146	0.137	0.128	0.129	0.142	0.135	0.135	0.148	0.161	0.158	0.126	0.134	0.139	0.156	0.152	0.144	0.142	0.158	0.16	0.128	0.133	0.139	0.154	0.145	0.141	0.137	0.128	0.129	0.144	0.136	0.133	0.148	0.148	0.151	0.152	0.156	0.165	0.149	0.148	0.151	0.153	0.149	0.135	0.137	0.128	0.129	0.169	0.146	0.139	0.149	0.162	0.152	0.18	0.175	0.16	0.15	0.152	0.154	0.165	0.168	0.146	0.147	0.174	0.189	0.152	0.148	0.141	0.15	0.145	0.149	0.145	0.152	0.147	0.151	0.145	0.146	0.148	0.164	0.139	0.142	0.154	0.151	0.148	0.15	0.14	0.145	0.141	0.147	0.142	0.155	0.17	0.137	0.128	0.129	0.156	0.155	0.155	0.156	0.154	0.125	0.14	0.158	0.157	0.144	0.149	0.147	0.14	0.142	0.144	0.151	0.14	0.143	0.17	0.15	0.154	0.151	0.157	0.147	0.135	0.146	0.159	0.152	0.155	0.157	0.137	0.128	0.129	0.137	0.128	0.129	0.13	0.14	0.14	0.137	0.152	0.145	0.131	0.139	0.143	0.131	0.15	0.136	0.125	0.122	0.12	0.117	0.124	0.124	0.137	0.128	0.129	0.117	0.117	0.119	0.132	0.141	0.138	0.152	0.142	0.124	0.14	0.141	0.131	0.132	0.145	0.147	0.146	0.165	0.134	0.146	0.165	0.134	0.133	0.143	0.15	0.139	0.153	0.15	0.139	0.154	0.148	0.14	0.147	0.151	0.143	0.146	0.141	0.148	0.124	0.122	0.161	0.137	0.135	0.161	0.161	0.134	0.148	0.15	0.147	0.134	0.136	0.143	0.138	0.141	0.139	0.152	0.142	0.143	0.14	0.147	0.151	0.139	0.131	0.122	0.124	0.144	0.143	0.189	0.181	0.164	0.205	0.184	0.167	0.175	0.17	0.164	0.176	0.177	0.169	0.161	0.156	0.163	0.17	0.165	0.158	0.166	0.189	0.192	0.18	0.161	0.157	0.187	0.187	0.19	0.195	0.19	0.171	0.154	0.173	0.164	0.168	0.171	0.161	0.166	0.189	0.192	0.145	0.157	0.14	0.161	0.149	0.13	0.166	0.189	0.192	0.101	0.1	0.099	0.135	0.127	0.128	0.166	0.189	0.192	0.135	0.147	0.142	0.136	0.137	0.139	0.146	0.142	0.147	0.131	0.139	0.132	0.139	0.151	0.146	0.19	0.181	0.166	0.19	0.179	0.171	0.135	0.138	0.138	0.128	0.13	0.132	0.132	0.139	0.139	0.159	0.146	0.149	0.141	0.145	0.143	0.159	0.161	0.166	0.165	0.167	0.167	0.15	0.147	0.147	0.149	0.15	0.15	0.143	0.145	0.147	0.16	0.15	0.15	0.15	0.148	0.151	0.133	0.132	0.132	0.165	0.163	0.158	0.173	0.171	0.172	0.145	0.147	0.14	0.131	0.134	0.135	0.131	0.133	0.131	0.134	0.136	0.136	0.133	0.133	0.143	0.15	0.149	0.144	0.152	0.139	0.129	0.155	0.146	0.143	0.161	0.147	0.134	0.133	0.125	0.124	0.116	0.114	0.117	0.126	0.132	0.137	0.142	0.137	0.139	0.138	0.14	0.144	0.139	0.141	0.137	0.138	0.135	0.144	0.157	0.142	0.131	0.149	0.17	0.132	0.135	0.143	0.156	0.136	0.137	0.139	0.146	0.143	0.141	0.139	0.151	0.157	0.137	0.152	0.133	0.156	0.154	0.125	0.137	0.134	0.133	0.132	0.131	0.132	0.144	0.132	0.131	0.134	0.133	0.132	0.133	0.137	0.134	0.135	0.134	0.134	0.117	0.124	0.124	0.133	0.129	0.13	0.126	0.121	0.115	0.135	0.13	0.134	0.119	0.12	0.111	0.134	0.135	0.138	0.112	0.115	0.111	0.131	0.127	0.134	0.14	0.147	0.151	0.134	0.131	0.129	0.125	0.122	0.12	0.136	0.124	0.121	0.141	0.139	0.139	0.123	0.123	0.118	0.131	0.128	0.128	0.12	0.118	0.122	0.126	0.126	0.124	0.125	0.123	0.12	0.114	0.115	0.113	0.129	0.13	0.129	0.121	0.118	0.111	0.128	0.133	0.139	0.123	0.122	0.118	0.112	0.114	0.108	0.122	0.122	0.121	0.126	0.125	0.124	0.128	0.121	0.119	0.13	0.126	0.123	0.125	0.121	0.113	0.124	0.119	0.114	0.113	0.13	0.133	0.127	0.129	0.121	0.103	0.103	0.102	0.103	0.104	0.104	0.101	0.105	0.105	0.125	0.123	0.12	0.122	0.116	0.118	0.132	0.138	0.133	0.125	0.123	0.12	0.12	0.117	0.121
1.17	0.141	0.151	0.157	0.137	0.134	0.133	0.146	0.141	0.138	0.149	0.176	0.16	0.129	0.155	0.148	0.159	0.145	0.144	0.155	0.157	0.158	0.134	0.131	0.131	0.151	0.137	0.145	0.137	0.134	0.133	0.145	0.141	0.137	0.16	0.149	0.168	0.164	0.156	0.148	0.143	0.142	0.148	0.149	0.149	0.157	0.137	0.134	0.133	0.153	0.153	0.149	0.158	0.168	0.163	0.189	0.183	0.163	0.155	0.151	0.158	0.172	0.177	0.149	0.153	0.158	0.164	0.156	0.156	0.156	0.155	0.154	0.16	0.166	0.148	0.154	0.148	0.145	0.151	0.16	0.166	0.14	0.159	0.151	0.155	0.153	0.156	0.146	0.156	0.15	0.152	0.146	0.175	0.172	0.137	0.134	0.133	0.157	0.167	0.164	0.162	0.163	0.145	0.149	0.152	0.148	0.147	0.156	0.148	0.139	0.157	0.152	0.166	0.157	0.171	0.163	0.158	0.159	0.158	0.162	0.159	0.148	0.151	0.148	0.145	0.154	0.152	0.137	0.134	0.133	0.137	0.134	0.133	0.139	0.146	0.132	0.143	0.144	0.148	0.134	0.145	0.131	0.137	0.174	0.154	0.13	0.129	0.126	0.126	0.13	0.127	0.137	0.134	0.133	0.148	0.139	0.14	0.139	0.165	0.164	0.159	0.158	0.128	0.134	0.141	0.133	0.135	0.161	0.164	0.151	0.161	0.14	0.151	0.161	0.14	0.136	0.172	0.159	0.156	0.159	0.154	0.159	0.158	0.156	0.153	0.157	0.151	0.153	0.152	0.15	0.155	0.14	0.145	0.169	0.139	0.14	0.142	0.157	0.136	0.156	0.157	0.144	0.148	0.147	0.145	0.157	0.159	0.14	0.154	0.149	0.135	0.153	0.157	0.151	0.142	0.142	0.136	0.129	0.136	0.137	0.219	0.22	0.177	0.196	0.201	0.178	0.192	0.195	0.2	0.194	0.189	0.19	0.192	0.181	0.185	0.192	0.191	0.178	0.182	0.222	0.215	0.201	0.174	0.172	0.203	0.201	0.203	0.207	0.185	0.208	0.179	0.2	0.193	0.198	0.181	0.182	0.182	0.222	0.215	0.15	0.176	0.142	0.152	0.142	0.134	0.182	0.222	0.215	0.101	0.1	0.099	0.151	0.137	0.137	0.182	0.222	0.215	0.135	0.14	0.136	0.153	0.167	0.15	0.17	0.169	0.146	0.144	0.154	0.144	0.148	0.146	0.145	0.198	0.195	0.181	0.193	0.199	0.192	0.142	0.15	0.159	0.217	0.189	0.183	0.214	0.204	0.193	0.153	0.154	0.157	0.177	0.168	0.164	0.207	0.207	0.213	0.178	0.178	0.176	0.16	0.156	0.155	0.156	0.155	0.155	0.158	0.147	0.143	0.17	0.16	0.159	0.153	0.15	0.153	0.147	0.141	0.141	0.185	0.155	0.162	0.19	0.187	0.191	0.161	0.161	0.16	0.138	0.14	0.144	0.138	0.137	0.138	0.147	0.147	0.147	0.148	0.137	0.134	0.161	0.163	0.162	0.164	0.139	0.146	0.184	0.178	0.176	0.16	0.168	0.138	0.131	0.129	0.127	0.142	0.118	0.157	0.128	0.144	0.129	0.147	0.144	0.149	0.144	0.142	0.15	0.141	0.143	0.157	0.149	0.139	0.139	0.146	0.152	0.137	0.14	0.149	0.144	0.15	0.149	0.15	0.153	0.15	0.156	0.147	0.144	0.144	0.145	0.178	0.15	0.139	0.145	0.138	0.162	0.163	0.145	0.155	0.137	0.143	0.143	0.14	0.14	0.143	0.139	0.141	0.145	0.142	0.143	0.141	0.142	0.136	0.136	0.134	0.136	0.126	0.13	0.127	0.132	0.131	0.137	0.133	0.145	0.137	0.157	0.152	0.155	0.138	0.141	0.135	0.136	0.133	0.139	0.139	0.14	0.136	0.137	0.13	0.134	0.153	0.157	0.151	0.138	0.134	0.131	0.147	0.142	0.13	0.14	0.129	0.126	0.148	0.146	0.144	0.129	0.132	0.124	0.13	0.129	0.13	0.135	0.124	0.126	0.128	0.127	0.129	0.116	0.117	0.115	0.116	0.118	0.117	0.129	0.119	0.125	0.124	0.118	0.114	0.134	0.131	0.131	0.121	0.123	0.118	0.112	0.114	0.11	0.121	0.121	0.121	0.123	0.124	0.124	0.119	0.118	0.12	0.123	0.131	0.121	0.122	0.117	0.116	0.126	0.128	0.119	0.116	0.122	0.121	0.121	0.121	0.114	0.11	0.112	0.11	0.114	0.121	0.119	0.115	0.123	0.122	0.116	0.117	0.115	0.121	0.117	0.119	0.132	0.128	0.13	0.116	0.117	0.115	0.119	0.116	0.119
1.33	0.148	0.17	0.192	0.139	0.136	0.133	0.154	0.151	0.144	0.178	0.179	0.194	0.135	0.141	0.138	0.189	0.188	0.182	0.154	0.184	0.188	0.14	0.134	0.133	0.17	0.167	0.168	0.139	0.136	0.133	0.158	0.154	0.146	0.192	0.185	0.188	0.184	0.184	0.163	0.181	0.17	0.151	0.163	0.171	0.157	0.139	0.136	0.133	0.161	0.164	0.159	0.172	0.188	0.177	0.22	0.208	0.175	0.165	0.162	0.168	0.192	0.197	0.187	0.163	0.169	0.173	0.163	0.16	0.159	0.163	0.165	0.168	0.152	0.165	0.169	0.163	0.16	0.166	0.17	0.158	0.155	0.156	0.166	0.162	0.166	0.169	0.157	0.153	0.156	0.16	0.149	0.159	0.157	0.139	0.136	0.133	0.16	0.169	0.165	0.156	0.155	0.151	0.169	0.161	0.154	0.168	0.172	0.162	0.146	0.153	0.178	0.174	0.169	0.172	0.165	0.16	0.164	0.16	0.165	0.162	0.162	0.152	0.156	0.149	0.153	0.151	0.139	0.136	0.133	0.139	0.136	0.133	0.142	0.174	0.145	0.149	0.197	0.186	0.141	0.133	0.129	0.144	0.205	0.188	0.141	0.132	0.136	0.132	0.14	0.139	0.139	0.136	0.133	0.183	0.186	0.14	0.143	0.146	0.149	0.155	0.15	0.13	0.138	0.141	0.138	0.141	0.158	0.166	0.157	0.156	0.147	0.157	0.156	0.147	0.141	0.165	0.148	0.156	0.164	0.156	0.163	0.16	0.152	0.156	0.149	0.15	0.161	0.149	0.148	0.157	0.143	0.144	0.158	0.148	0.142	0.149	0.149	0.144	0.153	0.161	0.164	0.145	0.143	0.144	0.15	0.149	0.143	0.148	0.147	0.143	0.156	0.149	0.15	0.148	0.142	0.142	0.137	0.132	0.132	0.218	0.228	0.185	0.221	0.214	0.204	0.215	0.212	0.225	0.205	0.209	0.212	0.192	0.199	0.208	0.199	0.206	0.198	0.206	0.226	0.224	0.228	0.214	0.18	0.213	0.211	0.209	0.216	0.213	0.194	0.192	0.209	0.201	0.214	0.201	0.218	0.206	0.226	0.224	0.176	0.195	0.149	0.148	0.147	0.141	0.206	0.226	0.224	0.101	0.1	0.099	0.144	0.156	0.154	0.206	0.226	0.224	0.139	0.144	0.144	0.181	0.174	0.16	0.205	0.183	0.157	0.178	0.17	0.152	0.159	0.16	0.157	0.206	0.215	0.193	0.202	0.238	0.198	0.16	0.196	0.224	0.257	0.254	0.266	0.22	0.231	0.218	0.162	0.16	0.163	0.166	0.165	0.161	0.216	0.221	0.206	0.223	0.225	0.224	0.199	0.233	0.234	0.231	0.221	0.217	0.159	0.156	0.149	0.231	0.21	0.208	0.221	0.202	0.202	0.161	0.156	0.154	0.178	0.182	0.188	0.181	0.183	0.18	0.149	0.15	0.151	0.148	0.15	0.154	0.149	0.148	0.149	0.161	0.163	0.162	0.163	0.144	0.143	0.185	0.186	0.187	0.186	0.151	0.145	0.199	0.2	0.194	0.191	0.181	0.141	0.144	0.134	0.132	0.183	0.178	0.184	0.133	0.136	0.144	0.154	0.151	0.163	0.153	0.149	0.164	0.152	0.158	0.178	0.147	0.146	0.149	0.157	0.174	0.145	0.153	0.16	0.152	0.157	0.158	0.157	0.156	0.154	0.158	0.156	0.155	0.152	0.153	0.156	0.186	0.145	0.15	0.138	0.156	0.155	0.151	0.152	0.147	0.15	0.15	0.145	0.146	0.152	0.146	0.15	0.152	0.147	0.15	0.15	0.147	0.145	0.147	0.143	0.146	0.132	0.14	0.139	0.14	0.137	0.136	0.123	0.131	0.137	0.153	0.158	0.163	0.134	0.133	0.133	0.148	0.14	0.155	0.138	0.145	0.134	0.158	0.15	0.157	0.156	0.149	0.15	0.152	0.146	0.141	0.152	0.152	0.148	0.162	0.133	0.133	0.147	0.148	0.15	0.154	0.134	0.129	0.14	0.14	0.141	0.154	0.156	0.13	0.144	0.143	0.15	0.117	0.119	0.124	0.122	0.12	0.118	0.117	0.121	0.122	0.131	0.12	0.117	0.14	0.134	0.133	0.129	0.13	0.12	0.113	0.115	0.114	0.13	0.13	0.128	0.126	0.126	0.13	0.121	0.129	0.124	0.124	0.133	0.121	0.124	0.123	0.12	0.122	0.128	0.118	0.119	0.128	0.128	0.123	0.125	0.115	0.117	0.112	0.108	0.11	0.12	0.122	0.114	0.121	0.118	0.117	0.119	0.124	0.135	0.159	0.147	0.123	0.124	0.122	0.117	0.119	0.124	0.122	0.12	0.121
1.5	0.159	0.207	0.192	0.151	0.145	0.144	0.206	0.168	0.158	0.195	0.219	0.217	0.167	0.161	0.165	0.198	0.192	0.163	0.203	0.206	0.205	0.158	0.17	0.162	0.184	0.174	0.183	0.151	0.145	0.144	0.206	0.17	0.159	0.2	0.208	0.209	0.204	0.199	0.159	0.188	0.187	0.194	0.19	0.186	0.161	0.151	0.145	0.144	0.196	0.184	0.167	0.22	0.22	0.206	0.281	0.265	0.193	0.188	0.185	0.188	0.253	0.234	0.189	0.169	0.224	0.223	0.233	0.211	0.202	0.204	0.177	0.178	0.188	0.183	0.194	0.186	0.181	0.184	0.198	0.183	0.165	0.184	0.192	0.183	0.19	0.185	0.173	0.179	0.178	0.172	0.161	0.185	0.179	0.151	0.145	0.144	0.196	0.178	0.183	0.178	0.172	0.156	0.185	0.165	0.182	0.191	0.182	0.184	0.159	0.191	0.195	0.188	0.184	0.189	0.178	0.183	0.169	0.165	0.171	0.168	0.17	0.159	0.16	0.154	0.158	0.156	0.151	0.145	0.144	0.151	0.145	0.144	0.154	0.185	0.196	0.163	0.187	0.191	0.168	0.163	0.181	0.162	0.19	0.189	0.15	0.138	0.147	0.137	0.147	0.149	0.151	0.145	0.144	0.181	0.194	0.177	0.15	0.151	0.162	0.175	0.167	0.138	0.14	0.17	0.145	0.153	0.165	0.174	0.163	0.159	0.155	0.163	0.159	0.155	0.15	0.161	0.168	0.169	0.169	0.16	0.158	0.164	0.157	0.168	0.172	0.18	0.166	0.156	0.154	0.161	0.15	0.151	0.168	0.173	0.149	0.153	0.164	0.159	0.157	0.163	0.167	0.152	0.15	0.15	0.156	0.155	0.152	0.155	0.153	0.154	0.168	0.172	0.18	0.169	0.153	0.155	0.156	0.135	0.135	0.228	0.224	0.205	0.244	0.24	0.221	0.228	0.229	0.213	0.251	0.25	0.216	0.205	0.216	0.214	0.214	0.22	0.213	0.26	0.275	0.282	0.237	0.224	0.194	0.248	0.236	0.236	0.238	0.229	0.207	0.201	0.222	0.223	0.23	0.219	0.208	0.26	0.275	0.282	0.192	0.191	0.166	0.171	0.165	0.151	0.26	0.275	0.282	0.101	0.1	0.099	0.159	0.161	0.168	0.26	0.275	0.282	0.158	0.163	0.164	0.188	0.189	0.168	0.213	0.21	0.172	0.182	0.184	0.166	0.166	0.169	0.167	0.234	0.234	0.22	0.212	0.267	0.223	0.173	0.241	0.223	0.264	0.279	0.252	0.235	0.221	0.235	0.185	0.184	0.193	0.205	0.213	0.202	0.236	0.251	0.231	0.225	0.227	0.229	0.293	0.258	0.301	0.238	0.255	0.211	0.183	0.172	0.16	0.216	0.223	0.219	0.255	0.209	0.213	0.181	0.17	0.167	0.188	0.193	0.191	0.197	0.195	0.201	0.159	0.16	0.162	0.154	0.155	0.159	0.154	0.153	0.156	0.174	0.176	0.175	0.175	0.164	0.164	0.204	0.204	0.199	0.184	0.157	0.154	0.197	0.205	0.209	0.197	0.189	0.159	0.153	0.143	0.145	0.207	0.189	0.218	0.14	0.167	0.16	0.174	0.179	0.185	0.168	0.173	0.178	0.172	0.177	0.172	0.161	0.158	0.158	0.169	0.176	0.153	0.161	0.169	0.16	0.166	0.173	0.171	0.162	0.165	0.162	0.171	0.179	0.171	0.162	0.185	0.217	0.153	0.153	0.146	0.178	0.172	0.156	0.176	0.157	0.157	0.155	0.15	0.151	0.168	0.153	0.157	0.157	0.152	0.155	0.163	0.152	0.154	0.156	0.151	0.153	0.137	0.147	0.149	0.142	0.141	0.139	0.132	0.138	0.14	0.159	0.154	0.157	0.129	0.139	0.135	0.157	0.151	0.161	0.125	0.131	0.138	0.164	0.154	0.162	0.168	0.172	0.18	0.159	0.155	0.149	0.16	0.159	0.151	0.16	0.139	0.134	0.153	0.15	0.149	0.155	0.146	0.133	0.154	0.152	0.152	0.157	0.152	0.133	0.154	0.153	0.157	0.13	0.131	0.139	0.128	0.124	0.122	0.122	0.122	0.122	0.14	0.126	0.122	0.158	0.17	0.162	0.13	0.14	0.123	0.114	0.118	0.12	0.14	0.14	0.138	0.129	0.128	0.128	0.126	0.131	0.128	0.127	0.138	0.123	0.128	0.126	0.126	0.124	0.135	0.12	0.124	0.134	0.136	0.132	0.13	0.117	0.122	0.114	0.112	0.115	0.124	0.13	0.116	0.13	0.13	0.13	0.131	0.139	0.181	0.174	0.173	0.141	0.145	0.142	0.13	0.131	0.139	0.125	0.125	0.124
1.67	0.17	0.202	0.197	0.163	0.16	0.194	0.207	0.211	0.169	0.194	0.259	0.262	0.196	0.182	0.185	0.214	0.209	0.178	0.199	0.254	0.26	0.19	0.19	0.183	0.199	0.185	0.194	0.163	0.16	0.194	0.206	0.215	0.171	0.272	0.296	0.274	0.292	0.273	0.176	0.23	0.234	0.222	0.212	0.205	0.178	0.163	0.16	0.194	0.241	0.193	0.175	0.264	0.236	0.269	0.279	0.311	0.2	0.228	0.205	0.212	0.269	0.282	0.221	0.175	0.227	0.218	0.234	0.24	0.225	0.244	0.203	0.185	0.219	0.193	0.231	0.232	0.203	0.209	0.205	0.201	0.167	0.238	0.222	0.205	0.252	0.203	0.195	0.195	0.197	0.215	0.2	0.193	0.194	0.163	0.16	0.194	0.193	0.198	0.198	0.197	0.188	0.157	0.193	0.189	0.191	0.205	0.199	0.21	0.17	0.203	0.196	0.187	0.193	0.198	0.196	0.201	0.202	0.194	0.202	0.196	0.186	0.19	0.193	0.185	0.189	0.188	0.163	0.16	0.194	0.163	0.16	0.194	0.17	0.197	0.189	0.188	0.193	0.195	0.212	0.174	0.164	0.199	0.193	0.201	0.148	0.151	0.141	0.145	0.153	0.155	0.163	0.16	0.194	0.181	0.181	0.178	0.156	0.191	0.172	0.193	0.174	0.148	0.16	0.175	0.155	0.161	0.177	0.207	0.173	0.198	0.165	0.173	0.198	0.165	0.164	0.186	0.188	0.183	0.178	0.17	0.189	0.171	0.167	0.18	0.19	0.19	0.177	0.166	0.164	0.169	0.159	0.159	0.193	0.175	0.155	0.162	0.17	0.189	0.164	0.167	0.174	0.162	0.158	0.16	0.165	0.165	0.162	0.164	0.162	0.165	0.18	0.19	0.19	0.172	0.162	0.182	0.164	0.144	0.142	0.306	0.255	0.247	0.314	0.306	0.228	0.297	0.29	0.226	0.278	0.288	0.255	0.217	0.263	0.227	0.27	0.282	0.239	0.259	0.301	0.292	0.222	0.222	0.206	0.27	0.265	0.261	0.303	0.277	0.216	0.229	0.283	0.256	0.302	0.263	0.223	0.259	0.301	0.292	0.208	0.202	0.206	0.186	0.179	0.159	0.259	0.301	0.292	0.101	0.1	0.099	0.172	0.176	0.177	0.259	0.301	0.292	0.166	0.176	0.177	0.2	0.194	0.177	0.224	0.213	0.187	0.227	0.19	0.18	0.177	0.18	0.193	0.248	0.283	0.241	0.231	0.261	0.255	0.185	0.241	0.227	0.272	0.298	0.27	0.235	0.266	0.282	0.196	0.2	0.212	0.213	0.218	0.204	0.249	0.265	0.25	0.238	0.247	0.244	0.244	0.274	0.295	0.256	0.244	0.235	0.205	0.188	0.171	0.255	0.228	0.253	0.216	0.265	0.242	0.215	0.193	0.179	0.232	0.212	0.223	0.214	0.208	0.207	0.161	0.163	0.162	0.161	0.163	0.166	0.162	0.161	0.164	0.184	0.185	0.184	0.184	0.183	0.177	0.214	0.214	0.213	0.203	0.172	0.172	0.231	0.229	0.23	0.231	0.198	0.177	0.163	0.154	0.158	0.197	0.232	0.2	0.155	0.168	0.177	0.224	0.2	0.203	0.187	0.191	0.196	0.191	0.206	0.2	0.181	0.166	0.164	0.191	0.182	0.163	0.188	0.184	0.173	0.205	0.225	0.231	0.185	0.188	0.179	0.189	0.197	0.202	0.174	0.231	0.224	0.162	0.162	0.186	0.197	0.188	0.157	0.181	0.165	0.166	0.161	0.157	0.158	0.179	0.161	0.165	0.163	0.159	0.162	0.18	0.16	0.163	0.164	0.157	0.16	0.145	0.153	0.155	0.151	0.146	0.146	0.135	0.138	0.148	0.168	0.165	0.168	0.139	0.14	0.146	0.164	0.156	0.168	0.14	0.14	0.155	0.173	0.161	0.169	0.18	0.19	0.19	0.168	0.163	0.155	0.168	0.166	0.157	0.16	0.152	0.141	0.163	0.164	0.162	0.158	0.145	0.144	0.16	0.157	0.159	0.161	0.152	0.145	0.16	0.16	0.164	0.148	0.149	0.163	0.136	0.131	0.127	0.141	0.137	0.135	0.149	0.135	0.128	0.19	0.19	0.183	0.135	0.148	0.128	0.12	0.124	0.116	0.137	0.14	0.142	0.134	0.132	0.132	0.132	0.136	0.134	0.129	0.134	0.13	0.133	0.132	0.131	0.128	0.135	0.123	0.13	0.149	0.15	0.139	0.144	0.12	0.125	0.12	0.118	0.121	0.129	0.144	0.121	0.145	0.127	0.148	0.149	0.163	0.189	0.18	0.183	0.147	0.154	0.15	0.148	0.149	0.163	0.131	0.13	0.13
1.83	0.21	0.207	0.209	0.172	0.216	0.21	0.203	0.21	0.183	0.199	0.266	0.272	0.189	0.226	0.225	0.234	0.228	0.191	0.197	0.27	0.269	0.188	0.241	0.241	0.277	0.206	0.197	0.172	0.216	0.21	0.206	0.214	0.185	0.274	0.287	0.27	0.286	0.273	0.198	0.259	0.256	0.276	0.276	0.27	0.199	0.172	0.216	0.21	0.226	0.236	0.187	0.268	0.237	0.22	0.281	0.276	0.209	0.269	0.233	0.242	0.279	0.277	0.212	0.194	0.218	0.217	0.222	0.225	0.217	0.235	0.237	0.196	0.212	0.196	0.218	0.271	0.272	0.247	0.198	0.204	0.159	0.224	0.248	0.254	0.278	0.272	0.227	0.206	0.209	0.222	0.223	0.222	0.243	0.172	0.216	0.21	0.198	0.226	0.212	0.213	0.202	0.183	0.198	0.204	0.204	0.253	0.211	0.22	0.204	0.204	0.204	0.197	0.202	0.205	0.21	0.215	0.22	0.21	0.219	0.213	0.194	0.203	0.206	0.199	0.203	0.202	0.172	0.216	0.21	0.172	0.216	0.21	0.206	0.198	0.197	0.222	0.198	0.191	0.2	0.185	0.18	0.239	0.201	0.215	0.159	0.152	0.154	0.219	0.161	0.158	0.172	0.216	0.21	0.181	0.19	0.173	0.167	0.184	0.181	0.196	0.181	0.162	0.167	0.176	0.163	0.168	0.188	0.191	0.211	0.213	0.186	0.211	0.213	0.186	0.188	0.2	0.196	0.189	0.191	0.181	0.186	0.18	0.18	0.198	0.2	0.197	0.192	0.177	0.174	0.179	0.17	0.169	0.191	0.191	0.176	0.175	0.176	0.189	0.172	0.174	0.186	0.176	0.171	0.173	0.178	0.177	0.176	0.176	0.174	0.176	0.198	0.2	0.197	0.19	0.171	0.204	0.179	0.153	0.15	0.3	0.291	0.243	0.313	0.298	0.266	0.296	0.295	0.273	0.281	0.29	0.277	0.243	0.26	0.236	0.276	0.288	0.278	0.295	0.311	0.304	0.256	0.262	0.222	0.274	0.263	0.261	0.3	0.296	0.253	0.229	0.285	0.259	0.298	0.27	0.281	0.295	0.311	0.304	0.249	0.221	0.207	0.197	0.187	0.172	0.295	0.311	0.304	0.101	0.1	0.099	0.183	0.18	0.184	0.295	0.311	0.304	0.174	0.181	0.182	0.211	0.208	0.239	0.264	0.242	0.227	0.209	0.233	0.207	0.186	0.203	0.239	0.263	0.25	0.264	0.256	0.269	0.298	0.2	0.241	0.238	0.254	0.311	0.285	0.242	0.283	0.287	0.228	0.223	0.232	0.247	0.243	0.237	0.245	0.27	0.248	0.255	0.264	0.29	0.273	0.275	0.272	0.259	0.29	0.259	0.234	0.223	0.184	0.263	0.252	0.26	0.277	0.251	0.235	0.232	0.227	0.211	0.261	0.226	0.225	0.231	0.218	0.219	0.171	0.173	0.172	0.172	0.172	0.176	0.172	0.171	0.174	0.192	0.192	0.193	0.193	0.193	0.188	0.229	0.232	0.226	0.218	0.238	0.181	0.233	0.243	0.235	0.232	0.223	0.188	0.172	0.164	0.17	0.26	0.22	0.261	0.168	0.177	0.204	0.235	0.245	0.237	0.24	0.234	0.22	0.236	0.233	0.23	0.235	0.199	0.175	0.222	0.198	0.201	0.222	0.219	0.192	0.288	0.252	0.236	0.237	0.239	0.228	0.281	0.277	0.28	0.194	0.236	0.231	0.192	0.187	0.184	0.213	0.202	0.183	0.197	0.175	0.175	0.17	0.167	0.169	0.194	0.173	0.175	0.172	0.169	0.173	0.194	0.191	0.187	0.18	0.189	0.173	0.219	0.161	0.158	0.158	0.163	0.155	0.142	0.145	0.167	0.178	0.172	0.176	0.142	0.141	0.16	0.172	0.164	0.177	0.139	0.151	0.165	0.182	0.168	0.176	0.198	0.2	0.197	0.178	0.174	0.165	0.179	0.176	0.167	0.173	0.191	0.15	0.171	0.17	0.168	0.166	0.156	0.148	0.166	0.163	0.164	0.168	0.159	0.176	0.167	0.166	0.17	0.16	0.156	0.15	0.144	0.139	0.136	0.144	0.15	0.15	0.144	0.146	0.135	0.188	0.241	0.241	0.149	0.142	0.135	0.127	0.128	0.131	0.148	0.147	0.147	0.143	0.145	0.145	0.138	0.148	0.152	0.146	0.153	0.142	0.139	0.143	0.158	0.144	0.145	0.15	0.134	0.153	0.156	0.145	0.145	0.127	0.128	0.125	0.124	0.126	0.146	0.141	0.126	0.143	0.144	0.16	0.156	0.15	0.192	0.186	0.189	0.157	0.165	0.16	0.16	0.156	0.15	0.137	0.138	0.137
2.0	0.239	0.262	0.287	0.181	0.215	0.198	0.22	0.213	0.201	0.229	0.28	0.269	0.19	0.201	0.201	0.213	0.218	0.202	0.233	0.277	0.27	0.205	0.237	0.241	0.271	0.241	0.199	0.181	0.215	0.198	0.246	0.219	0.206	0.272	0.278	0.27	0.269	0.268	0.206	0.258	0.27	0.27	0.271	0.265	0.209	0.181	0.215	0.198	0.226	0.224	0.204	0.261	0.224	0.195	0.273	0.299	0.225	0.271	0.219	0.221	0.291	0.288	0.222	0.243	0.26	0.248	0.24	0.23	0.238	0.228	0.228	0.206	0.169	0.174	0.212	0.267	0.278	0.247	0.198	0.184	0.151	0.207	0.22	0.229	0.279	0.289	0.249	0.201	0.193	0.196	0.229	0.25	0.252	0.181	0.215	0.198	0.234	0.273	0.258	0.241	0.238	0.191	0.256	0.25	0.243	0.289	0.246	0.228	0.22	0.277	0.285	0.268	0.244	0.254	0.263	0.251	0.253	0.246	0.252	0.247	0.241	0.25	0.251	0.243	0.248	0.245	0.181	0.215	0.198	0.181	0.215	0.198	0.202	0.208	0.204	0.236	0.208	0.235	0.194	0.232	0.212	0.229	0.243	0.264	0.19	0.165	0.177	0.199	0.173	0.173	0.181	0.215	0.198	0.155	0.153	0.153	0.184	0.183	0.179	0.203	0.189	0.195	0.179	0.186	0.199	0.181	0.205	0.211	0.229	0.229	0.201	0.229	0.229	0.201	0.21	0.217	0.214	0.202	0.208	0.196	0.205	0.195	0.194	0.214	0.216	0.214	0.208	0.191	0.185	0.191	0.186	0.183	0.214	0.207	0.202	0.188	0.189	0.2	0.185	0.185	0.198	0.195	0.189	0.19	0.194	0.192	0.194	0.192	0.19	0.192	0.214	0.216	0.214	0.185	0.181	0.192	0.188	0.163	0.16	0.328	0.311	0.29	0.37	0.322	0.305	0.312	0.336	0.302	0.352	0.351	0.301	0.256	0.274	0.25	0.286	0.339	0.288	0.321	0.371	0.358	0.266	0.257	0.243	0.336	0.329	0.32	0.319	0.313	0.275	0.272	0.31	0.279	0.309	0.297	0.291	0.321	0.371	0.358	0.291	0.244	0.22	0.236	0.239	0.201	0.321	0.371	0.358	0.101	0.1	0.099	0.198	0.194	0.196	0.321	0.371	0.358	0.181	0.196	0.196	0.252	0.225	0.223	0.292	0.283	0.218	0.241	0.217	0.22	0.194	0.263	0.259	0.282	0.28	0.299	0.28	0.29	0.322	0.215	0.255	0.256	0.287	0.344	0.311	0.259	0.301	0.305	0.226	0.256	0.262	0.246	0.252	0.253	0.3	0.259	0.274	0.275	0.262	0.314	0.248	0.292	0.282	0.29	0.333	0.242	0.25	0.238	0.213	0.285	0.273	0.269	0.281	0.298	0.267	0.268	0.246	0.261	0.253	0.237	0.242	0.247	0.26	0.272	0.186	0.187	0.185	0.184	0.185	0.189	0.185	0.183	0.186	0.201	0.201	0.202	0.202	0.206	0.199	0.244	0.245	0.238	0.233	0.234	0.196	0.246	0.248	0.241	0.249	0.238	0.196	0.191	0.175	0.191	0.22	0.231	0.233	0.174	0.195	0.218	0.276	0.276	0.237	0.27	0.244	0.227	0.282	0.254	0.241	0.25	0.206	0.194	0.265	0.236	0.212	0.3	0.295	0.225	0.269	0.274	0.265	0.265	0.238	0.264	0.298	0.288	0.271	0.227	0.24	0.245	0.211	0.209	0.199	0.241	0.238	0.191	0.211	0.207	0.205	0.204	0.202	0.202	0.206	0.205	0.208	0.205	0.203	0.204	0.205	0.209	0.208	0.209	0.208	0.207	0.199	0.173	0.173	0.165	0.189	0.172	0.153	0.155	0.175	0.187	0.181	0.183	0.151	0.149	0.171	0.184	0.175	0.188	0.148	0.15	0.164	0.194	0.18	0.187	0.214	0.216	0.214	0.193	0.187	0.178	0.194	0.19	0.179	0.191	0.191	0.173	0.18	0.179	0.179	0.178	0.17	0.164	0.177	0.173	0.174	0.179	0.17	0.171	0.178	0.176	0.179	0.163	0.16	0.161	0.16	0.15	0.143	0.152	0.161	0.16	0.159	0.173	0.143	0.205	0.237	0.241	0.161	0.156	0.145	0.136	0.138	0.141	0.159	0.158	0.154	0.159	0.158	0.156	0.146	0.16	0.166	0.16	0.16	0.145	0.15	0.153	0.173	0.153	0.153	0.146	0.141	0.175	0.158	0.154	0.153	0.138	0.135	0.13	0.129	0.132	0.149	0.149	0.133	0.146	0.147	0.163	0.16	0.161	0.2	0.193	0.189	0.171	0.177	0.172	0.163	0.16	0.161	0.148	0.144	0.144
2.17	0.232	0.261	0.267	0.196	0.209	0.207	0.292	0.247	0.226	0.256	0.332	0.305	0.189	0.202	0.206	0.199	0.2	0.186	0.278	0.315	0.302	0.215	0.256	0.252	0.241	0.218	0.208	0.196	0.209	0.207	0.298	0.288	0.236	0.284	0.307	0.292	0.284	0.283	0.225	0.274	0.281	0.277	0.282	0.278	0.248	0.196	0.209	0.207	0.278	0.252	0.245	0.266	0.202	0.17	0.319	0.302	0.262	0.28	0.207	0.202	0.303	0.307	0.262	0.251	0.297	0.241	0.29	0.285	0.285	0.272	0.241	0.231	0.175	0.155	0.19	0.242	0.264	0.244	0.155	0.162	0.139	0.196	0.203	0.223	0.297	0.295	0.26	0.191	0.188	0.194	0.248	0.267	0.272	0.196	0.209	0.207	0.22	0.258	0.249	0.251	0.242	0.204	0.241	0.265	0.242	0.295	0.279	0.25	0.232	0.279	0.273	0.263	0.266	0.261	0.233	0.311	0.313	0.303	0.306	0.301	0.279	0.312	0.313	0.307	0.308	0.293	0.196	0.209	0.207	0.196	0.209	0.207	0.226	0.215	0.215	0.225	0.277	0.272	0.199	0.222	0.218	0.219	0.272	0.281	0.187	0.193	0.174	0.182	0.198	0.171	0.196	0.209	0.207	0.151	0.157	0.152	0.19	0.195	0.19	0.207	0.199	0.191	0.188	0.195	0.196	0.208	0.222	0.223	0.274	0.285	0.222	0.274	0.285	0.222	0.222	0.233	0.231	0.219	0.229	0.216	0.224	0.214	0.211	0.237	0.229	0.228	0.232	0.209	0.205	0.209	0.207	0.204	0.232	0.228	0.216	0.205	0.21	0.209	0.203	0.203	0.218	0.215	0.212	0.213	0.214	0.213	0.215	0.211	0.21	0.214	0.237	0.229	0.228	0.197	0.196	0.202	0.189	0.177	0.173	0.368	0.383	0.313	0.383	0.35	0.319	0.377	0.342	0.365	0.363	0.36	0.363	0.313	0.321	0.264	0.333	0.373	0.341	0.362	0.407	0.481	0.283	0.27	0.259	0.334	0.328	0.315	0.341	0.353	0.287	0.354	0.358	0.326	0.368	0.325	0.353	0.362	0.407	0.481	0.294	0.274	0.243	0.244	0.243	0.211	0.362	0.407	0.481	0.101	0.1	0.099	0.214	0.208	0.213	0.362	0.407	0.481	0.189	0.211	0.211	0.305	0.287	0.235	0.294	0.295	0.227	0.288	0.282	0.226	0.204	0.267	0.247	0.321	0.318	0.316	0.321	0.342	0.32	0.231	0.272	0.273	0.285	0.362	0.354	0.268	0.375	0.312	0.263	0.277	0.274	0.26	0.266	0.262	0.307	0.347	0.315	0.272	0.3	0.302	0.31	0.28	0.309	0.268	0.3	0.282	0.268	0.262	0.237	0.297	0.285	0.298	0.304	0.295	0.307	0.257	0.27	0.274	0.246	0.293	0.286	0.313	0.296	0.272	0.204	0.205	0.203	0.199	0.199	0.204	0.2	0.198	0.201	0.223	0.215	0.212	0.211	0.217	0.209	0.251	0.251	0.241	0.24	0.233	0.2	0.25	0.237	0.251	0.26	0.251	0.212	0.198	0.203	0.204	0.255	0.25	0.296	0.194	0.208	0.211	0.293	0.285	0.287	0.284	0.285	0.247	0.286	0.289	0.274	0.239	0.242	0.23	0.323	0.292	0.231	0.304	0.306	0.234	0.265	0.303	0.29	0.265	0.273	0.27	0.295	0.306	0.292	0.269	0.306	0.282	0.236	0.23	0.198	0.251	0.242	0.204	0.225	0.237	0.228	0.227	0.225	0.225	0.221	0.24	0.23	0.228	0.225	0.225	0.219	0.228	0.229	0.232	0.226	0.228	0.182	0.198	0.171	0.181	0.191	0.192	0.167	0.17	0.188	0.203	0.195	0.197	0.163	0.16	0.176	0.201	0.191	0.203	0.159	0.161	0.175	0.21	0.194	0.201	0.237	0.229	0.228	0.211	0.204	0.194	0.212	0.207	0.196	0.207	0.189	0.202	0.195	0.194	0.192	0.194	0.187	0.185	0.192	0.188	0.188	0.194	0.184	0.188	0.193	0.19	0.192	0.172	0.172	0.177	0.185	0.175	0.153	0.161	0.172	0.168	0.171	0.168	0.154	0.215	0.256	0.252	0.174	0.167	0.18	0.157	0.155	0.148	0.168	0.165	0.165	0.166	0.167	0.166	0.161	0.172	0.178	0.17	0.168	0.166	0.167	0.168	0.178	0.164	0.16	0.178	0.165	0.169	0.166	0.165	0.162	0.158	0.142	0.136	0.137	0.142	0.152	0.15	0.142	0.147	0.155	0.172	0.172	0.177	0.205	0.197	0.19	0.182	0.186	0.182	0.172	0.172	0.177	0.155	0.149	0.149
2.33	0.287	0.294	0.305	0.23	0.235	0.244	0.283	0.285	0.236	0.283	0.341	0.347	0.164	0.188	0.186	0.161	0.177	0.187	0.277	0.353	0.317	0.203	0.273	0.303	0.233	0.212	0.206	0.23	0.235	0.244	0.301	0.293	0.253	0.311	0.312	0.31	0.298	0.299	0.237	0.313	0.302	0.307	0.305	0.302	0.283	0.23	0.235	0.244	0.294	0.289	0.253	0.313	0.171	0.138	0.346	0.333	0.288	0.286	0.18	0.178	0.371	0.337	0.287	0.257	0.301	0.278	0.297	0.284	0.287	0.268	0.281	0.254	0.148	0.143	0.158	0.258	0.302	0.25	0.139	0.144	0.135	0.2	0.169	0.205	0.338	0.314	0.291	0.156	0.188	0.173	0.277	0.337	0.318	0.23	0.235	0.244	0.216	0.181	0.254	0.318	0.307	0.216	0.247	0.263	0.247	0.344	0.319	0.309	0.275	0.308	0.314	0.297	0.292	0.296	0.253	0.317	0.306	0.314	0.325	0.319	0.274	0.328	0.327	0.327	0.345	0.331	0.23	0.235	0.244	0.23	0.235	0.244	0.217	0.225	0.226	0.225	0.226	0.231	0.216	0.231	0.213	0.22	0.279	0.263	0.21	0.219	0.207	0.181	0.199	0.18	0.23	0.235	0.244	0.153	0.158	0.159	0.206	0.213	0.209	0.215	0.207	0.205	0.202	0.205	0.204	0.213	0.233	0.235	0.356	0.359	0.311	0.356	0.359	0.311	0.242	0.29	0.301	0.236	0.287	0.256	0.275	0.29	0.276	0.267	0.289	0.3	0.253	0.266	0.25	0.235	0.263	0.255	0.297	0.252	0.233	0.232	0.237	0.232	0.227	0.229	0.239	0.284	0.276	0.248	0.279	0.274	0.278	0.265	0.259	0.294	0.267	0.289	0.3	0.213	0.215	0.219	0.198	0.196	0.191	0.45	0.489	0.395	0.399	0.419	0.384	0.434	0.446	0.378	0.425	0.463	0.391	0.318	0.324	0.265	0.384	0.398	0.379	0.444	0.555	0.457	0.291	0.286	0.26	0.413	0.413	0.397	0.429	0.395	0.358	0.387	0.407	0.378	0.46	0.468	0.37	0.444	0.555	0.457	0.344	0.299	0.286	0.313	0.286	0.241	0.444	0.555	0.457	0.101	0.1	0.099	0.229	0.219	0.229	0.444	0.555	0.457	0.197	0.246	0.249	0.304	0.304	0.251	0.305	0.308	0.25	0.29	0.296	0.263	0.234	0.254	0.253	0.357	0.35	0.34	0.356	0.378	0.359	0.249	0.283	0.287	0.322	0.35	0.362	0.278	0.361	0.359	0.269	0.281	0.281	0.278	0.283	0.283	0.354	0.35	0.354	0.348	0.317	0.351	0.343	0.314	0.312	0.314	0.344	0.319	0.278	0.267	0.263	0.339	0.353	0.288	0.328	0.316	0.339	0.269	0.268	0.271	0.347	0.323	0.325	0.296	0.275	0.282	0.227	0.229	0.226	0.217	0.216	0.223	0.219	0.217	0.219	0.27	0.239	0.238	0.225	0.227	0.218	0.255	0.248	0.251	0.249	0.246	0.254	0.292	0.286	0.279	0.279	0.256	0.267	0.2	0.225	0.231	0.266	0.31	0.272	0.238	0.246	0.248	0.351	0.318	0.308	0.26	0.261	0.253	0.292	0.297	0.302	0.307	0.277	0.263	0.288	0.258	0.256	0.292	0.305	0.254	0.336	0.315	0.341	0.253	0.256	0.253	0.299	0.31	0.313	0.265	0.352	0.342	0.317	0.303	0.232	0.318	0.307	0.216	0.277	0.312	0.308	0.315	0.308	0.298	0.262	0.31	0.309	0.299	0.303	0.292	0.235	0.305	0.314	0.314	0.314	0.314	0.181	0.199	0.18	0.195	0.194	0.204	0.185	0.185	0.199	0.224	0.215	0.217	0.178	0.174	0.188	0.222	0.21	0.221	0.173	0.181	0.185	0.23	0.214	0.22	0.267	0.289	0.3	0.255	0.228	0.217	0.259	0.256	0.217	0.227	0.205	0.206	0.254	0.24	0.23	0.213	0.206	0.187	0.211	0.206	0.205	0.213	0.202	0.198	0.211	0.208	0.209	0.191	0.19	0.189	0.182	0.192	0.165	0.17	0.182	0.178	0.18	0.182	0.192	0.203	0.273	0.303	0.191	0.18	0.18	0.192	0.193	0.181	0.177	0.176	0.173	0.179	0.179	0.177	0.176	0.184	0.189	0.182	0.181	0.189	0.176	0.179	0.191	0.176	0.172	0.176	0.169	0.177	0.176	0.176	0.167	0.181	0.148	0.151	0.168	0.166	0.154	0.157	0.15	0.158	0.164	0.191	0.19	0.189	0.201	0.194	0.192	0.192	0.193	0.186	0.191	0.19	0.189	0.161	0.157	0.159
2.5	0.286	0.34	0.319	0.244	0.274	0.261	0.353	0.304	0.297	0.307	0.363	0.362	0.147	0.144	0.15	0.143	0.154	0.164	0.31	0.375	0.393	0.194	0.207	0.284	0.222	0.209	0.201	0.244	0.274	0.261	0.355	0.334	0.31	0.328	0.385	0.364	0.324	0.316	0.247	0.359	0.35	0.343	0.347	0.365	0.291	0.244	0.274	0.261	0.334	0.313	0.277	0.284	0.157	0.137	0.356	0.362	0.268	0.338	0.148	0.16	0.381	0.398	0.297	0.29	0.374	0.326	0.36	0.342	0.363	0.331	0.298	0.275	0.132	0.131	0.148	0.257	0.268	0.261	0.134	0.14	0.119	0.166	0.145	0.169	0.352	0.342	0.288	0.145	0.15	0.154	0.312	0.352	0.414	0.244	0.274	0.261	0.197	0.15	0.194	0.35	0.355	0.245	0.228	0.249	0.249	0.398	0.375	0.337	0.295	0.322	0.334	0.322	0.329	0.324	0.251	0.322	0.346	0.326	0.333	0.328	0.334	0.344	0.381	0.364	0.361	0.373	0.244	0.274	0.261	0.244	0.274	0.261	0.234	0.241	0.241	0.228	0.229	0.23	0.238	0.297	0.306	0.239	0.265	0.27	0.211	0.217	0.224	0.185	0.193	0.191	0.244	0.274	0.261	0.158	0.157	0.163	0.227	0.239	0.235	0.229	0.215	0.218	0.222	0.227	0.215	0.232	0.253	0.301	0.436	0.385	0.44	0.436	0.385	0.44	0.28	0.371	0.384	0.298	0.364	0.352	0.332	0.364	0.383	0.352	0.392	0.39	0.347	0.366	0.367	0.313	0.322	0.316	0.347	0.36	0.283	0.34	0.325	0.308	0.364	0.317	0.361	0.352	0.385	0.385	0.372	0.345	0.396	0.37	0.328	0.381	0.352	0.392	0.39	0.234	0.236	0.24	0.232	0.293	0.248	0.479	0.48	0.473	0.468	0.504	0.425	0.491	0.479	0.452	0.501	0.505	0.436	0.324	0.329	0.278	0.435	0.447	0.382	0.513	0.514	0.541	0.292	0.291	0.27	0.468	0.461	0.464	0.45	0.436	0.382	0.425	0.489	0.439	0.486	0.49	0.426	0.513	0.514	0.541	0.353	0.36	0.338	0.316	0.312	0.279	0.513	0.514	0.541	0.102	0.1	0.099	0.247	0.233	0.247	0.513	0.514	0.541	0.208	0.254	0.257	0.307	0.311	0.309	0.373	0.357	0.311	0.283	0.304	0.306	0.281	0.317	0.358	0.385	0.379	0.363	0.383	0.395	0.387	0.266	0.312	0.329	0.314	0.359	0.36	0.304	0.373	0.373	0.288	0.293	0.296	0.291	0.295	0.294	0.369	0.35	0.361	0.34	0.364	0.34	0.372	0.354	0.358	0.344	0.348	0.338	0.295	0.285	0.266	0.342	0.361	0.354	0.329	0.342	0.358	0.278	0.28	0.28	0.307	0.316	0.328	0.365	0.315	0.332	0.256	0.256	0.253	0.239	0.238	0.246	0.243	0.241	0.243	0.3	0.295	0.279	0.254	0.239	0.228	0.263	0.264	0.264	0.261	0.254	0.26	0.341	0.312	0.342	0.31	0.276	0.285	0.208	0.251	0.23	0.282	0.315	0.291	0.251	0.309	0.246	0.355	0.378	0.34	0.262	0.26	0.251	0.342	0.347	0.3	0.332	0.321	0.276	0.269	0.265	0.266	0.357	0.317	0.326	0.355	0.383	0.355	0.258	0.258	0.257	0.323	0.321	0.35	0.328	0.355	0.351	0.358	0.371	0.327	0.35	0.355	0.245	0.335	0.37	0.379	0.346	0.35	0.346	0.328	0.375	0.408	0.364	0.403	0.379	0.326	0.384	0.398	0.35	0.352	0.378	0.185	0.193	0.191	0.211	0.208	0.218	0.244	0.268	0.214	0.299	0.28	0.286	0.199	0.196	0.199	0.299	0.268	0.248	0.199	0.196	0.196	0.36	0.305	0.272	0.352	0.392	0.39	0.321	0.317	0.327	0.328	0.321	0.316	0.317	0.265	0.225	0.352	0.336	0.338	0.308	0.296	0.201	0.346	0.32	0.309	0.316	0.296	0.22	0.332	0.313	0.301	0.208	0.205	0.205	0.192	0.19	0.195	0.18	0.197	0.189	0.199	0.196	0.193	0.194	0.207	0.284	0.206	0.195	0.19	0.183	0.191	0.182	0.189	0.188	0.187	0.192	0.191	0.192	0.187	0.195	0.205	0.193	0.192	0.19	0.183	0.19	0.204	0.19	0.185	0.178	0.188	0.189	0.188	0.192	0.183	0.184	0.155	0.187	0.193	0.185	0.164	0.166	0.172	0.168	0.168	0.208	0.205	0.205	0.213	0.207	0.206	0.207	0.209	0.201	0.208	0.205	0.205	0.172	0.169	0.172
2.67	0.327	0.398	0.373	0.264	0.305	0.321	0.392	0.355	0.318	0.332	0.384	0.403	0.137	0.133	0.131	0.134	0.136	0.138	0.334	0.411	0.454	0.158	0.157	0.235	0.171	0.17	0.155	0.264	0.305	0.321	0.403	0.365	0.36	0.407	0.406	0.4	0.329	0.315	0.242	0.427	0.406	0.428	0.401	0.383	0.325	0.264	0.305	0.321	0.377	0.387	0.318	0.312	0.146	0.132	0.322	0.326	0.264	0.355	0.143	0.144	0.393	0.405	0.345	0.352	0.439	0.401	0.431	0.394	0.404	0.41	0.354	0.32	0.12	0.122	0.14	0.26	0.271	0.263	0.128	0.132	0.109	0.145	0.139	0.154	0.346	0.33	0.292	0.138	0.135	0.137	0.385	0.415	0.399	0.264	0.305	0.321	0.168	0.147	0.165	0.405	0.38	0.276	0.199	0.192	0.202	0.474	0.412	0.374	0.358	0.384	0.429	0.372	0.432	0.431	0.257	0.342	0.356	0.33	0.342	0.352	0.343	0.382	0.409	0.414	0.468	0.361	0.264	0.305	0.321	0.264	0.305	0.321	0.246	0.253	0.278	0.224	0.228	0.231	0.329	0.363	0.327	0.247	0.344	0.344	0.225	0.233	0.232	0.197	0.198	0.191	0.264	0.305	0.321	0.161	0.158	0.164	0.254	0.314	0.281	0.252	0.296	0.24	0.298	0.328	0.264	0.252	0.308	0.347	0.389	0.429	0.386	0.389	0.429	0.386	0.352	0.398	0.384	0.321	0.394	0.42	0.333	0.414	0.377	0.412	0.429	0.398	0.373	0.39	0.405	0.345	0.378	0.399	0.347	0.374	0.332	0.406	0.435	0.354	0.367	0.426	0.35	0.386	0.375	0.374	0.403	0.368	0.408	0.368	0.396	0.371	0.412	0.429	0.398	0.257	0.267	0.262	0.302	0.314	0.329	0.509	0.539	0.472	0.521	0.534	0.454	0.516	0.562	0.486	0.513	0.513	0.487	0.311	0.329	0.289	0.412	0.455	0.399	0.52	0.542	0.54	0.304	0.3	0.285	0.452	0.464	0.473	0.426	0.426	0.379	0.469	0.443	0.493	0.508	0.51	0.44	0.52	0.542	0.54	0.4	0.402	0.381	0.387	0.359	0.356	0.52	0.542	0.54	0.102	0.1	0.1	0.273	0.256	0.269	0.52	0.542	0.54	0.218	0.29	0.282	0.372	0.379	0.333	0.401	0.384	0.326	0.334	0.366	0.324	0.293	0.382	0.338	0.456	0.457	0.414	0.457	0.469	0.446	0.286	0.324	0.328	0.362	0.4	0.393	0.348	0.384	0.42	0.303	0.307	0.309	0.3	0.302	0.302	0.348	0.35	0.349	0.347	0.333	0.336	0.34	0.357	0.345	0.349	0.341	0.36	0.314	0.301	0.285	0.364	0.337	0.341	0.364	0.346	0.353	0.334	0.304	0.296	0.303	0.318	0.324	0.353	0.32	0.317	0.318	0.316	0.321	0.287	0.265	0.291	0.343	0.299	0.3	0.306	0.3	0.299	0.293	0.267	0.237	0.262	0.258	0.251	0.264	0.258	0.271	0.346	0.374	0.34	0.346	0.289	0.282	0.221	0.24	0.255	0.317	0.343	0.337	0.245	0.307	0.26	0.447	0.407	0.389	0.263	0.263	0.255	0.362	0.368	0.357	0.347	0.356	0.343	0.262	0.254	0.259	0.377	0.355	0.309	0.432	0.424	0.422	0.264	0.259	0.263	0.347	0.365	0.369	0.351	0.405	0.379	0.472	0.432	0.388	0.405	0.38	0.276	0.377	0.44	0.382	0.39	0.412	0.44	0.353	0.428	0.413	0.391	0.425	0.377	0.409	0.424	0.423	0.404	0.422	0.407	0.197	0.198	0.191	0.228	0.23	0.241	0.328	0.314	0.253	0.316	0.317	0.333	0.286	0.282	0.211	0.335	0.321	0.331	0.301	0.243	0.211	0.336	0.334	0.368	0.412	0.429	0.398	0.374	0.398	0.378	0.362	0.375	0.339	0.332	0.32	0.276	0.354	0.357	0.339	0.359	0.33	0.288	0.424	0.393	0.344	0.331	0.338	0.262	0.422	0.388	0.376	0.226	0.221	0.224	0.203	0.203	0.198	0.193	0.211	0.203	0.214	0.21	0.201	0.158	0.157	0.235	0.221	0.209	0.197	0.191	0.191	0.19	0.206	0.205	0.203	0.207	0.207	0.208	0.197	0.207	0.219	0.206	0.203	0.195	0.193	0.203	0.221	0.202	0.199	0.186	0.19	0.203	0.2	0.206	0.197	0.187	0.161	0.174	0.176	0.175	0.173	0.174	0.174	0.177	0.178	0.226	0.221	0.224	0.228	0.223	0.222	0.224	0.227	0.218	0.226	0.221	0.224	0.185	0.183	0.185
2.83	0.407	0.504	0.453	0.311	0.356	0.369	0.423	0.407	0.364	0.374	0.451	0.429	0.127	0.125	0.124	0.128	0.13	0.127	0.388	0.514	0.443	0.147	0.139	0.178	0.152	0.147	0.145	0.311	0.356	0.369	0.468	0.47	0.425	0.445	0.433	0.459	0.308	0.319	0.252	0.428	0.432	0.454	0.419	0.415	0.317	0.311	0.356	0.369	0.444	0.408	0.388	0.295	0.134	0.123	0.329	0.332	0.268	0.382	0.135	0.137	0.43	0.471	0.368	0.384	0.447	0.469	0.478	0.433	0.511	0.443	0.47	0.399	0.11	0.114	0.13	0.273	0.285	0.277	0.119	0.123	0.1	0.129	0.132	0.146	0.368	0.359	0.326	0.129	0.128	0.123	0.474	0.434	0.482	0.311	0.356	0.369	0.157	0.145	0.16	0.399	0.392	0.328	0.172	0.174	0.165	0.505	0.426	0.422	0.465	0.484	0.457	0.467	0.42	0.424	0.279	0.357	0.358	0.317	0.357	0.347	0.37	0.458	0.406	0.45	0.448	0.44	0.311	0.356	0.369	0.311	0.356	0.369	0.258	0.305	0.307	0.238	0.243	0.247	0.347	0.416	0.414	0.304	0.342	0.341	0.244	0.25	0.242	0.211	0.209	0.203	0.311	0.356	0.369	0.162	0.159	0.167	0.347	0.341	0.343	0.279	0.311	0.297	0.321	0.349	0.298	0.349	0.351	0.359	0.419	0.43	0.416	0.419	0.43	0.416	0.385	0.396	0.414	0.37	0.413	0.407	0.389	0.403	0.406	0.366	0.422	0.429	0.4	0.425	0.421	0.344	0.405	0.397	0.423	0.406	0.376	0.397	0.392	0.38	0.376	0.414	0.372	0.394	0.385	0.407	0.382	0.405	0.419	0.399	0.419	0.402	0.366	0.422	0.429	0.316	0.34	0.406	0.337	0.356	0.344	0.544	0.531	0.487	0.516	0.527	0.489	0.527	0.567	0.487	0.51	0.51	0.488	0.325	0.318	0.298	0.408	0.411	0.404	0.542	0.566	0.56	0.307	0.304	0.294	0.516	0.517	0.51	0.428	0.418	0.382	0.522	0.493	0.514	0.497	0.472	0.491	0.542	0.566	0.56	0.434	0.404	0.415	0.433	0.414	0.399	0.542	0.566	0.56	0.102	0.101	0.1	0.378	0.302	0.376	0.542	0.566	0.56	0.239	0.333	0.311	0.412	0.399	0.39	0.447	0.449	0.379	0.374	0.376	0.366	0.304	0.346	0.371	0.519	0.472	0.468	0.502	0.531	0.48	0.332	0.368	0.399	0.374	0.428	0.444	0.359	0.46	0.457	0.324	0.32	0.32	0.323	0.323	0.323	0.381	0.365	0.376	0.353	0.359	0.346	0.378	0.38	0.388	0.366	0.38	0.371	0.362	0.349	0.31	0.401	0.361	0.352	0.406	0.378	0.369	0.359	0.372	0.337	0.348	0.324	0.328	0.368	0.338	0.327	0.343	0.354	0.362	0.325	0.317	0.335	0.369	0.343	0.414	0.318	0.315	0.308	0.313	0.313	0.257	0.234	0.238	0.252	0.256	0.257	0.255	0.335	0.343	0.345	0.343	0.365	0.294	0.265	0.295	0.33	0.367	0.344	0.377	0.248	0.307	0.277	0.475	0.482	0.431	0.273	0.274	0.265	0.394	0.381	0.382	0.408	0.415	0.368	0.275	0.265	0.272	0.432	0.373	0.343	0.495	0.53	0.527	0.273	0.265	0.272	0.375	0.385	0.398	0.413	0.426	0.445	0.434	0.408	0.396	0.399	0.392	0.328	0.416	0.393	0.449	0.436	0.413	0.394	0.387	0.433	0.426	0.402	0.434	0.405	0.371	0.415	0.386	0.435	0.424	0.444	0.211	0.209	0.203	0.257	0.325	0.301	0.364	0.342	0.31	0.428	0.373	0.343	0.35	0.344	0.263	0.356	0.368	0.34	0.316	0.32	0.275	0.403	0.362	0.378	0.366	0.422	0.429	0.389	0.38	0.425	0.377	0.395	0.375	0.348	0.34	0.319	0.434	0.399	0.38	0.369	0.401	0.323	0.462	0.398	0.384	0.364	0.365	0.367	0.41	0.415	0.358	0.246	0.24	0.245	0.223	0.223	0.215	0.209	0.228	0.22	0.23	0.226	0.216	0.147	0.139	0.178	0.24	0.225	0.213	0.198	0.197	0.198	0.216	0.217	0.214	0.22	0.219	0.218	0.202	0.22	0.237	0.214	0.211	0.198	0.203	0.218	0.236	0.213	0.21	0.194	0.2	0.213	0.207	0.221	0.209	0.196	0.176	0.182	0.184	0.185	0.184	0.188	0.178	0.194	0.197	0.246	0.24	0.245	0.251	0.261	0.25	0.362	0.374	0.294	0.246	0.24	0.245	0.199	0.198	0.201
3.0	0.448	0.498	0.471	0.35	0.362	0.381	0.483	0.48	0.443	0.397	0.46	0.464	0.116	0.119	0.118	0.122	0.124	0.115	0.453	0.534	0.523	0.136	0.133	0.152	0.144	0.135	0.139	0.35	0.362	0.381	0.52	0.444	0.442	0.459	0.493	0.441	0.313	0.318	0.269	0.479	0.5	0.528	0.434	0.402	0.32	0.35	0.362	0.381	0.521	0.53	0.422	0.314	0.122	0.115	0.339	0.344	0.282	0.387	0.126	0.128	0.432	0.473	0.369	0.495	0.517	0.479	0.55	0.493	0.546	0.529	0.505	0.408	0.102	0.107	0.12	0.294	0.306	0.287	0.111	0.114	0.095	0.116	0.122	0.136	0.394	0.382	0.327	0.119	0.118	0.113	0.458	0.477	0.474	0.35	0.362	0.381	0.149	0.139	0.156	0.437	0.432	0.365	0.163	0.163	0.155	0.465	0.463	0.491	0.448	0.472	0.485	0.479	0.481	0.484	0.323	0.367	0.379	0.353	0.392	0.364	0.37	0.433	0.422	0.419	0.418	0.428	0.35	0.362	0.381	0.35	0.362	0.381	0.302	0.333	0.338	0.253	0.27	0.276	0.359	0.375	0.438	0.339	0.361	0.377	0.268	0.268	0.261	0.228	0.223	0.216	0.35	0.362	0.381	0.166	0.163	0.173	0.327	0.382	0.379	0.3	0.366	0.321	0.35	0.327	0.317	0.367	0.384	0.411	0.423	0.434	0.375	0.423	0.434	0.375	0.371	0.396	0.402	0.382	0.41	0.403	0.389	0.405	0.399	0.378	0.39	0.389	0.395	0.385	0.381	0.363	0.372	0.367	0.392	0.377	0.356	0.392	0.377	0.365	0.394	0.387	0.371	0.399	0.395	0.388	0.394	0.399	0.398	0.383	0.385	0.395	0.378	0.39	0.389	0.323	0.328	0.333	0.329	0.34	0.333	0.553	0.537	0.508	0.519	0.543	0.503	0.56	0.537	0.526	0.563	0.553	0.522	0.282	0.282	0.269	0.382	0.382	0.374	0.548	0.565	0.559	0.292	0.297	0.279	0.538	0.513	0.53	0.393	0.411	0.375	0.521	0.521	0.536	0.493	0.475	0.452	0.548	0.565	0.559	0.439	0.43	0.407	0.459	0.498	0.409	0.548	0.565	0.559	0.102	0.101	0.1	0.398	0.395	0.451	0.548	0.565	0.559	0.303	0.373	0.391	0.474	0.485	0.459	0.515	0.498	0.437	0.439	0.447	0.431	0.357	0.425	0.432	0.542	0.514	0.559	0.519	0.52	0.567	0.369	0.394	0.419	0.404	0.477	0.486	0.391	0.466	0.514	0.348	0.357	0.358	0.347	0.353	0.34	0.437	0.399	0.426	0.412	0.387	0.43	0.423	0.408	0.413	0.434	0.406	0.404	0.383	0.393	0.356	0.437	0.396	0.413	0.445	0.397	0.406	0.373	0.369	0.357	0.365	0.365	0.375	0.397	0.411	0.404	0.36	0.362	0.365	0.341	0.343	0.372	0.351	0.353	0.353	0.325	0.324	0.321	0.316	0.317	0.288	0.232	0.238	0.237	0.273	0.263	0.297	0.348	0.358	0.35	0.362	0.366	0.299	0.289	0.331	0.319	0.329	0.37	0.324	0.289	0.301	0.303	0.534	0.506	0.493	0.281	0.279	0.264	0.37	0.361	0.358	0.492	0.475	0.431	0.282	0.275	0.284	0.403	0.415	0.379	0.562	0.563	0.562	0.274	0.265	0.273	0.358	0.363	0.365	0.475	0.495	0.477	0.428	0.43	0.426	0.437	0.432	0.365	0.411	0.434	0.412	0.433	0.432	0.411	0.403	0.407	0.41	0.409	0.437	0.414	0.397	0.415	0.424	0.43	0.406	0.427	0.228	0.223	0.216	0.32	0.378	0.353	0.342	0.343	0.371	0.388	0.376	0.378	0.354	0.338	0.317	0.39	0.374	0.373	0.329	0.348	0.314	0.39	0.375	0.371	0.378	0.39	0.389	0.409	0.402	0.391	0.401	0.404	0.4	0.38	0.397	0.354	0.407	0.405	0.391	0.385	0.381	0.354	0.402	0.399	0.383	0.383	0.368	0.334	0.395	0.384	0.386	0.274	0.266	0.271	0.245	0.245	0.239	0.231	0.251	0.242	0.251	0.245	0.237	0.136	0.133	0.152	0.261	0.246	0.233	0.214	0.213	0.212	0.233	0.233	0.23	0.237	0.235	0.234	0.218	0.238	0.258	0.231	0.228	0.213	0.214	0.233	0.257	0.229	0.224	0.205	0.208	0.225	0.22	0.231	0.221	0.204	0.19	0.192	0.192	0.19	0.198	0.201	0.191	0.205	0.21	0.274	0.266	0.271	0.283	0.287	0.274	0.311	0.324	0.311	0.274	0.266	0.271	0.217	0.215	0.217
3.17	0.495	0.472	0.468	0.406	0.429	0.416	0.504	0.456	0.457	0.393	0.438	0.441	0.108	0.113	0.113	0.116	0.118	0.108	0.419	0.475	0.462	0.124	0.129	0.145	0.138	0.128	0.129	0.406	0.429	0.416	0.5	0.519	0.461	0.451	0.438	0.481	0.331	0.337	0.295	0.461	0.524	0.533	0.4	0.401	0.36	0.406	0.429	0.416	0.496	0.522	0.461	0.346	0.115	0.109	0.368	0.367	0.3	0.392	0.117	0.117	0.432	0.437	0.351	0.529	0.502	0.505	0.514	0.523	0.537	0.553	0.534	0.466	0.098	0.102	0.114	0.322	0.34	0.315	0.106	0.108	0.093	0.109	0.115	0.126	0.386	0.386	0.362	0.111	0.11	0.106	0.476	0.499	0.497	0.406	0.429	0.416	0.14	0.132	0.15	0.423	0.424	0.392	0.154	0.156	0.148	0.454	0.432	0.447	0.469	0.5	0.506	0.5	0.503	0.501	0.329	0.362	0.373	0.354	0.376	0.37	0.357	0.438	0.389	0.435	0.435	0.407	0.406	0.429	0.416	0.406	0.429	0.416	0.338	0.371	0.378	0.279	0.293	0.297	0.396	0.425	0.424	0.314	0.338	0.387	0.372	0.329	0.284	0.244	0.237	0.231	0.406	0.429	0.416	0.173	0.17	0.179	0.348	0.377	0.375	0.317	0.397	0.327	0.395	0.395	0.324	0.408	0.423	0.429	0.414	0.405	0.388	0.414	0.405	0.388	0.386	0.41	0.416	0.397	0.421	0.415	0.403	0.418	0.413	0.398	0.404	0.405	0.415	0.402	0.395	0.381	0.39	0.386	0.408	0.387	0.369	0.404	0.387	0.369	0.409	0.404	0.381	0.417	0.417	0.409	0.393	0.397	0.417	0.402	0.402	0.415	0.398	0.404	0.405	0.343	0.343	0.347	0.35	0.362	0.351	0.548	0.537	0.51	0.523	0.546	0.502	0.556	0.547	0.524	0.55	0.54	0.522	0.254	0.256	0.245	0.364	0.369	0.37	0.552	0.558	0.551	0.263	0.26	0.268	0.545	0.526	0.535	0.388	0.396	0.372	0.537	0.54	0.543	0.486	0.477	0.452	0.552	0.558	0.551	0.423	0.435	0.45	0.436	0.46	0.411	0.552	0.558	0.551	0.103	0.102	0.101	0.447	0.391	0.455	0.552	0.558	0.551	0.307	0.408	0.425	0.532	0.534	0.5	0.602	0.553	0.495	0.572	0.541	0.478	0.392	0.458	0.482	0.59	0.58	0.573	0.578	0.599	0.577	0.374	0.419	0.46	0.429	0.511	0.556	0.417	0.513	0.556	0.383	0.401	0.398	0.383	0.381	0.373	0.472	0.47	0.432	0.435	0.459	0.464	0.483	0.445	0.483	0.49	0.46	0.442	0.423	0.403	0.386	0.473	0.473	0.472	0.473	0.469	0.466	0.415	0.428	0.404	0.391	0.421	0.422	0.462	0.445	0.466	0.372	0.374	0.376	0.342	0.344	0.352	0.366	0.367	0.368	0.41	0.387	0.35	0.344	0.346	0.324	0.23	0.24	0.233	0.256	0.244	0.247	0.435	0.398	0.361	0.387	0.366	0.368	0.299	0.32	0.369	0.392	0.417	0.394	0.313	0.333	0.368	0.486	0.48	0.489	0.262	0.262	0.246	0.341	0.35	0.347	0.485	0.55	0.476	0.264	0.265	0.286	0.381	0.363	0.346	0.562	0.551	0.494	0.249	0.249	0.254	0.34	0.343	0.346	0.488	0.54	0.51	0.452	0.45	0.411	0.423	0.424	0.392	0.434	0.457	0.454	0.453	0.467	0.463	0.423	0.447	0.456	0.462	0.437	0.454	0.404	0.447	0.451	0.464	0.443	0.456	0.244	0.237	0.231	0.373	0.379	0.461	0.364	0.363	0.334	0.403	0.389	0.391	0.363	0.343	0.339	0.401	0.394	0.393	0.339	0.328	0.309	0.398	0.393	0.391	0.398	0.404	0.405	0.422	0.418	0.409	0.415	0.418	0.415	0.393	0.374	0.348	0.417	0.415	0.403	0.407	0.402	0.346	0.422	0.414	0.406	0.408	0.391	0.34	0.413	0.408	0.406	0.308	0.301	0.304	0.266	0.268	0.262	0.261	0.272	0.269	0.273	0.265	0.26	0.124	0.129	0.145	0.28	0.265	0.255	0.235	0.234	0.232	0.253	0.252	0.247	0.257	0.254	0.252	0.238	0.256	0.278	0.251	0.248	0.231	0.234	0.251	0.279	0.247	0.241	0.222	0.225	0.242	0.237	0.246	0.235	0.221	0.198	0.204	0.205	0.202	0.213	0.22	0.202	0.223	0.231	0.308	0.301	0.304	0.307	0.306	0.303	0.358	0.389	0.364	0.308	0.301	0.304	0.237	0.236	0.237
3.33	0.467	0.488	0.484	0.469	0.439	0.441	0.472	0.461	0.432	0.373	0.439	0.439	0.102	0.108	0.109	0.112	0.113	0.102	0.44	0.477	0.47	0.115	0.124	0.139	0.131	0.12	0.121	0.469	0.439	0.441	0.496	0.488	0.454	0.437	0.451	0.453	0.356	0.359	0.323	0.49	0.495	0.492	0.386	0.379	0.347	0.469	0.439	0.441	0.515	0.481	0.456	0.356	0.111	0.105	0.37	0.374	0.324	0.36	0.111	0.111	0.414	0.403	0.352	0.502	0.526	0.522	0.526	0.536	0.558	0.528	0.511	0.495	0.095	0.099	0.109	0.351	0.357	0.346	0.102	0.104	0.092	0.103	0.109	0.117	0.363	0.348	0.35	0.106	0.105	0.101	0.493	0.51	0.502	0.469	0.439	0.441	0.132	0.127	0.143	0.41	0.41	0.409	0.143	0.149	0.139	0.465	0.436	0.435	0.488	0.509	0.511	0.504	0.505	0.509	0.335	0.347	0.376	0.347	0.361	0.344	0.339	0.393	0.36	0.392	0.399	0.379	0.469	0.439	0.441	0.469	0.439	0.441	0.395	0.396	0.409	0.304	0.317	0.32	0.429	0.474	0.452	0.321	0.36	0.373	0.46	0.396	0.378	0.262	0.253	0.246	0.469	0.439	0.441	0.184	0.179	0.189	0.367	0.389	0.387	0.333	0.356	0.336	0.365	0.357	0.333	0.407	0.435	0.443	0.43	0.416	0.405	0.43	0.416	0.405	0.405	0.431	0.438	0.415	0.439	0.437	0.423	0.437	0.435	0.423	0.427	0.428	0.442	0.429	0.423	0.409	0.418	0.414	0.431	0.409	0.389	0.424	0.408	0.39	0.43	0.427	0.403	0.443	0.444	0.437	0.41	0.413	0.445	0.43	0.43	0.444	0.423	0.427	0.428	0.365	0.362	0.37	0.372	0.385	0.372	0.547	0.534	0.511	0.529	0.543	0.51	0.553	0.551	0.527	0.549	0.542	0.528	0.23	0.234	0.226	0.368	0.372	0.374	0.562	0.567	0.56	0.232	0.227	0.235	0.544	0.534	0.538	0.38	0.375	0.369	0.544	0.548	0.541	0.494	0.49	0.465	0.562	0.567	0.56	0.428	0.421	0.435	0.465	0.437	0.417	0.562	0.567	0.56	0.103	0.102	0.101	0.44	0.428	0.55	0.562	0.567	0.56	0.359	0.446	0.441	0.61	0.598	0.564	0.596	0.591	0.507	0.6	0.595	0.562	0.456	0.537	0.544	0.612	0.608	0.613	0.614	0.624	0.623	0.405	0.459	0.47	0.459	0.536	0.54	0.474	0.58	0.612	0.396	0.416	0.42	0.406	0.401	0.397	0.473	0.506	0.511	0.467	0.472	0.515	0.503	0.516	0.53	0.486	0.502	0.506	0.475	0.443	0.419	0.502	0.487	0.486	0.518	0.538	0.496	0.455	0.441	0.432	0.444	0.415	0.421	0.484	0.513	0.479	0.388	0.391	0.392	0.364	0.363	0.376	0.381	0.382	0.382	0.394	0.372	0.376	0.405	0.374	0.342	0.23	0.238	0.235	0.247	0.24	0.244	0.423	0.444	0.423	0.406	0.375	0.378	0.348	0.389	0.371	0.422	0.447	0.422	0.351	0.403	0.386	0.515	0.499	0.484	0.246	0.241	0.235	0.342	0.342	0.343	0.519	0.518	0.522	0.243	0.245	0.267	0.354	0.352	0.34	0.494	0.531	0.532	0.224	0.226	0.237	0.334	0.334	0.344	0.516	0.52	0.54	0.456	0.454	0.424	0.41	0.41	0.409	0.444	0.462	0.46	0.463	0.465	0.458	0.435	0.456	0.462	0.461	0.455	0.46	0.421	0.455	0.459	0.463	0.452	0.46	0.262	0.253	0.246	0.377	0.433	0.453	0.382	0.382	0.35	0.418	0.403	0.405	0.384	0.361	0.333	0.414	0.405	0.406	0.356	0.342	0.324	0.414	0.409	0.409	0.423	0.427	0.428	0.433	0.429	0.42	0.429	0.43	0.425	0.405	0.389	0.363	0.427	0.425	0.414	0.418	0.413	0.361	0.43	0.429	0.418	0.42	0.409	0.355	0.426	0.42	0.42	0.33	0.331	0.381	0.288	0.292	0.285	0.286	0.356	0.29	0.293	0.288	0.284	0.115	0.124	0.139	0.299	0.289	0.279	0.257	0.256	0.255	0.276	0.274	0.269	0.28	0.276	0.275	0.259	0.275	0.299	0.28	0.276	0.253	0.254	0.27	0.303	0.27	0.265	0.242	0.245	0.261	0.257	0.267	0.254	0.241	0.215	0.221	0.223	0.216	0.228	0.237	0.216	0.24	0.248	0.33	0.331	0.381	0.332	0.329	0.326	0.368	0.371	0.358	0.33	0.331	0.381	0.258	0.258	0.258
3.5	0.478	0.502	0.499	0.449	0.456	0.462	0.486	0.478	0.45	0.354	0.41	0.411	0.099	0.105	0.106	0.108	0.109	0.099	0.42	0.479	0.476	0.109	0.119	0.133	0.125	0.114	0.114	0.449	0.456	0.462	0.506	0.497	0.468	0.445	0.473	0.46	0.369	0.371	0.341	0.497	0.494	0.497	0.378	0.378	0.34	0.449	0.456	0.462	0.521	0.501	0.483	0.369	0.108	0.102	0.37	0.373	0.333	0.357	0.106	0.107	0.401	0.399	0.343	0.523	0.529	0.514	0.53	0.53	0.538	0.524	0.521	0.503	0.095	0.097	0.106	0.376	0.362	0.37	0.099	0.101	0.092	0.099	0.105	0.112	0.363	0.355	0.35	0.103	0.101	0.098	0.502	0.51	0.505	0.449	0.456	0.462	0.125	0.123	0.138	0.426	0.411	0.398	0.133	0.141	0.132	0.479	0.452	0.446	0.497	0.509	0.51	0.503	0.504	0.507	0.34	0.36	0.386	0.359	0.371	0.355	0.357	0.402	0.376	0.386	0.4	0.389	0.449	0.456	0.462	0.449	0.456	0.462	0.399	0.399	0.414	0.325	0.341	0.344	0.451	0.489	0.475	0.347	0.37	0.385	0.471	0.434	0.419	0.278	0.267	0.259	0.449	0.456	0.462	0.196	0.19	0.201	0.387	0.407	0.403	0.348	0.373	0.349	0.387	0.376	0.348	0.419	0.447	0.453	0.441	0.434	0.425	0.441	0.434	0.425	0.429	0.455	0.462	0.439	0.46	0.461	0.448	0.46	0.458	0.448	0.452	0.453	0.463	0.46	0.455	0.441	0.449	0.446	0.454	0.433	0.413	0.449	0.433	0.413	0.454	0.452	0.432	0.468	0.467	0.465	0.426	0.432	0.47	0.459	0.46	0.467	0.448	0.452	0.453	0.387	0.383	0.393	0.397	0.411	0.399	0.556	0.545	0.52	0.541	0.549	0.518	0.559	0.556	0.535	0.559	0.555	0.545	0.212	0.213	0.204	0.364	0.357	0.367	0.578	0.58	0.573	0.207	0.199	0.201	0.553	0.542	0.546	0.371	0.371	0.364	0.55	0.549	0.546	0.513	0.509	0.481	0.578	0.58	0.573	0.424	0.423	0.424	0.474	0.454	0.426	0.578	0.58	0.573	0.104	0.103	0.102	0.479	0.455	0.514	0.578	0.58	0.573	0.357	0.416	0.446	0.616	0.599	0.619	0.555	0.54	0.491	0.602	0.604	0.578	0.517	0.63	0.612	0.638	0.629	0.636	0.637	0.653	0.647	0.43	0.509	0.524	0.487	0.555	0.575	0.505	0.585	0.614	0.46	0.443	0.455	0.445	0.438	0.447	0.522	0.525	0.5	0.479	0.525	0.484	0.534	0.535	0.551	0.57	0.546	0.544	0.507	0.473	0.453	0.55	0.503	0.522	0.59	0.565	0.524	0.499	0.468	0.491	0.431	0.468	0.44	0.55	0.545	0.514	0.41	0.414	0.414	0.384	0.38	0.391	0.404	0.403	0.403	0.425	0.41	0.405	0.403	0.396	0.346	0.236	0.243	0.24	0.248	0.243	0.242	0.44	0.405	0.421	0.424	0.406	0.379	0.371	0.41	0.423	0.464	0.492	0.459	0.376	0.453	0.453	0.538	0.531	0.514	0.232	0.219	0.217	0.339	0.334	0.327	0.52	0.537	0.503	0.226	0.222	0.244	0.346	0.35	0.34	0.521	0.556	0.555	0.212	0.21	0.221	0.327	0.33	0.347	0.538	0.542	0.555	0.461	0.459	0.434	0.426	0.411	0.398	0.459	0.471	0.468	0.47	0.471	0.465	0.455	0.466	0.47	0.469	0.465	0.467	0.444	0.467	0.47	0.473	0.466	0.471	0.278	0.267	0.259	0.424	0.452	0.447	0.402	0.405	0.372	0.439	0.422	0.425	0.396	0.379	0.349	0.433	0.425	0.427	0.376	0.362	0.343	0.437	0.431	0.431	0.448	0.452	0.453	0.453	0.448	0.439	0.452	0.45	0.443	0.422	0.406	0.381	0.442	0.438	0.428	0.435	0.43	0.377	0.446	0.444	0.432	0.437	0.429	0.375	0.442	0.438	0.437	0.387	0.38	0.401	0.311	0.315	0.308	0.307	0.353	0.316	0.313	0.308	0.308	0.109	0.119	0.133	0.318	0.307	0.302	0.281	0.278	0.279	0.296	0.297	0.294	0.299	0.295	0.297	0.282	0.295	0.321	0.304	0.3	0.277	0.277	0.291	0.325	0.298	0.294	0.267	0.267	0.283	0.28	0.299	0.285	0.264	0.236	0.241	0.244	0.236	0.248	0.258	0.237	0.261	0.27	0.387	0.38	0.401	0.354	0.352	0.348	0.389	0.39	0.38	0.387	0.38	0.401	0.283	0.283	0.283
3.67	0.49	0.507	0.504	0.465	0.47	0.477	0.495	0.487	0.462	0.375	0.417	0.417	0.097	0.101	0.102	0.104	0.106	0.097	0.431	0.489	0.49	0.104	0.116	0.129	0.12	0.11	0.109	0.465	0.47	0.477	0.508	0.504	0.476	0.427	0.449	0.445	0.393	0.387	0.356	0.5	0.501	0.503	0.395	0.388	0.358	0.465	0.47	0.477	0.518	0.502	0.487	0.382	0.105	0.099	0.384	0.391	0.343	0.376	0.104	0.104	0.4	0.411	0.359	0.524	0.523	0.513	0.525	0.521	0.527	0.516	0.517	0.504	0.094	0.095	0.102	0.397	0.377	0.389	0.097	0.099	0.092	0.097	0.103	0.108	0.38	0.37	0.361	0.1	0.099	0.096	0.513	0.519	0.516	0.465	0.47	0.477	0.119	0.12	0.133	0.42	0.417	0.391	0.128	0.135	0.126	0.5	0.476	0.462	0.504	0.519	0.518	0.512	0.512	0.514	0.345	0.373	0.401	0.371	0.386	0.374	0.381	0.429	0.41	0.413	0.414	0.413	0.465	0.47	0.477	0.465	0.47	0.477	0.395	0.407	0.413	0.342	0.357	0.364	0.458	0.49	0.483	0.37	0.392	0.407	0.56	0.538	0.488	0.293	0.281	0.274	0.465	0.47	0.477	0.213	0.206	0.217	0.412	0.427	0.423	0.366	0.395	0.371	0.411	0.4	0.371	0.434	0.461	0.468	0.452	0.451	0.44	0.452	0.451	0.44	0.455	0.478	0.479	0.464	0.474	0.476	0.474	0.474	0.476	0.46	0.468	0.467	0.485	0.477	0.473	0.456	0.47	0.465	0.47	0.453	0.44	0.472	0.456	0.436	0.47	0.464	0.457	0.483	0.482	0.479	0.434	0.446	0.49	0.483	0.481	0.488	0.46	0.468	0.467	0.405	0.404	0.411	0.423	0.437	0.426	0.577	0.567	0.536	0.547	0.561	0.531	0.572	0.572	0.547	0.573	0.57	0.565	0.197	0.199	0.192	0.335	0.318	0.343	0.593	0.601	0.602	0.189	0.183	0.186	0.568	0.558	0.559	0.349	0.354	0.338	0.566	0.56	0.558	0.535	0.526	0.487	0.593	0.601	0.602	0.409	0.405	0.402	0.489	0.472	0.431	0.593	0.601	0.602	0.104	0.103	0.103	0.496	0.485	0.504	0.593	0.601	0.602	0.354	0.415	0.408	0.565	0.552	0.552	0.51	0.505	0.513	0.525	0.517	0.519	0.615	0.587	0.589	0.688	0.658	0.658	0.667	0.693	0.67	0.474	0.557	0.551	0.523	0.539	0.57	0.552	0.598	0.665	0.509	0.475	0.503	0.494	0.485	0.479	0.555	0.527	0.567	0.576	0.507	0.533	0.58	0.583	0.539	0.555	0.583	0.565	0.551	0.523	0.491	0.564	0.562	0.543	0.603	0.576	0.59	0.531	0.488	0.499	0.468	0.464	0.467	0.6	0.568	0.568	0.434	0.436	0.435	0.405	0.404	0.398	0.427	0.426	0.426	0.443	0.47	0.453	0.433	0.435	0.384	0.246	0.249	0.249	0.256	0.25	0.242	0.465	0.442	0.399	0.451	0.417	0.397	0.441	0.475	0.488	0.508	0.508	0.521	0.446	0.537	0.515	0.541	0.542	0.524	0.209	0.202	0.204	0.314	0.307	0.293	0.529	0.541	0.511	0.203	0.201	0.219	0.334	0.339	0.34	0.547	0.55	0.555	0.199	0.192	0.202	0.3	0.305	0.331	0.544	0.547	0.557	0.475	0.472	0.446	0.42	0.417	0.391	0.476	0.484	0.483	0.484	0.483	0.48	0.473	0.483	0.486	0.484	0.481	0.482	0.466	0.483	0.486	0.486	0.48	0.483	0.293	0.281	0.274	0.448	0.453	0.46	0.423	0.426	0.399	0.461	0.442	0.445	0.416	0.402	0.374	0.455	0.443	0.448	0.402	0.39	0.369	0.461	0.449	0.448	0.46	0.468	0.467	0.473	0.471	0.463	0.473	0.473	0.463	0.442	0.427	0.4	0.46	0.456	0.446	0.455	0.45	0.396	0.466	0.464	0.451	0.459	0.453	0.396	0.462	0.458	0.457	0.391	0.391	0.411	0.331	0.336	0.331	0.326	0.362	0.337	0.332	0.327	0.329	0.104	0.116	0.129	0.337	0.325	0.323	0.304	0.302	0.31	0.318	0.318	0.312	0.318	0.315	0.314	0.305	0.316	0.339	0.318	0.316	0.3	0.3	0.31	0.337	0.311	0.311	0.293	0.29	0.304	0.301	0.32	0.31	0.287	0.257	0.263	0.267	0.257	0.271	0.28	0.256	0.285	0.292	0.391	0.391	0.411	0.377	0.377	0.373	0.408	0.412	0.401	0.391	0.391	0.411	0.311	0.311	0.31
3.83	0.504	0.517	0.516	0.478	0.481	0.482	0.503	0.495	0.475	0.402	0.441	0.437	0.096	0.098	0.099	0.101	0.103	0.096	0.454	0.51	0.514	0.1	0.112	0.125	0.116	0.107	0.105	0.478	0.481	0.482	0.517	0.51	0.484	0.428	0.44	0.444	0.414	0.405	0.372	0.52	0.521	0.524	0.419	0.412	0.378	0.478	0.481	0.482	0.525	0.506	0.498	0.401	0.103	0.096	0.4	0.402	0.353	0.401	0.102	0.101	0.414	0.434	0.376	0.529	0.532	0.529	0.532	0.532	0.537	0.521	0.518	0.51	0.094	0.095	0.1	0.42	0.397	0.403	0.096	0.097	0.092	0.097	0.101	0.106	0.403	0.388	0.378	0.098	0.097	0.096	0.529	0.543	0.542	0.478	0.481	0.482	0.115	0.117	0.129	0.416	0.41	0.371	0.123	0.132	0.121	0.523	0.501	0.482	0.519	0.536	0.537	0.532	0.531	0.539	0.35	0.386	0.415	0.382	0.398	0.392	0.409	0.466	0.442	0.453	0.445	0.452	0.478	0.481	0.482	0.478	0.481	0.482	0.409	0.423	0.427	0.355	0.367	0.378	0.468	0.491	0.484	0.401	0.42	0.436	0.533	0.571	0.558	0.294	0.288	0.284	0.478	0.481	0.482	0.231	0.222	0.234	0.443	0.445	0.439	0.389	0.418	0.395	0.435	0.425	0.399	0.454	0.479	0.483	0.47	0.461	0.451	0.47	0.461	0.451	0.482	0.494	0.507	0.481	0.502	0.5	0.49	0.497	0.496	0.513	0.518	0.516	0.545	0.522	0.511	0.498	0.502	0.496	0.503	0.469	0.454	0.49	0.473	0.454	0.5	0.499	0.475	0.514	0.511	0.514	0.431	0.45	0.524	0.495	0.506	0.539	0.513	0.518	0.516	0.423	0.422	0.428	0.448	0.451	0.447	0.609	0.605	0.562	0.551	0.58	0.544	0.588	0.589	0.569	0.597	0.603	0.603	0.189	0.189	0.184	0.304	0.272	0.286	0.613	0.628	0.629	0.178	0.173	0.172	0.598	0.578	0.576	0.301	0.315	0.294	0.583	0.575	0.575	0.552	0.536	0.47	0.613	0.628	0.629	0.415	0.407	0.399	0.515	0.498	0.43	0.613	0.628	0.629	0.106	0.105	0.104	0.504	0.497	0.51	0.613	0.628	0.629	0.373	0.432	0.428	0.611	0.587	0.59	0.516	0.508	0.49	0.536	0.521	0.529	0.576	0.62	0.619	0.734	0.707	0.695	0.722	0.738	0.706	0.499	0.586	0.584	0.52	0.549	0.583	0.57	0.648	0.586	0.513	0.524	0.516	0.513	0.533	0.552	0.53	0.519	0.546	0.533	0.529	0.602	0.578	0.638	0.601	0.622	0.624	0.614	0.589	0.568	0.541	0.566	0.577	0.593	0.609	0.638	0.623	0.58	0.539	0.573	0.518	0.469	0.462	0.579	0.573	0.579	0.454	0.457	0.456	0.439	0.437	0.433	0.455	0.455	0.453	0.482	0.49	0.501	0.474	0.473	0.414	0.245	0.246	0.244	0.259	0.259	0.247	0.429	0.424	0.414	0.457	0.414	0.399	0.571	0.549	0.548	0.49	0.559	0.534	0.488	0.589	0.558	0.55	0.549	0.536	0.193	0.193	0.19	0.28	0.279	0.276	0.534	0.541	0.514	0.187	0.183	0.197	0.297	0.308	0.33	0.55	0.552	0.558	0.185	0.18	0.187	0.267	0.267	0.286	0.55	0.55	0.557	0.492	0.49	0.457	0.416	0.41	0.371	0.502	0.513	0.502	0.502	0.503	0.499	0.49	0.5	0.5	0.498	0.493	0.497	0.484	0.497	0.504	0.508	0.498	0.505	0.294	0.288	0.284	0.455	0.464	0.478	0.444	0.448	0.427	0.48	0.461	0.464	0.436	0.426	0.399	0.473	0.462	0.467	0.427	0.416	0.396	0.479	0.469	0.467	0.513	0.518	0.516	0.499	0.495	0.481	0.498	0.496	0.484	0.462	0.45	0.421	0.475	0.471	0.463	0.473	0.469	0.417	0.481	0.486	0.472	0.474	0.471	0.421	0.476	0.472	0.471	0.41	0.408	0.422	0.35	0.355	0.35	0.342	0.38	0.356	0.349	0.345	0.349	0.1	0.112	0.125	0.354	0.343	0.344	0.328	0.326	0.331	0.339	0.339	0.335	0.34	0.335	0.336	0.328	0.336	0.359	0.337	0.335	0.321	0.322	0.332	0.356	0.33	0.327	0.313	0.313	0.325	0.322	0.332	0.323	0.308	0.279	0.287	0.29	0.278	0.293	0.302	0.278	0.305	0.313	0.41	0.408	0.422	0.401	0.401	0.397	0.434	0.44	0.428	0.41	0.408	0.422	0.339	0.339	0.338
4.0	0.519	0.531	0.532	0.495	0.492	0.495	0.517	0.511	0.489	0.433	0.474	0.473	0.096	0.096	0.097	0.1	0.102	0.096	0.478	0.547	0.553	0.098	0.109	0.121	0.113	0.104	0.102	0.495	0.492	0.495	0.532	0.525	0.499	0.444	0.454	0.46	0.431	0.424	0.391	0.541	0.543	0.543	0.449	0.437	0.402	0.495	0.492	0.495	0.543	0.519	0.513	0.422	0.103	0.095	0.415	0.416	0.362	0.427	0.099	0.099	0.438	0.464	0.397	0.544	0.553	0.557	0.547	0.57	0.56	0.551	0.534	0.52	0.095	0.094	0.097	0.441	0.416	0.421	0.096	0.097	0.093	0.097	0.098	0.103	0.429	0.411	0.396	0.097	0.096	0.096	0.549	0.579	0.576	0.495	0.492	0.495	0.113	0.114	0.126	0.431	0.417	0.38	0.119	0.128	0.118	0.547	0.526	0.505	0.536	0.564	0.564	0.56	0.568	0.573	0.352	0.397	0.427	0.394	0.409	0.407	0.432	0.493	0.468	0.488	0.474	0.481	0.495	0.492	0.495	0.495	0.492	0.495	0.413	0.427	0.436	0.363	0.368	0.388	0.481	0.502	0.495	0.424	0.446	0.456	0.523	0.544	0.544	0.291	0.295	0.289	0.495	0.492	0.495	0.252	0.242	0.254	0.455	0.465	0.465	0.414	0.438	0.418	0.447	0.444	0.424	0.477	0.491	0.507	0.488	0.477	0.467	0.488	0.477	0.467	0.502	0.526	0.55	0.513	0.537	0.53	0.522	0.533	0.523	0.56	0.556	0.557	0.58	0.558	0.552	0.553	0.558	0.532	0.538	0.518	0.492	0.505	0.483	0.463	0.54	0.541	0.514	0.537	0.543	0.536	0.417	0.445	0.555	0.494	0.52	0.554	0.56	0.556	0.557	0.44	0.44	0.446	0.464	0.497	0.485	0.637	0.633	0.602	0.559	0.602	0.558	0.616	0.611	0.599	0.626	0.632	0.635	0.184	0.184	0.178	0.268	0.249	0.256	0.636	0.649	0.655	0.173	0.167	0.166	0.627	0.604	0.604	0.268	0.277	0.257	0.605	0.593	0.598	0.552	0.531	0.456	0.636	0.649	0.655	0.426	0.418	0.406	0.533	0.519	0.445	0.636	0.649	0.655	0.108	0.107	0.106	0.525	0.517	0.527	0.636	0.649	0.655	0.393	0.456	0.453	0.628	0.622	0.608	0.532	0.52	0.47	0.549	0.533	0.541	0.599	0.641	0.639	0.747	0.734	0.722	0.747	0.746	0.727	0.526	0.597	0.591	0.536	0.537	0.536	0.61	0.611	0.629	0.538	0.539	0.565	0.537	0.559	0.543	0.559	0.553	0.533	0.578	0.552	0.595	0.62	0.627	0.653	0.616	0.657	0.596	0.587	0.633	0.553	0.639	0.596	0.57	0.62	0.663	0.633	0.58	0.584	0.561	0.491	0.474	0.494	0.624	0.557	0.594	0.465	0.47	0.468	0.463	0.462	0.464	0.488	0.486	0.482	0.546	0.537	0.517	0.502	0.51	0.454	0.246	0.254	0.244	0.257	0.269	0.255	0.427	0.417	0.403	0.424	0.395	0.408	0.583	0.663	0.588	0.553	0.583	0.573	0.587	0.625	0.571	0.565	0.564	0.549	0.184	0.186	0.18	0.262	0.255	0.254	0.537	0.541	0.521	0.176	0.171	0.181	0.267	0.274	0.298	0.558	0.565	0.569	0.179	0.171	0.18	0.238	0.233	0.248	0.561	0.558	0.566	0.518	0.519	0.483	0.431	0.417	0.38	0.537	0.535	0.53	0.526	0.528	0.53	0.522	0.526	0.528	0.525	0.518	0.526	0.508	0.525	0.531	0.537	0.525	0.537	0.291	0.295	0.289	0.468	0.49	0.51	0.462	0.465	0.451	0.502	0.479	0.483	0.454	0.447	0.425	0.494	0.482	0.483	0.448	0.44	0.423	0.504	0.485	0.484	0.56	0.556	0.557	0.526	0.518	0.505	0.525	0.522	0.513	0.484	0.47	0.445	0.503	0.498	0.489	0.503	0.49	0.438	0.515	0.524	0.5	0.502	0.494	0.444	0.505	0.498	0.498	0.424	0.423	0.436	0.371	0.374	0.369	0.356	0.404	0.384	0.368	0.365	0.368	0.098	0.109	0.121	0.378	0.365	0.365	0.35	0.349	0.353	0.359	0.358	0.356	0.359	0.355	0.356	0.35	0.355	0.375	0.356	0.354	0.344	0.344	0.351	0.373	0.347	0.345	0.336	0.337	0.345	0.342	0.349	0.34	0.33	0.301	0.314	0.317	0.301	0.381	0.352	0.301	0.387	0.356	0.424	0.423	0.436	0.422	0.425	0.421	0.46	0.468	0.458	0.424	0.423	0.436	0.366	0.367	0.366
4.17	0.54	0.55	0.554	0.514	0.506	0.515	0.542	0.532	0.505	0.462	0.511	0.51	0.096	0.096	0.096	0.099	0.102	0.096	0.502	0.585	0.581	0.097	0.106	0.117	0.11	0.101	0.101	0.514	0.506	0.515	0.559	0.555	0.518	0.469	0.482	0.484	0.447	0.442	0.407	0.569	0.571	0.57	0.478	0.465	0.427	0.514	0.506	0.515	0.584	0.55	0.531	0.442	0.102	0.095	0.431	0.431	0.373	0.452	0.097	0.096	0.463	0.492	0.416	0.559	0.599	0.607	0.591	0.606	0.586	0.598	0.57	0.534	0.094	0.094	0.096	0.459	0.436	0.44	0.096	0.097	0.092	0.096	0.097	0.1	0.455	0.431	0.414	0.096	0.095	0.096	0.58	0.608	0.609	0.514	0.506	0.515	0.11	0.112	0.122	0.452	0.436	0.393	0.116	0.125	0.115	0.569	0.551	0.53	0.557	0.596	0.603	0.603	0.614	0.607	0.357	0.409	0.437	0.405	0.422	0.422	0.452	0.523	0.496	0.52	0.501	0.503	0.514	0.506	0.515	0.514	0.506	0.515	0.422	0.441	0.449	0.368	0.363	0.391	0.5	0.517	0.512	0.445	0.47	0.477	0.54	0.543	0.53	0.285	0.29	0.281	0.514	0.506	0.515	0.279	0.265	0.279	0.474	0.493	0.501	0.436	0.451	0.436	0.485	0.463	0.445	0.499	0.52	0.544	0.511	0.495	0.484	0.511	0.495	0.484	0.529	0.541	0.555	0.534	0.552	0.545	0.538	0.549	0.538	0.577	0.573	0.573	0.592	0.574	0.55	0.581	0.562	0.555	0.551	0.536	0.515	0.51	0.487	0.464	0.55	0.547	0.534	0.544	0.541	0.551	0.396	0.436	0.56	0.495	0.515	0.556	0.577	0.573	0.573	0.457	0.457	0.466	0.506	0.54	0.529	0.658	0.655	0.625	0.557	0.618	0.572	0.634	0.634	0.62	0.64	0.646	0.658	0.18	0.179	0.173	0.241	0.233	0.234	0.647	0.661	0.664	0.163	0.158	0.156	0.637	0.631	0.623	0.242	0.251	0.229	0.632	0.614	0.619	0.55	0.517	0.436	0.647	0.661	0.664	0.434	0.42	0.418	0.548	0.531	0.462	0.647	0.661	0.664	0.111	0.11	0.11	0.538	0.53	0.539	0.647	0.661	0.664	0.418	0.481	0.478	0.616	0.607	0.604	0.554	0.541	0.478	0.564	0.552	0.555	0.621	0.649	0.641	0.764	0.747	0.733	0.759	0.768	0.745	0.6	0.612	0.646	0.529	0.531	0.547	0.592	0.617	0.606	0.562	0.56	0.6	0.58	0.568	0.602	0.511	0.523	0.505	0.561	0.553	0.593	0.597	0.661	0.644	0.633	0.661	0.63	0.629	0.592	0.623	0.581	0.558	0.606	0.637	0.668	0.662	0.623	0.594	0.583	0.502	0.479	0.499	0.579	0.571	0.568	0.49	0.494	0.491	0.492	0.492	0.488	0.518	0.515	0.508	0.575	0.58	0.552	0.587	0.552	0.485	0.247	0.247	0.25	0.258	0.273	0.261	0.44	0.392	0.384	0.426	0.385	0.402	0.621	0.662	0.631	0.57	0.564	0.591	0.591	0.612	0.663	0.578	0.575	0.566	0.177	0.181	0.174	0.24	0.233	0.232	0.547	0.55	0.533	0.17	0.165	0.171	0.241	0.241	0.265	0.57	0.577	0.579	0.172	0.166	0.174	0.223	0.216	0.228	0.575	0.57	0.579	0.548	0.542	0.512	0.452	0.436	0.393	0.556	0.557	0.551	0.549	0.553	0.549	0.543	0.553	0.547	0.543	0.547	0.551	0.536	0.544	0.548	0.548	0.545	0.558	0.285	0.29	0.281	0.495	0.522	0.543	0.491	0.494	0.472	0.52	0.501	0.502	0.471	0.465	0.45	0.515	0.501	0.508	0.466	0.461	0.449	0.526	0.506	0.506	0.577	0.573	0.573	0.543	0.536	0.527	0.539	0.542	0.533	0.51	0.492	0.46	0.528	0.519	0.515	0.529	0.511	0.455	0.55	0.563	0.533	0.529	0.518	0.464	0.528	0.523	0.531	0.443	0.442	0.453	0.396	0.398	0.391	0.373	0.429	0.412	0.392	0.39	0.391	0.097	0.106	0.117	0.403	0.39	0.389	0.371	0.37	0.37	0.38	0.377	0.374	0.381	0.375	0.376	0.372	0.376	0.394	0.379	0.376	0.365	0.365	0.371	0.391	0.369	0.365	0.356	0.359	0.364	0.36	0.366	0.357	0.351	0.32	0.352	0.351	0.328	0.386	0.379	0.326	0.378	0.369	0.443	0.442	0.453	0.443	0.448	0.446	0.481	0.487	0.48	0.443	0.442	0.453	0.394	0.396	0.394
4.33	0.56	0.581	0.587	0.536	0.529	0.548	0.585	0.57	0.537	0.491	0.542	0.544	0.096	0.096	0.096	0.1	0.102	0.096	0.528	0.599	0.593	0.097	0.103	0.113	0.107	0.098	0.1	0.536	0.529	0.548	0.6	0.602	0.564	0.496	0.512	0.515	0.464	0.46	0.423	0.591	0.597	0.6	0.506	0.491	0.45	0.536	0.529	0.548	0.633	0.602	0.584	0.46	0.102	0.095	0.446	0.444	0.386	0.475	0.096	0.096	0.488	0.513	0.435	0.593	0.632	0.641	0.628	0.648	0.617	0.637	0.621	0.579	0.094	0.094	0.096	0.476	0.454	0.458	0.096	0.097	0.092	0.096	0.096	0.098	0.479	0.452	0.434	0.096	0.095	0.096	0.608	0.631	0.629	0.536	0.529	0.548	0.108	0.109	0.119	0.467	0.457	0.41	0.113	0.122	0.112	0.59	0.569	0.552	0.593	0.621	0.631	0.625	0.634	0.634	0.361	0.419	0.448	0.416	0.436	0.438	0.471	0.549	0.518	0.548	0.523	0.532	0.536	0.529	0.548	0.536	0.529	0.548	0.434	0.456	0.471	0.367	0.361	0.383	0.524	0.542	0.537	0.464	0.486	0.496	0.558	0.556	0.535	0.275	0.28	0.275	0.536	0.529	0.548	0.308	0.293	0.308	0.501	0.523	0.525	0.454	0.484	0.459	0.522	0.513	0.468	0.526	0.566	0.572	0.53	0.515	0.506	0.53	0.515	0.506	0.544	0.552	0.561	0.543	0.553	0.544	0.544	0.545	0.537	0.566	0.572	0.575	0.584	0.573	0.549	0.591	0.559	0.559	0.545	0.538	0.53	0.505	0.486	0.461	0.548	0.544	0.538	0.538	0.542	0.55	0.374	0.422	0.558	0.492	0.502	0.546	0.566	0.572	0.575	0.478	0.475	0.484	0.543	0.572	0.569	0.659	0.655	0.64	0.561	0.634	0.583	0.647	0.647	0.638	0.652	0.655	0.671	0.177	0.175	0.168	0.227	0.223	0.218	0.651	0.664	0.668	0.159	0.151	0.152	0.643	0.654	0.636	0.224	0.235	0.209	0.648	0.626	0.632	0.533	0.493	0.412	0.651	0.664	0.668	0.436	0.424	0.426	0.563	0.543	0.485	0.651	0.664	0.668	0.12	0.115	0.114	0.549	0.547	0.542	0.651	0.664	0.668	0.445	0.501	0.499	0.616	0.61	0.614	0.579	0.567	0.499	0.582	0.577	0.58	0.643	0.644	0.635	0.775	0.762	0.746	0.778	0.773	0.759	0.62	0.636	0.701	0.535	0.54	0.556	0.644	0.637	0.633	0.667	0.658	0.603	0.627	0.618	0.612	0.517	0.509	0.523	0.562	0.546	0.618	0.609	0.611	0.676	0.662	0.646	0.66	0.686	0.635	0.635	0.604	0.566	0.591	0.657	0.647	0.637	0.607	0.609	0.607	0.518	0.502	0.504	0.61	0.595	0.593	0.508	0.51	0.51	0.523	0.517	0.515	0.553	0.547	0.539	0.604	0.593	0.598	0.59	0.557	0.526	0.241	0.244	0.235	0.254	0.27	0.272	0.423	0.391	0.383	0.409	0.385	0.408	0.653	0.664	0.633	0.565	0.524	0.609	0.737	0.708	0.678	0.597	0.591	0.59	0.172	0.176	0.169	0.223	0.222	0.216	0.564	0.563	0.55	0.166	0.16	0.166	0.225	0.22	0.237	0.589	0.594	0.595	0.168	0.161	0.169	0.212	0.206	0.215	0.589	0.586	0.593	0.559	0.556	0.532	0.467	0.457	0.41	0.562	0.568	0.57	0.562	0.557	0.555	0.553	0.565	0.559	0.557	0.564	0.564	0.554	0.555	0.561	0.559	0.557	0.568	0.275	0.28	0.275	0.525	0.551	0.566	0.534	0.535	0.525	0.53	0.517	0.52	0.5	0.486	0.471	0.53	0.517	0.528	0.501	0.481	0.473	0.54	0.517	0.522	0.566	0.572	0.575	0.556	0.546	0.538	0.552	0.547	0.54	0.526	0.513	0.481	0.537	0.531	0.528	0.541	0.532	0.476	0.57	0.586	0.552	0.538	0.534	0.483	0.546	0.532	0.542	0.461	0.461	0.477	0.421	0.424	0.415	0.392	0.458	0.44	0.417	0.417	0.416	0.097	0.103	0.113	0.428	0.419	0.416	0.394	0.393	0.391	0.404	0.401	0.397	0.406	0.401	0.4	0.396	0.404	0.417	0.406	0.403	0.385	0.39	0.398	0.414	0.394	0.39	0.376	0.381	0.388	0.386	0.389	0.379	0.372	0.337	0.366	0.365	0.353	0.389	0.375	0.347	0.39	0.376	0.461	0.461	0.477	0.464	0.469	0.469	0.532	0.54	0.521	0.461	0.461	0.477	0.42	0.422	0.419
4.5	0.591	0.599	0.607	0.557	0.57	0.59	0.624	0.605	0.591	0.515	0.571	0.573	0.096	0.096	0.096	0.099	0.102	0.096	0.554	0.614	0.61	0.097	0.101	0.11	0.103	0.098	0.1	0.557	0.57	0.59	0.631	0.633	0.601	0.522	0.538	0.544	0.479	0.476	0.439	0.606	0.608	0.616	0.533	0.517	0.473	0.557	0.57	0.59	0.662	0.639	0.629	0.475	0.102	0.095	0.459	0.459	0.397	0.498	0.096	0.095	0.511	0.537	0.453	0.625	0.657	0.659	0.655	0.675	0.634	0.658	0.653	0.62	0.095	0.094	0.096	0.488	0.471	0.474	0.096	0.096	0.092	0.097	0.096	0.097	0.501	0.472	0.452	0.096	0.095	0.096	0.629	0.645	0.635	0.557	0.57	0.59	0.107	0.107	0.117	0.491	0.477	0.426	0.111	0.119	0.11	0.596	0.577	0.57	0.622	0.641	0.645	0.642	0.648	0.655	0.363	0.45	0.459	0.429	0.45	0.451	0.488	0.57	0.541	0.572	0.549	0.56	0.557	0.57	0.59	0.557	0.57	0.59	0.427	0.459	0.486	0.362	0.359	0.373	0.549	0.575	0.568	0.482	0.5	0.511	0.573	0.572	0.555	0.255	0.266	0.265	0.557	0.57	0.59	0.352	0.33	0.352	0.524	0.532	0.536	0.489	0.523	0.491	0.55	0.544	0.508	0.564	0.596	0.601	0.553	0.538	0.525	0.553	0.538	0.525	0.554	0.557	0.559	0.539	0.552	0.548	0.552	0.548	0.54	0.557	0.565	0.563	0.571	0.561	0.554	0.58	0.553	0.549	0.545	0.537	0.53	0.499	0.489	0.461	0.547	0.537	0.535	0.547	0.55	0.555	0.351	0.399	0.566	0.493	0.504	0.549	0.557	0.565	0.563	0.496	0.492	0.499	0.582	0.607	0.594	0.67	0.661	0.642	0.565	0.65	0.593	0.659	0.657	0.641	0.661	0.666	0.669	0.175	0.173	0.163	0.219	0.213	0.209	0.662	0.675	0.676	0.156	0.152	0.147	0.652	0.669	0.643	0.215	0.22	0.199	0.652	0.64	0.642	0.5	0.45	0.386	0.662	0.675	0.676	0.423	0.418	0.412	0.578	0.558	0.512	0.662	0.675	0.676	0.124	0.126	0.122	0.564	0.562	0.551	0.662	0.675	0.676	0.474	0.52	0.519	0.627	0.618	0.635	0.605	0.591	0.52	0.606	0.603	0.608	0.649	0.648	0.641	0.777	0.774	0.756	0.783	0.784	0.765	0.643	0.677	0.66	0.516	0.574	0.584	0.632	0.672	0.665	0.611	0.637	0.644	0.631	0.65	0.644	0.518	0.503	0.518	0.564	0.566	0.564	0.629	0.631	0.626	0.646	0.663	0.644	0.688	0.687	0.67	0.637	0.585	0.575	0.703	0.694	0.693	0.641	0.648	0.642	0.536	0.509	0.511	0.641	0.633	0.628	0.521	0.524	0.52	0.55	0.547	0.544	0.584	0.578	0.567	0.624	0.586	0.574	0.619	0.605	0.566	0.236	0.241	0.238	0.253	0.272	0.272	0.408	0.398	0.378	0.409	0.386	0.407	0.63	0.647	0.623	0.576	0.531	0.553	0.698	0.649	0.637	0.613	0.614	0.621	0.169	0.173	0.164	0.213	0.214	0.205	0.589	0.587	0.58	0.162	0.157	0.165	0.211	0.208	0.218	0.609	0.612	0.613	0.165	0.157	0.165	0.203	0.2	0.206	0.604	0.603	0.61	0.553	0.555	0.545	0.491	0.477	0.426	0.562	0.565	0.567	0.564	0.567	0.561	0.551	0.564	0.567	0.562	0.564	0.562	0.552	0.559	0.566	0.562	0.563	0.566	0.255	0.266	0.265	0.546	0.577	0.584	0.566	0.57	0.579	0.547	0.531	0.53	0.536	0.519	0.507	0.545	0.533	0.54	0.538	0.515	0.504	0.55	0.533	0.535	0.557	0.565	0.563	0.567	0.559	0.548	0.568	0.56	0.55	0.539	0.529	0.504	0.548	0.541	0.537	0.546	0.541	0.496	0.576	0.601	0.559	0.547	0.54	0.505	0.551	0.544	0.545	0.495	0.488	0.518	0.447	0.449	0.441	0.416	0.489	0.466	0.442	0.442	0.441	0.097	0.101	0.11	0.455	0.444	0.444	0.415	0.414	0.414	0.427	0.424	0.42	0.43	0.425	0.424	0.418	0.43	0.442	0.431	0.428	0.408	0.415	0.426	0.44	0.42	0.416	0.399	0.405	0.415	0.414	0.415	0.404	0.395	0.353	0.372	0.373	0.364	0.393	0.385	0.36	0.389	0.391	0.495	0.488	0.518	0.49	0.496	0.498	0.567	0.585	0.574	0.495	0.488	0.518	0.438	0.44	0.439
4.67	0.612	0.618	0.616	0.587	0.611	0.619	0.635	0.625	0.618	0.538	0.595	0.597	0.096	0.096	0.096	0.1	0.102	0.096	0.582	0.638	0.633	0.097	0.1	0.106	0.102	0.097	0.1	0.587	0.611	0.619	0.647	0.658	0.626	0.546	0.561	0.571	0.494	0.491	0.453	0.622	0.622	0.63	0.559	0.54	0.493	0.587	0.611	0.619	0.67	0.662	0.643	0.489	0.102	0.095	0.471	0.471	0.408	0.519	0.096	0.095	0.536	0.561	0.471	0.642	0.66	0.652	0.663	0.683	0.628	0.662	0.673	0.656	0.095	0.094	0.096	0.499	0.486	0.486	0.096	0.096	0.092	0.097	0.096	0.097	0.521	0.491	0.47	0.096	0.095	0.096	0.633	0.642	0.633	0.587	0.611	0.619	0.107	0.106	0.114	0.511	0.497	0.447	0.109	0.117	0.107	0.599	0.583	0.58	0.635	0.637	0.642	0.639	0.652	0.655	0.367	0.462	0.469	0.44	0.461	0.463	0.506	0.591	0.563	0.595	0.575	0.586	0.587	0.611	0.619	0.587	0.611	0.619	0.401	0.432	0.463	0.357	0.356	0.367	0.578	0.613	0.604	0.492	0.511	0.522	0.59	0.594	0.576	0.234	0.253	0.249	0.587	0.611	0.619	0.394	0.38	0.392	0.535	0.531	0.532	0.523	0.538	0.521	0.559	0.563	0.536	0.602	0.619	0.628	0.577	0.561	0.543	0.577	0.561	0.543	0.566	0.568	0.569	0.545	0.556	0.555	0.564	0.556	0.55	0.555	0.567	0.567	0.57	0.57	0.561	0.566	0.558	0.555	0.551	0.536	0.529	0.503	0.497	0.467	0.547	0.538	0.535	0.559	0.565	0.569	0.323	0.373	0.574	0.489	0.507	0.56	0.555	0.567	0.567	0.517	0.508	0.518	0.595	0.609	0.601	0.677	0.67	0.644	0.565	0.665	0.599	0.672	0.67	0.648	0.672	0.675	0.676	0.172	0.17	0.16	0.211	0.206	0.202	0.68	0.695	0.691	0.154	0.148	0.144	0.661	0.678	0.653	0.207	0.209	0.19	0.657	0.655	0.655	0.462	0.406	0.351	0.68	0.695	0.691	0.406	0.398	0.399	0.591	0.575	0.532	0.68	0.695	0.691	0.119	0.131	0.122	0.58	0.581	0.562	0.68	0.695	0.691	0.507	0.54	0.541	0.644	0.635	0.657	0.636	0.619	0.545	0.632	0.627	0.633	0.661	0.664	0.659	0.791	0.782	0.766	0.796	0.795	0.774	0.651	0.696	0.702	0.54	0.545	0.561	0.638	0.7	0.686	0.645	0.662	0.672	0.667	0.692	0.658	0.522	0.507	0.507	0.589	0.591	0.59	0.661	0.667	0.658	0.707	0.707	0.697	0.73	0.695	0.671	0.653	0.611	0.607	0.718	0.715	0.705	0.668	0.672	0.67	0.552	0.527	0.536	0.66	0.653	0.652	0.54	0.543	0.541	0.577	0.573	0.571	0.611	0.603	0.59	0.606	0.602	0.591	0.581	0.573	0.581	0.232	0.243	0.23	0.249	0.26	0.257	0.418	0.403	0.386	0.412	0.392	0.42	0.619	0.656	0.638	0.575	0.548	0.573	0.647	0.633	0.635	0.631	0.629	0.643	0.165	0.169	0.158	0.206	0.208	0.198	0.618	0.615	0.615	0.159	0.154	0.16	0.203	0.199	0.201	0.625	0.627	0.622	0.163	0.153	0.163	0.197	0.194	0.197	0.619	0.619	0.628	0.566	0.56	0.54	0.511	0.497	0.447	0.564	0.566	0.574	0.573	0.577	0.572	0.557	0.571	0.579	0.576	0.576	0.573	0.554	0.568	0.574	0.575	0.573	0.574	0.234	0.253	0.249	0.558	0.598	0.602	0.577	0.577	0.597	0.563	0.546	0.545	0.564	0.547	0.551	0.562	0.549	0.553	0.568	0.544	0.543	0.566	0.553	0.551	0.555	0.567	0.567	0.582	0.577	0.565	0.587	0.577	0.566	0.55	0.54	0.514	0.56	0.556	0.551	0.556	0.551	0.507	0.587	0.613	0.573	0.563	0.554	0.515	0.563	0.56	0.558	0.539	0.528	0.553	0.47	0.472	0.46	0.439	0.519	0.489	0.466	0.464	0.462	0.097	0.1	0.106	0.479	0.467	0.466	0.438	0.437	0.438	0.45	0.447	0.442	0.455	0.45	0.448	0.443	0.455	0.467	0.456	0.453	0.436	0.44	0.451	0.467	0.446	0.441	0.424	0.43	0.441	0.441	0.443	0.429	0.421	0.37	0.387	0.389	0.377	0.401	0.403	0.377	0.407	0.41	0.539	0.528	0.553	0.519	0.524	0.53	0.6	0.607	0.605	0.539	0.528	0.553	0.452	0.454	0.454
4.83	0.62	0.624	0.622	0.617	0.637	0.633	0.638	0.63	0.633	0.558	0.621	0.622	0.095	0.096	0.096	0.1	0.102	0.096	0.608	0.66	0.656	0.097	0.1	0.103	0.101	0.097	0.1	0.617	0.637	0.633	0.647	0.648	0.636	0.565	0.58	0.593	0.507	0.504	0.464	0.64	0.641	0.645	0.582	0.561	0.511	0.617	0.637	0.633	0.662	0.661	0.652	0.502	0.102	0.095	0.481	0.482	0.419	0.539	0.096	0.095	0.558	0.583	0.488	0.644	0.653	0.649	0.655	0.669	0.622	0.655	0.663	0.662	0.095	0.094	0.096	0.509	0.498	0.497	0.096	0.097	0.092	0.097	0.096	0.097	0.54	0.508	0.485	0.096	0.095	0.096	0.634	0.642	0.635	0.617	0.637	0.633	0.106	0.105	0.112	0.532	0.517	0.465	0.108	0.115	0.105	0.606	0.586	0.588	0.635	0.638	0.641	0.642	0.647	0.649	0.37	0.478	0.479	0.45	0.471	0.475	0.521	0.612	0.584	0.616	0.597	0.609	0.617	0.637	0.633	0.617	0.637	0.633	0.372	0.403	0.418	0.349	0.352	0.363	0.602	0.639	0.637	0.496	0.514	0.533	0.625	0.622	0.598	0.212	0.233	0.229	0.617	0.637	0.633	0.424	0.413	0.422	0.542	0.539	0.534	0.53	0.541	0.531	0.559	0.564	0.544	0.619	0.64	0.646	0.601	0.585	0.564	0.601	0.585	0.564	0.577	0.585	0.585	0.56	0.57	0.569	0.578	0.571	0.57	0.565	0.586	0.579	0.578	0.58	0.58	0.572	0.57	0.57	0.568	0.545	0.537	0.504	0.504	0.475	0.557	0.549	0.547	0.581	0.587	0.589	0.295	0.344	0.597	0.48	0.511	0.584	0.565	0.586	0.579	0.539	0.527	0.535	0.596	0.598	0.59	0.692	0.68	0.658	0.567	0.678	0.604	0.684	0.685	0.661	0.691	0.697	0.694	0.17	0.168	0.158	0.205	0.202	0.197	0.711	0.728	0.725	0.152	0.145	0.143	0.671	0.686	0.661	0.201	0.201	0.181	0.667	0.67	0.669	0.413	0.371	0.329	0.711	0.728	0.725	0.391	0.38	0.387	0.61	0.592	0.557	0.711	0.728	0.725	0.123	0.129	0.148	0.584	0.594	0.569	0.711	0.728	0.725	0.522	0.563	0.563	0.666	0.657	0.677	0.666	0.649	0.574	0.655	0.65	0.656	0.68	0.686	0.682	0.797	0.791	0.774	0.8	0.805	0.785	0.663	0.741	0.749	0.549	0.574	0.573	0.662	0.725	0.699	0.693	0.698	0.699	0.691	0.696	0.689	0.533	0.515	0.518	0.609	0.611	0.615	0.683	0.684	0.688	0.735	0.732	0.709	0.76	0.742	0.719	0.668	0.633	0.625	0.729	0.732	0.717	0.69	0.693	0.691	0.575	0.55	0.559	0.679	0.664	0.656	0.581	0.573	0.578	0.602	0.597	0.598	0.634	0.621	0.608	0.642	0.631	0.626	0.613	0.604	0.558	0.23	0.234	0.232	0.248	0.268	0.253	0.432	0.41	0.377	0.427	0.406	0.428	0.635	0.668	0.65	0.598	0.572	0.598	0.628	0.64	0.648	0.642	0.641	0.651	0.162	0.165	0.153	0.199	0.202	0.193	0.645	0.634	0.641	0.155	0.152	0.157	0.198	0.191	0.192	0.638	0.635	0.635	0.161	0.151	0.161	0.192	0.189	0.191	0.639	0.632	0.642	0.576	0.568	0.547	0.532	0.517	0.465	0.574	0.576	0.581	0.583	0.587	0.585	0.57	0.58	0.589	0.591	0.587	0.585	0.568	0.578	0.585	0.585	0.583	0.581	0.212	0.233	0.229	0.582	0.61	0.621	0.576	0.575	0.608	0.582	0.567	0.564	0.58	0.574	0.586	0.584	0.57	0.571	0.58	0.57	0.577	0.589	0.575	0.572	0.565	0.586	0.579	0.602	0.596	0.584	0.608	0.6	0.588	0.574	0.565	0.527	0.605	0.601	0.593	0.579	0.569	0.52	0.61	0.635	0.598	0.584	0.575	0.529	0.585	0.58	0.579	0.572	0.569	0.581	0.492	0.494	0.48	0.465	0.547	0.519	0.488	0.484	0.48	0.097	0.1	0.103	0.505	0.486	0.487	0.461	0.462	0.46	0.472	0.471	0.465	0.478	0.474	0.471	0.471	0.479	0.491	0.481	0.478	0.463	0.465	0.478	0.49	0.471	0.466	0.451	0.455	0.466	0.466	0.469	0.455	0.449	0.39	0.406	0.409	0.396	0.419	0.422	0.397	0.426	0.43	0.572	0.569	0.581	0.549	0.554	0.564	0.607	0.606	0.617	0.572	0.569	0.581	0.465	0.466	0.466
5.0	0.63	0.631	0.63	0.635	0.644	0.641	0.64	0.628	0.628	0.578	0.649	0.649	0.095	0.096	0.096	0.1	0.102	0.096	0.635	0.681	0.675	0.097	0.1	0.1	0.101	0.097	0.1	0.635	0.644	0.641	0.648	0.646	0.629	0.581	0.598	0.611	0.517	0.516	0.473	0.658	0.657	0.665	0.604	0.581	0.527	0.635	0.644	0.641	0.663	0.655	0.648	0.512	0.102	0.095	0.491	0.491	0.43	0.556	0.096	0.095	0.578	0.605	0.504	0.648	0.656	0.651	0.659	0.666	0.631	0.651	0.655	0.662	0.094	0.094	0.096	0.517	0.508	0.506	0.096	0.097	0.092	0.097	0.096	0.097	0.556	0.524	0.499	0.096	0.095	0.096	0.64	0.65	0.644	0.635	0.644	0.641	0.106	0.104	0.11	0.552	0.536	0.483	0.108	0.111	0.105	0.614	0.59	0.597	0.637	0.643	0.645	0.642	0.646	0.651	0.374	0.49	0.486	0.458	0.479	0.488	0.536	0.64	0.602	0.637	0.619	0.63	0.635	0.644	0.641	0.635	0.644	0.641	0.347	0.367	0.378	0.34	0.347	0.359	0.617	0.659	0.663	0.49	0.51	0.536	0.654	0.646	0.619	0.196	0.215	0.21	0.635	0.644	0.641	0.449	0.437	0.447	0.554	0.551	0.548	0.526	0.544	0.533	0.551	0.555	0.539	0.631	0.647	0.653	0.624	0.61	0.586	0.624	0.61	0.586	0.597	0.611	0.613	0.573	0.585	0.587	0.599	0.591	0.594	0.625	0.669	0.654	0.612	0.597	0.599	0.615	0.594	0.595	0.656	0.577	0.591	0.514	0.509	0.476	0.586	0.568	0.572	0.614	0.62	0.62	0.272	0.316	0.631	0.468	0.516	0.641	0.625	0.669	0.654	0.562	0.547	0.55	0.588	0.589	0.589	0.735	0.713	0.675	0.573	0.705	0.617	0.711	0.707	0.68	0.738	0.741	0.733	0.168	0.167	0.156	0.201	0.197	0.193	0.766	0.782	0.786	0.152	0.143	0.142	0.683	0.699	0.676	0.196	0.194	0.178	0.681	0.695	0.702	0.381	0.341	0.308	0.766	0.782	0.786	0.369	0.36	0.371	0.631	0.613	0.583	0.766	0.782	0.786	0.131	0.125	0.138	0.578	0.596	0.565	0.766	0.782	0.786	0.538	0.578	0.581	0.689	0.681	0.692	0.697	0.678	0.604	0.676	0.671	0.674	0.702	0.708	0.704	0.808	0.806	0.785	0.816	0.812	0.793	0.694	0.778	0.785	0.557	0.58	0.601	0.692	0.738	0.706	0.721	0.724	0.727	0.716	0.724	0.722	0.545	0.524	0.526	0.629	0.631	0.634	0.691	0.694	0.704	0.746	0.743	0.719	0.784	0.782	0.755	0.687	0.657	0.648	0.737	0.743	0.722	0.708	0.711	0.705	0.592	0.567	0.576	0.68	0.668	0.657	0.635	0.646	0.643	0.626	0.621	0.622	0.657	0.642	0.627	0.673	0.663	0.659	0.645	0.634	0.584	0.22	0.234	0.227	0.246	0.266	0.247	0.441	0.423	0.384	0.435	0.411	0.444	0.649	0.679	0.668	0.638	0.618	0.646	0.63	0.647	0.66	0.653	0.651	0.656	0.159	0.16	0.151	0.194	0.198	0.189	0.654	0.644	0.654	0.152	0.15	0.148	0.194	0.185	0.184	0.646	0.651	0.65	0.159	0.15	0.158	0.187	0.184	0.186	0.655	0.647	0.655	0.587	0.58	0.558	0.552	0.536	0.483	0.608	0.601	0.598	0.599	0.601	0.598	0.587	0.597	0.602	0.599	0.597	0.596	0.586	0.594	0.6	0.598	0.596	0.597	0.196	0.215	0.21	0.608	0.624	0.643	0.581	0.581	0.599	0.655	0.596	0.597	0.581	0.579	0.596	0.617	0.593	0.592	0.578	0.578	0.594	0.633	0.599	0.595	0.625	0.669	0.654	0.64	0.631	0.634	0.679	0.646	0.647	0.644	0.622	0.563	0.698	0.693	0.671	0.631	0.588	0.535	0.653	0.669	0.632	0.618	0.597	0.549	0.62	0.602	0.62	0.596	0.59	0.593	0.53	0.534	0.505	0.494	0.579	0.544	0.521	0.521	0.507	0.097	0.1	0.1	0.543	0.515	0.521	0.483	0.485	0.483	0.493	0.492	0.487	0.5	0.496	0.492	0.495	0.502	0.515	0.503	0.5	0.482	0.49	0.5	0.518	0.495	0.491	0.475	0.483	0.489	0.489	0.491	0.479	0.473	0.411	0.426	0.429	0.417	0.438	0.442	0.417	0.447	0.453	0.596	0.59	0.593	0.583	0.588	0.603	0.609	0.602	0.615	0.596	0.59	0.593	0.479	0.478	0.476
5.17	0.639	0.647	0.648	0.649	0.644	0.639	0.65	0.638	0.63	0.6	0.671	0.671	0.095	0.096	0.096	0.1	0.102	0.096	0.658	0.7	0.695	0.097	0.1	0.1	0.101	0.097	0.1	0.649	0.644	0.639	0.656	0.652	0.633	0.596	0.612	0.627	0.527	0.526	0.48	0.674	0.674	0.686	0.622	0.599	0.541	0.649	0.644	0.639	0.667	0.656	0.643	0.521	0.101	0.095	0.498	0.498	0.437	0.571	0.096	0.095	0.595	0.623	0.518	0.656	0.669	0.668	0.666	0.672	0.664	0.657	0.658	0.657	0.095	0.094	0.096	0.522	0.516	0.512	0.096	0.097	0.092	0.097	0.096	0.097	0.571	0.539	0.51	0.096	0.095	0.096	0.659	0.686	0.691	0.649	0.644	0.639	0.106	0.104	0.109	0.569	0.555	0.5	0.108	0.11	0.104	0.618	0.595	0.602	0.648	0.663	0.666	0.662	0.663	0.672	0.375	0.499	0.49	0.464	0.483	0.498	0.546	0.66	0.617	0.655	0.639	0.647	0.649	0.644	0.639	0.649	0.644	0.639	0.35	0.343	0.356	0.332	0.343	0.357	0.609	0.664	0.674	0.492	0.512	0.533	0.695	0.679	0.658	0.186	0.203	0.198	0.649	0.644	0.639	0.479	0.463	0.475	0.592	0.599	0.595	0.529	0.545	0.537	0.55	0.559	0.542	0.64	0.652	0.658	0.644	0.633	0.61	0.644	0.633	0.61	0.63	0.655	0.662	0.592	0.611	0.612	0.63	0.624	0.628	0.699	0.743	0.726	0.686	0.659	0.64	0.673	0.641	0.638	0.714	0.656	0.652	0.525	0.513	0.48	0.65	0.632	0.605	0.693	0.711	0.702	0.256	0.298	0.72	0.457	0.513	0.732	0.699	0.743	0.726	0.575	0.561	0.566	0.592	0.591	0.595	0.793	0.774	0.723	0.586	0.763	0.633	0.765	0.758	0.721	0.818	0.807	0.795	0.167	0.166	0.155	0.197	0.193	0.188	0.821	0.849	0.865	0.151	0.14	0.141	0.712	0.72	0.712	0.191	0.188	0.172	0.703	0.74	0.76	0.344	0.312	0.287	0.821	0.849	0.865	0.352	0.343	0.356	0.652	0.635	0.609	0.821	0.849	0.865	0.129	0.123	0.13	0.567	0.592	0.556	0.821	0.849	0.865	0.56	0.597	0.601	0.717	0.712	0.711	0.727	0.711	0.638	0.692	0.686	0.686	0.723	0.73	0.726	0.819	0.819	0.8	0.828	0.827	0.809	0.748	0.807	0.813	0.569	0.584	0.609	0.716	0.746	0.72	0.758	0.767	0.771	0.766	0.766	0.759	0.552	0.527	0.536	0.652	0.656	0.647	0.711	0.716	0.73	0.759	0.752	0.726	0.806	0.808	0.786	0.702	0.678	0.671	0.755	0.759	0.737	0.719	0.723	0.715	0.612	0.586	0.587	0.689	0.679	0.664	0.688	0.697	0.698	0.648	0.643	0.643	0.678	0.665	0.649	0.691	0.685	0.681	0.67	0.661	0.615	0.215	0.229	0.225	0.245	0.264	0.247	0.45	0.423	0.394	0.44	0.424	0.452	0.671	0.712	0.693	0.666	0.661	0.683	0.635	0.661	0.675	0.669	0.665	0.668	0.155	0.157	0.15	0.188	0.194	0.186	0.661	0.647	0.658	0.15	0.147	0.149	0.191	0.18	0.177	0.662	0.668	0.668	0.156	0.149	0.156	0.183	0.181	0.181	0.67	0.664	0.671	0.611	0.606	0.585	0.569	0.555	0.5	0.68	0.673	0.638	0.633	0.632	0.631	0.617	0.629	0.629	0.625	0.622	0.623	0.621	0.622	0.631	0.627	0.624	0.631	0.186	0.203	0.198	0.633	0.644	0.662	0.592	0.594	0.603	0.728	0.661	0.682	0.587	0.585	0.6	0.687	0.628	0.62	0.585	0.583	0.604	0.712	0.648	0.642	0.699	0.743	0.726	0.746	0.698	0.703	0.752	0.733	0.738	0.719	0.697	0.632	0.75	0.74	0.747	0.713	0.665	0.589	0.696	0.711	0.672	0.701	0.675	0.611	0.711	0.676	0.715	0.62	0.612	0.602	0.574	0.552	0.532	0.522	0.607	0.566	0.56	0.553	0.554	0.097	0.1	0.1	0.585	0.553	0.557	0.512	0.515	0.514	0.53	0.53	0.527	0.541	0.534	0.538	0.525	0.538	0.56	0.557	0.546	0.515	0.524	0.537	0.569	0.546	0.533	0.508	0.52	0.527	0.517	0.546	0.523	0.498	0.437	0.454	0.458	0.447	0.465	0.472	0.448	0.478	0.485	0.62	0.612	0.602	0.613	0.617	0.635	0.614	0.608	0.616	0.62	0.612	0.602	0.498	0.49	0.49
5.33	0.658	0.673	0.688	0.653	0.645	0.645	0.691	0.669	0.644	0.618	0.691	0.691	0.095	0.096	0.096	0.1	0.102	0.096	0.679	0.719	0.715	0.097	0.1	0.099	0.101	0.097	0.1	0.653	0.645	0.645	0.686	0.677	0.644	0.607	0.624	0.643	0.534	0.534	0.487	0.692	0.69	0.704	0.641	0.616	0.554	0.653	0.645	0.645	0.695	0.672	0.653	0.528	0.101	0.094	0.503	0.504	0.442	0.585	0.096	0.095	0.61	0.642	0.53	0.673	0.718	0.743	0.699	0.701	0.73	0.693	0.676	0.662	0.095	0.094	0.096	0.527	0.522	0.516	0.096	0.097	0.092	0.097	0.096	0.097	0.583	0.551	0.519	0.096	0.095	0.096	0.72	0.757	0.768	0.653	0.645	0.645	0.106	0.104	0.108	0.587	0.574	0.516	0.108	0.108	0.104	0.61	0.595	0.599	0.672	0.722	0.742	0.727	0.725	0.74	0.375	0.503	0.492	0.468	0.487	0.505	0.555	0.677	0.63	0.672	0.657	0.662	0.653	0.645	0.645	0.653	0.645	0.645	0.332	0.327	0.335	0.327	0.339	0.351	0.569	0.636	0.666	0.492	0.514	0.536	0.761	0.727	0.694	0.18	0.196	0.192	0.653	0.645	0.645	0.507	0.489	0.502	0.656	0.673	0.668	0.535	0.559	0.545	0.566	0.571	0.553	0.646	0.661	0.668	0.664	0.655	0.629	0.664	0.655	0.629	0.702	0.716	0.726	0.615	0.645	0.646	0.68	0.681	0.676	0.746	0.77	0.76	0.734	0.718	0.7	0.726	0.721	0.709	0.76	0.721	0.699	0.533	0.513	0.485	0.715	0.708	0.65	0.767	0.766	0.766	0.245	0.282	0.779	0.448	0.505	0.781	0.746	0.77	0.76	0.588	0.581	0.577	0.601	0.6	0.606	0.87	0.836	0.786	0.597	0.83	0.651	0.821	0.825	0.783	0.88	0.864	0.855	0.166	0.165	0.155	0.194	0.19	0.183	0.876	0.904	0.907	0.15	0.138	0.136	0.749	0.755	0.763	0.187	0.184	0.176	0.736	0.799	0.826	0.314	0.296	0.277	0.876	0.904	0.907	0.336	0.327	0.34	0.672	0.656	0.634	0.876	0.904	0.907	0.137	0.125	0.128	0.554	0.572	0.545	0.876	0.904	0.907	0.588	0.612	0.615	0.75	0.746	0.746	0.76	0.742	0.669	0.708	0.703	0.699	0.748	0.757	0.754	0.838	0.835	0.815	0.849	0.849	0.83	0.793	0.837	0.835	0.583	0.593	0.622	0.734	0.755	0.735	0.791	0.803	0.808	0.808	0.805	0.793	0.552	0.53	0.529	0.676	0.673	0.672	0.724	0.729	0.745	0.779	0.778	0.743	0.837	0.831	0.804	0.714	0.695	0.687	0.786	0.781	0.757	0.735	0.737	0.731	0.626	0.601	0.604	0.703	0.695	0.678	0.728	0.736	0.735	0.669	0.664	0.663	0.701	0.689	0.671	0.698	0.696	0.694	0.683	0.675	0.636	0.215	0.227	0.22	0.239	0.261	0.244	0.46	0.435	0.399	0.448	0.428	0.469	0.693	0.75	0.73	0.702	0.688	0.717	0.648	0.681	0.694	0.696	0.693	0.693	0.153	0.155	0.151	0.184	0.19	0.183	0.671	0.658	0.657	0.148	0.145	0.145	0.187	0.175	0.172	0.693	0.697	0.698	0.155	0.148	0.153	0.179	0.178	0.178	0.689	0.681	0.69	0.663	0.652	0.64	0.587	0.574	0.516	0.719	0.739	0.706	0.693	0.687	0.694	0.674	0.686	0.678	0.674	0.67	0.677	0.689	0.68	0.686	0.68	0.678	0.708	0.18	0.196	0.192	0.649	0.67	0.682	0.615	0.616	0.616	0.758	0.709	0.727	0.596	0.596	0.605	0.735	0.695	0.697	0.598	0.591	0.605	0.756	0.705	0.713	0.746	0.77	0.76	0.777	0.749	0.76	0.776	0.776	0.762	0.746	0.738	0.698	0.785	0.781	0.775	0.758	0.744	0.666	0.741	0.759	0.707	0.752	0.741	0.692	0.775	0.743	0.765	0.646	0.633	0.622	0.592	0.569	0.553	0.552	0.637	0.588	0.59	0.582	0.574	0.097	0.1	0.099	0.592	0.579	0.586	0.555	0.557	0.547	0.563	0.557	0.556	0.576	0.566	0.564	0.56	0.572	0.601	0.573	0.567	0.552	0.55	0.561	0.654	0.56	0.549	0.532	0.545	0.557	0.551	0.566	0.544	0.521	0.46	0.474	0.479	0.471	0.488	0.496	0.473	0.501	0.509	0.646	0.633	0.622	0.638	0.642	0.659	0.624	0.618	0.625	0.646	0.633	0.622	0.515	0.504	0.507
5.5	0.696	0.747	0.755	0.659	0.652	0.651	0.767	0.741	0.691	0.634	0.709	0.709	0.095	0.096	0.096	0.1	0.102	0.096	0.699	0.739	0.733	0.097	0.1	0.099	0.101	0.098	0.1	0.659	0.652	0.651	0.776	0.756	0.697	0.619	0.633	0.656	0.54	0.541	0.492	0.709	0.708	0.72	0.659	0.634	0.565	0.659	0.652	0.651	0.77	0.731	0.682	0.533	0.101	0.094	0.507	0.508	0.447	0.597	0.096	0.095	0.625	0.66	0.54	0.718	0.783	0.798	0.771	0.772	0.805	0.761	0.739	0.688	0.094	0.094	0.096	0.529	0.524	0.518	0.096	0.097	0.092	0.097	0.096	0.097	0.592	0.56	0.527	0.096	0.095	0.096	0.807	0.827	0.839	0.659	0.652	0.651	0.106	0.104	0.108	0.606	0.592	0.529	0.107	0.107	0.104	0.597	0.587	0.59	0.744	0.803	0.798	0.799	0.794	0.805	0.37	0.507	0.494	0.472	0.49	0.512	0.564	0.696	0.642	0.689	0.673	0.677	0.659	0.652	0.651	0.659	0.652	0.651	0.322	0.323	0.323	0.323	0.336	0.35	0.516	0.591	0.636	0.485	0.513	0.538	0.834	0.794	0.769	0.179	0.194	0.188	0.659	0.652	0.651	0.532	0.511	0.527	0.701	0.72	0.719	0.549	0.579	0.562	0.621	0.598	0.574	0.657	0.672	0.694	0.684	0.674	0.648	0.684	0.674	0.648	0.744	0.775	0.772	0.649	0.683	0.681	0.732	0.721	0.73	0.767	0.789	0.779	0.746	0.742	0.732	0.747	0.755	0.743	0.776	0.749	0.724	0.54	0.517	0.493	0.727	0.736	0.672	0.783	0.784	0.8	0.236	0.271	0.804	0.433	0.499	0.783	0.767	0.789	0.779	0.602	0.601	0.589	0.616	0.62	0.626	0.903	0.891	0.849	0.615	0.879	0.676	0.873	0.883	0.832	0.902	0.902	0.898	0.166	0.164	0.154	0.192	0.188	0.18	0.908	0.933	0.927	0.15	0.135	0.134	0.784	0.796	0.81	0.184	0.182	0.175	0.772	0.859	0.866	0.298	0.282	0.272	0.908	0.933	0.927	0.319	0.313	0.328	0.692	0.678	0.656	0.908	0.933	0.927	0.13	0.13	0.131	0.532	0.547	0.531	0.908	0.933	0.927	0.608	0.631	0.634	0.784	0.784	0.792	0.791	0.773	0.697	0.725	0.722	0.716	0.774	0.785	0.779	0.859	0.854	0.837	0.876	0.876	0.852	0.823	0.859	0.863	0.588	0.605	0.632	0.745	0.769	0.753	0.818	0.826	0.834	0.836	0.831	0.82	0.556	0.532	0.529	0.695	0.688	0.686	0.735	0.739	0.754	0.803	0.81	0.772	0.878	0.868	0.828	0.728	0.713	0.708	0.827	0.815	0.794	0.765	0.761	0.757	0.647	0.617	0.624	0.724	0.715	0.696	0.748	0.76	0.762	0.689	0.683	0.682	0.725	0.712	0.692	0.712	0.706	0.703	0.691	0.683	0.651	0.211	0.219	0.217	0.235	0.252	0.246	0.464	0.442	0.407	0.453	0.434	0.481	0.725	0.805	0.761	0.737	0.714	0.744	0.665	0.701	0.712	0.748	0.745	0.742	0.151	0.153	0.151	0.181	0.188	0.179	0.69	0.682	0.673	0.147	0.144	0.142	0.184	0.172	0.171	0.749	0.747	0.755	0.154	0.148	0.152	0.176	0.176	0.174	0.719	0.709	0.72	0.727	0.711	0.692	0.606	0.592	0.529	0.759	0.788	0.762	0.767	0.751	0.767	0.72	0.741	0.737	0.732	0.724	0.746	0.743	0.749	0.756	0.751	0.749	0.778	0.179	0.194	0.188	0.673	0.693	0.706	0.657	0.654	0.646	0.776	0.738	0.752	0.619	0.615	0.618	0.766	0.738	0.742	0.621	0.606	0.62	0.778	0.746	0.741	0.767	0.789	0.779	0.796	0.773	0.785	0.784	0.795	0.782	0.766	0.757	0.722	0.798	0.797	0.793	0.793	0.76	0.723	0.763	0.797	0.733	0.787	0.77	0.739	0.797	0.772	0.791	0.681	0.663	0.654	0.592	0.584	0.596	0.579	0.666	0.612	0.625	0.6	0.581	0.097	0.1	0.099	0.609	0.596	0.59	0.588	0.587	0.594	0.586	0.58	0.576	0.595	0.586	0.581	0.585	0.59	0.635	0.594	0.579	0.585	0.576	0.587	0.693	0.578	0.566	0.557	0.575	0.573	0.577	0.586	0.568	0.549	0.481	0.493	0.499	0.498	0.509	0.516	0.499	0.52	0.531	0.681	0.663	0.654	0.658	0.666	0.677	0.639	0.635	0.643	0.681	0.663	0.654	0.536	0.521	0.522
5.67	0.767	0.808	0.827	0.673	0.67	0.673	0.829	0.817	0.762	0.647	0.724	0.723	0.095	0.096	0.096	0.1	0.102	0.095	0.718	0.757	0.753	0.097	0.1	0.099	0.101	0.097	0.1	0.673	0.67	0.673	0.835	0.821	0.777	0.629	0.642	0.663	0.543	0.544	0.496	0.727	0.724	0.737	0.674	0.649	0.574	0.673	0.67	0.673	0.833	0.794	0.742	0.536	0.101	0.095	0.51	0.51	0.45	0.609	0.096	0.096	0.639	0.676	0.55	0.786	0.849	0.857	0.846	0.845	0.869	0.838	0.805	0.741	0.094	0.094	0.096	0.527	0.526	0.518	0.096	0.097	0.092	0.097	0.096	0.097	0.6	0.568	0.532	0.096	0.096	0.096	0.86	0.873	0.88	0.673	0.67	0.673	0.105	0.104	0.108	0.625	0.61	0.544	0.107	0.106	0.104	0.579	0.563	0.576	0.82	0.867	0.875	0.86	0.853	0.879	0.366	0.508	0.494	0.474	0.491	0.517	0.571	0.713	0.652	0.706	0.687	0.689	0.673	0.67	0.673	0.673	0.67	0.673	0.34	0.313	0.316	0.319	0.338	0.348	0.471	0.535	0.589	0.48	0.513	0.537	0.885	0.846	0.838	0.182	0.196	0.186	0.673	0.67	0.673	0.556	0.53	0.551	0.726	0.747	0.744	0.575	0.615	0.6	0.689	0.665	0.616	0.685	0.725	0.762	0.702	0.692	0.665	0.702	0.692	0.665	0.774	0.797	0.784	0.667	0.726	0.713	0.756	0.774	0.764	0.781	0.794	0.79	0.753	0.747	0.75	0.76	0.773	0.767	0.775	0.757	0.737	0.549	0.517	0.493	0.729	0.751	0.683	0.795	0.793	0.811	0.232	0.264	0.812	0.423	0.489	0.795	0.781	0.794	0.79	0.621	0.618	0.6	0.636	0.649	0.655	0.925	0.915	0.882	0.634	0.91	0.707	0.911	0.917	0.858	0.919	0.929	0.926	0.164	0.163	0.154	0.191	0.186	0.178	0.937	0.953	0.944	0.15	0.135	0.132	0.816	0.827	0.847	0.182	0.18	0.172	0.809	0.887	0.896	0.281	0.27	0.262	0.937	0.953	0.944	0.304	0.301	0.314	0.712	0.699	0.678	0.937	0.953	0.944	0.134	0.139	0.138	0.556	0.552	0.52	0.937	0.953	0.944	0.618	0.656	0.658	0.834	0.827	0.838	0.819	0.801	0.723	0.745	0.742	0.735	0.809	0.836	0.835	0.894	0.878	0.849	0.915	0.908	0.873	0.846	0.89	0.902	0.585	0.623	0.636	0.744	0.786	0.772	0.839	0.852	0.86	0.865	0.86	0.848	0.557	0.537	0.537	0.713	0.706	0.701	0.752	0.749	0.768	0.835	0.856	0.803	0.947	0.919	0.866	0.747	0.733	0.723	0.872	0.857	0.832	0.815	0.809	0.805	0.663	0.634	0.637	0.755	0.741	0.721	0.768	0.772	0.778	0.707	0.702	0.7	0.745	0.732	0.713	0.734	0.728	0.721	0.708	0.701	0.664	0.209	0.216	0.214	0.236	0.251	0.238	0.471	0.449	0.415	0.46	0.444	0.489	0.769	0.909	0.815	0.761	0.733	0.765	0.682	0.718	0.735	0.815	0.805	0.805	0.15	0.151	0.15	0.178	0.186	0.176	0.745	0.739	0.707	0.146	0.143	0.138	0.181	0.17	0.17	0.82	0.811	0.82	0.152	0.148	0.15	0.173	0.174	0.172	0.758	0.754	0.77	0.779	0.774	0.743	0.625	0.61	0.544	0.776	0.806	0.801	0.803	0.79	0.81	0.737	0.792	0.806	0.795	0.808	0.788	0.773	0.794	0.796	0.795	0.8	0.818	0.182	0.196	0.186	0.694	0.718	0.731	0.713	0.716	0.698	0.786	0.756	0.763	0.653	0.64	0.636	0.783	0.758	0.76	0.655	0.63	0.637	0.797	0.759	0.764	0.781	0.794	0.79	0.8	0.784	0.789	0.792	0.803	0.79	0.782	0.77	0.743	0.806	0.806	0.801	0.798	0.775	0.746	0.783	0.816	0.752	0.797	0.784	0.762	0.81	0.795	0.807	0.708	0.697	0.702	0.603	0.593	0.61	0.598	0.69	0.633	0.624	0.606	0.586	0.097	0.1	0.099	0.62	0.601	0.601	0.616	0.611	0.629	0.599	0.595	0.593	0.605	0.597	0.596	0.604	0.601	0.663	0.607	0.595	0.617	0.598	0.599	0.691	0.592	0.583	0.589	0.609	0.59	0.595	0.603	0.582	0.588	0.498	0.511	0.522	0.519	0.53	0.539	0.516	0.543	0.559	0.708	0.697	0.702	0.675	0.69	0.694	0.66	0.657	0.666	0.708	0.697	0.702	0.553	0.536	0.534
5.83	0.838	0.874	0.879	0.694	0.724	0.744	0.873	0.858	0.821	0.658	0.737	0.736	0.095	0.096	0.096	0.1	0.102	0.095	0.736	0.776	0.773	0.097	0.1	0.099	0.101	0.098	0.1	0.694	0.724	0.744	0.881	0.877	0.833	0.637	0.649	0.671	0.545	0.547	0.497	0.744	0.74	0.752	0.687	0.661	0.583	0.694	0.724	0.744	0.886	0.85	0.81	0.536	0.101	0.094	0.509	0.51	0.451	0.618	0.096	0.095	0.651	0.689	0.559	0.851	0.893	0.887	0.897	0.897	0.892	0.887	0.864	0.816	0.095	0.095	0.096	0.522	0.523	0.518	0.096	0.097	0.093	0.097	0.096	0.097	0.607	0.573	0.536	0.096	0.095	0.096	0.895	0.902	0.902	0.694	0.724	0.744	0.105	0.104	0.107	0.641	0.626	0.559	0.107	0.106	0.104	0.563	0.544	0.557	0.871	0.897	0.903	0.895	0.885	0.902	0.365	0.508	0.491	0.473	0.491	0.521	0.575	0.725	0.661	0.72	0.699	0.703	0.694	0.724	0.744	0.694	0.724	0.744	0.308	0.313	0.308	0.318	0.338	0.348	0.448	0.493	0.524	0.477	0.51	0.533	0.912	0.885	0.877	0.187	0.199	0.189	0.694	0.724	0.744	0.58	0.547	0.573	0.75	0.763	0.763	0.612	0.688	0.645	0.735	0.721	0.664	0.75	0.791	0.814	0.72	0.709	0.682	0.72	0.709	0.682	0.799	0.804	0.802	0.687	0.752	0.725	0.766	0.808	0.795	0.785	0.801	0.797	0.752	0.747	0.753	0.77	0.797	0.772	0.788	0.765	0.752	0.553	0.511	0.493	0.732	0.753	0.694	0.809	0.804	0.817	0.229	0.259	0.826	0.408	0.48	0.813	0.785	0.801	0.797	0.641	0.633	0.614	0.68	0.714	0.73	0.939	0.936	0.897	0.657	0.934	0.739	0.924	0.933	0.874	0.947	0.946	0.937	0.163	0.162	0.153	0.189	0.185	0.176	0.953	0.974	0.965	0.148	0.133	0.13	0.848	0.863	0.878	0.18	0.179	0.173	0.831	0.907	0.923	0.267	0.259	0.253	0.953	0.974	0.965	0.292	0.289	0.3	0.731	0.719	0.699	0.953	0.974	0.965	0.141	0.149	0.147	0.505	0.5	0.498	0.953	0.974	0.965	0.631	0.684	0.686	0.904	0.876	0.894	0.846	0.827	0.745	0.764	0.763	0.754	0.891	0.938	0.926	0.923	0.905	0.868	0.951	0.952	0.895	0.875	0.928	0.947	0.603	0.627	0.64	0.747	0.798	0.791	0.881	0.891	0.893	0.903	0.899	0.893	0.565	0.545	0.545	0.733	0.724	0.717	0.769	0.762	0.784	0.875	0.904	0.843	1.002	0.977	0.929	0.769	0.755	0.745	0.917	0.904	0.876	0.915	0.908	0.911	0.679	0.649	0.654	0.789	0.77	0.752	0.782	0.785	0.79	0.724	0.719	0.719	0.764	0.754	0.732	0.774	0.764	0.755	0.739	0.731	0.679	0.208	0.216	0.213	0.234	0.251	0.245	0.48	0.454	0.416	0.464	0.456	0.487	0.836	1.009	0.928	0.776	0.747	0.779	0.698	0.738	0.741	0.852	0.848	0.85	0.149	0.15	0.149	0.176	0.184	0.174	0.811	0.801	0.775	0.145	0.142	0.136	0.178	0.168	0.166	0.855	0.858	0.865	0.151	0.147	0.149	0.171	0.173	0.17	0.808	0.808	0.829	0.819	0.807	0.766	0.641	0.626	0.559	0.8	0.823	0.815	0.82	0.819	0.826	0.753	0.8	0.836	0.828	0.823	0.813	0.79	0.825	0.812	0.83	0.816	0.827	0.187	0.199	0.189	0.717	0.744	0.754	0.762	0.764	0.755	0.794	0.769	0.772	0.714	0.678	0.662	0.791	0.765	0.775	0.706	0.665	0.662	0.807	0.774	0.783	0.785	0.801	0.797	0.807	0.787	0.792	0.8	0.802	0.794	0.791	0.779	0.758	0.809	0.808	0.808	0.799	0.782	0.759	0.795	0.831	0.767	0.8	0.783	0.769	0.811	0.799	0.81	0.743	0.728	0.742	0.608	0.599	0.622	0.624	0.707	0.652	0.625	0.614	0.595	0.097	0.1	0.099	0.635	0.601	0.601	0.621	0.622	0.628	0.611	0.614	0.608	0.62	0.614	0.611	0.609	0.607	0.674	0.619	0.612	0.616	0.618	0.609	0.699	0.605	0.598	0.605	0.62	0.614	0.608	0.617	0.599	0.608	0.514	0.53	0.542	0.541	0.551	0.566	0.54	0.568	0.58	0.743	0.728	0.742	0.687	0.711	0.707	0.688	0.682	0.691	0.743	0.728	0.742	0.568	0.551	0.55
6.0	0.89	0.899	0.905	0.768	0.823	0.826	0.892	0.882	0.874	0.665	0.748	0.746	0.095	0.096	0.096	0.1	0.103	0.096	0.753	0.793	0.792	0.097	0.1	0.099	0.101	0.098	0.1	0.768	0.823	0.826	0.906	0.899	0.873	0.642	0.656	0.678	0.544	0.548	0.496	0.759	0.756	0.767	0.697	0.671	0.59	0.768	0.823	0.826	0.907	0.888	0.855	0.535	0.101	0.095	0.509	0.511	0.451	0.625	0.096	0.096	0.66	0.701	0.566	0.897	0.915	0.907	0.915	0.919	0.915	0.927	0.916	0.874	0.094	0.095	0.096	0.516	0.517	0.514	0.096	0.096	0.093	0.096	0.096	0.097	0.611	0.576	0.536	0.096	0.095	0.096	0.912	0.92	0.918	0.768	0.823	0.826	0.105	0.104	0.107	0.655	0.641	0.573	0.107	0.106	0.104	0.542	0.528	0.548	0.92	0.918	0.92	0.911	0.903	0.924	0.36	0.507	0.488	0.471	0.491	0.523	0.577	0.736	0.669	0.731	0.708	0.715	0.768	0.823	0.826	0.768	0.823	0.826	0.308	0.305	0.3	0.318	0.339	0.35	0.422	0.452	0.474	0.469	0.507	0.531	0.926	0.913	0.904	0.192	0.205	0.194	0.768	0.823	0.826	0.601	0.567	0.596	0.764	0.78	0.775	0.65	0.74	0.685	0.769	0.762	0.7	0.805	0.84	0.837	0.736	0.725	0.697	0.736	0.725	0.697	0.81	0.82	0.82	0.696	0.774	0.746	0.777	0.816	0.816	0.802	0.813	0.809	0.744	0.746	0.76	0.786	0.826	0.786	0.803	0.779	0.775	0.559	0.507	0.497	0.736	0.753	0.699	0.818	0.814	0.833	0.225	0.254	0.84	0.396	0.469	0.822	0.802	0.813	0.809	0.659	0.65	0.629	0.744	0.783	0.793	0.957	0.942	0.916	0.683	0.951	0.779	0.946	0.957	0.903	0.964	0.967	0.955	0.162	0.16	0.151	0.187	0.183	0.176	0.977	0.984	0.98	0.146	0.133	0.127	0.874	0.886	0.901	0.178	0.178	0.169	0.856	0.943	0.945	0.252	0.249	0.247	0.977	0.984	0.98	0.282	0.279	0.289	0.75	0.74	0.719	0.977	0.984	0.98	0.151	0.161	0.157	0.485	0.502	0.482	0.977	0.984	0.98	0.658	0.727	0.731	0.991	0.95	0.978	0.868	0.85	0.766	0.784	0.784	0.774	0.995	1.015	1.003	0.949	0.94	0.892	0.981	0.991	0.927	0.911	0.975	0.986	0.605	0.629	0.649	0.753	0.81	0.805	0.936	0.937	0.941	0.949	0.95	0.952	0.571	0.554	0.553	0.753	0.745	0.738	0.784	0.777	0.8	0.913	0.951	0.88	1.034	1.009	0.982	0.795	0.778	0.763	0.978	0.951	0.92	0.974	0.979	0.974	0.699	0.664	0.666	0.831	0.807	0.785	0.795	0.796	0.798	0.74	0.735	0.736	0.781	0.773	0.751	0.818	0.813	0.805	0.781	0.77	0.707	0.207	0.216	0.213	0.236	0.246	0.241	0.49	0.459	0.42	0.469	0.455	0.506	0.969	1.106	1.099	0.784	0.759	0.789	0.717	0.752	0.795	0.883	0.88	0.886	0.148	0.149	0.148	0.175	0.183	0.173	0.864	0.856	0.819	0.144	0.142	0.133	0.176	0.166	0.164	0.891	0.899	0.899	0.15	0.147	0.149	0.169	0.172	0.169	0.851	0.847	0.877	0.84	0.809	0.785	0.655	0.641	0.573	0.819	0.839	0.831	0.835	0.834	0.844	0.757	0.809	0.843	0.832	0.819	0.825	0.805	0.833	0.821	0.841	0.835	0.849	0.192	0.205	0.194	0.741	0.765	0.779	0.8	0.81	0.784	0.801	0.781	0.78	0.759	0.726	0.7	0.802	0.774	0.786	0.76	0.706	0.69	0.813	0.786	0.79	0.802	0.813	0.809	0.817	0.795	0.802	0.809	0.807	0.801	0.797	0.785	0.768	0.813	0.813	0.811	0.802	0.784	0.77	0.802	0.843	0.783	0.803	0.785	0.776	0.814	0.801	0.813	0.772	0.77	0.786	0.624	0.618	0.624	0.647	0.725	0.666	0.633	0.619	0.604	0.097	0.1	0.099	0.665	0.607	0.611	0.634	0.631	0.64	0.621	0.618	0.619	0.633	0.626	0.621	0.624	0.618	0.686	0.635	0.625	0.626	0.627	0.617	0.697	0.619	0.61	0.616	0.627	0.628	0.612	0.634	0.613	0.619	0.527	0.552	0.57	0.559	0.574	0.58	0.566	0.587	0.594	0.772	0.77	0.786	0.695	0.726	0.713	0.716	0.707	0.72	0.772	0.77	0.786	0.586	0.566	0.563
6.17	0.918	0.918	0.921	0.856	0.894	0.892	0.912	0.909	0.895	0.672	0.759	0.755	0.095	0.096	0.096	0.1	0.103	0.096	0.767	0.809	0.81	0.097	0.1	0.099	0.101	0.098	0.1	0.856	0.894	0.892	0.919	0.922	0.9	0.648	0.662	0.683	0.542	0.547	0.496	0.774	0.771	0.78	0.705	0.68	0.595	0.856	0.894	0.892	0.93	0.901	0.891	0.532	0.101	0.095	0.505	0.505	0.449	0.629	0.096	0.096	0.667	0.709	0.571	0.922	0.934	0.925	0.932	0.931	0.929	0.948	0.934	0.917	0.094	0.095	0.096	0.507	0.51	0.507	0.096	0.097	0.093	0.096	0.097	0.097	0.613	0.577	0.536	0.096	0.095	0.096	0.93	0.939	0.934	0.856	0.894	0.892	0.104	0.103	0.107	0.666	0.653	0.584	0.106	0.105	0.104	0.528	0.511	0.536	0.937	0.936	0.937	0.93	0.925	0.94	0.353	0.505	0.485	0.468	0.489	0.522	0.579	0.745	0.678	0.738	0.716	0.725	0.856	0.894	0.892	0.856	0.894	0.892	0.297	0.295	0.294	0.319	0.343	0.354	0.406	0.416	0.435	0.464	0.504	0.527	0.93	0.933	0.922	0.2	0.213	0.202	0.856	0.894	0.892	0.621	0.588	0.621	0.784	0.8	0.793	0.682	0.766	0.712	0.783	0.781	0.723	0.84	0.857	0.864	0.75	0.741	0.712	0.75	0.741	0.712	0.831	0.836	0.838	0.7	0.789	0.759	0.796	0.842	0.838	0.818	0.838	0.829	0.748	0.743	0.766	0.801	0.85	0.796	0.821	0.792	0.795	0.561	0.504	0.501	0.737	0.754	0.706	0.84	0.838	0.85	0.223	0.251	0.857	0.385	0.46	0.841	0.818	0.838	0.829	0.677	0.664	0.641	0.781	0.809	0.82	0.974	0.959	0.932	0.708	0.979	0.809	0.972	0.973	0.927	0.977	0.987	0.965	0.161	0.159	0.15	0.185	0.181	0.175	0.997	0.997	0.996	0.144	0.132	0.126	0.905	0.921	0.931	0.176	0.176	0.166	0.877	0.974	0.97	0.239	0.24	0.242	0.997	0.997	0.996	0.273	0.269	0.279	0.769	0.761	0.738	0.997	0.997	0.996	0.163	0.175	0.17	0.473	0.484	0.467	0.997	0.997	0.996	0.703	0.772	0.782	1.051	1.032	1.044	0.888	0.872	0.782	0.806	0.805	0.795	1.053	1.067	1.054	0.96	0.969	0.923	0.998	1.018	0.983	0.95	1.01	1.018	0.614	0.638	0.659	0.764	0.816	0.819	0.989	0.984	0.986	0.991	0.988	1.001	0.578	0.56	0.558	0.773	0.764	0.758	0.796	0.79	0.812	0.951	0.996	0.918	1.053	1.036	1.022	0.822	0.797	0.782	1.056	1.004	0.979	1.006	0.996	1.005	0.714	0.679	0.683	0.871	0.847	0.819	0.804	0.804	0.806	0.754	0.749	0.749	0.797	0.79	0.768	0.889	0.87	0.88	0.826	0.816	0.748	0.208	0.214	0.213	0.233	0.245	0.235	0.494	0.466	0.428	0.477	0.46	0.501	1.077	1.181	1.196	0.781	0.769	0.794	0.739	0.769	0.825	0.905	0.913	0.908	0.147	0.148	0.147	0.173	0.182	0.172	0.894	0.886	0.859	0.144	0.141	0.132	0.174	0.164	0.162	0.909	0.922	0.916	0.149	0.146	0.148	0.168	0.171	0.168	0.887	0.883	0.904	0.858	0.831	0.81	0.666	0.653	0.584	0.841	0.859	0.854	0.855	0.846	0.851	0.758	0.814	0.855	0.853	0.829	0.842	0.827	0.853	0.833	0.849	0.85	0.858	0.2	0.213	0.202	0.762	0.782	0.801	0.83	0.828	0.8	0.814	0.791	0.789	0.809	0.772	0.744	0.81	0.781	0.791	0.795	0.747	0.721	0.825	0.788	0.801	0.818	0.838	0.829	0.83	0.808	0.813	0.822	0.819	0.81	0.806	0.794	0.781	0.822	0.822	0.821	0.811	0.795	0.772	0.809	0.843	0.8	0.817	0.793	0.78	0.824	0.806	0.825	0.801	0.784	0.808	0.64	0.64	0.65	0.669	0.744	0.682	0.647	0.635	0.629	0.097	0.1	0.099	0.681	0.628	0.637	0.644	0.64	0.649	0.644	0.628	0.633	0.647	0.639	0.639	0.623	0.627	0.691	0.646	0.638	0.642	0.628	0.63	0.695	0.631	0.629	0.617	0.63	0.646	0.618	0.649	0.622	0.631	0.539	0.574	0.585	0.577	0.593	0.589	0.583	0.602	0.601	0.801	0.784	0.808	0.694	0.73	0.71	0.743	0.73	0.747	0.801	0.784	0.808	0.599	0.584	0.577
6.33	0.933	0.937	0.937	0.932	0.933	0.924	0.929	0.925	0.921	0.677	0.769	0.764	0.095	0.096	0.096	0.101	0.103	0.096	0.779	0.825	0.828	0.097	0.1	0.099	0.102	0.098	0.1	0.932	0.933	0.924	0.935	0.939	0.914	0.654	0.665	0.688	0.536	0.543	0.495	0.788	0.786	0.79	0.712	0.685	0.599	0.932	0.933	0.924	0.943	0.913	0.911	0.525	0.101	0.095	0.5	0.498	0.444	0.633	0.096	0.095	0.673	0.716	0.575	0.942	0.946	0.94	0.946	0.948	0.938	0.957	0.945	0.94	0.094	0.095	0.096	0.497	0.499	0.499	0.096	0.096	0.093	0.096	0.096	0.097	0.612	0.577	0.533	0.096	0.095	0.096	0.95	0.956	0.954	0.932	0.933	0.924	0.104	0.103	0.107	0.678	0.665	0.595	0.106	0.105	0.104	0.511	0.495	0.521	0.954	0.947	0.956	0.944	0.944	0.953	0.346	0.5	0.481	0.467	0.487	0.522	0.58	0.752	0.684	0.745	0.723	0.732	0.932	0.933	0.924	0.932	0.933	0.924	0.29	0.289	0.287	0.324	0.345	0.358	0.383	0.379	0.399	0.46	0.499	0.523	0.946	0.947	0.931	0.21	0.223	0.211	0.932	0.933	0.924	0.655	0.613	0.647	0.808	0.818	0.815	0.707	0.785	0.739	0.798	0.808	0.748	0.865	0.874	0.888	0.762	0.754	0.725	0.762	0.754	0.725	0.854	0.857	0.859	0.703	0.804	0.77	0.817	0.865	0.862	0.844	0.862	0.85	0.756	0.745	0.77	0.815	0.864	0.814	0.844	0.811	0.815	0.562	0.496	0.502	0.737	0.755	0.71	0.854	0.856	0.872	0.22	0.249	0.874	0.373	0.452	0.855	0.844	0.862	0.85	0.69	0.674	0.652	0.805	0.827	0.834	0.991	0.979	0.954	0.735	1.005	0.835	1.007	0.994	0.948	0.998	0.997	0.985	0.16	0.158	0.149	0.183	0.179	0.174	1.018	1.016	1.014	0.143	0.131	0.124	0.934	0.957	0.96	0.174	0.174	0.162	0.907	1.0	0.994	0.228	0.232	0.236	1.018	1.016	1.014	0.266	0.262	0.272	0.789	0.782	0.757	1.018	1.016	1.014	0.176	0.191	0.185	0.452	0.461	0.442	1.018	1.016	1.014	0.772	0.827	0.825	1.094	1.084	1.067	0.905	0.891	0.797	0.826	0.827	0.819	1.068	1.124	1.106	0.959	0.987	0.963	0.998	1.027	1.028	0.984	1.036	1.042	0.63	0.645	0.664	0.774	0.825	0.834	1.014	1.009	1.018	1.02	1.016	1.018	0.582	0.564	0.563	0.792	0.785	0.78	0.808	0.8	0.823	1.007	1.056	0.986	1.036	0.982	1.039	0.849	0.817	0.801	1.114	1.073	1.04	1.015	1.012	1.016	0.735	0.696	0.701	0.916	0.891	0.866	0.817	0.817	0.821	0.768	0.762	0.761	0.811	0.804	0.785	0.976	0.978	0.964	0.896	0.876	0.787	0.205	0.213	0.211	0.232	0.243	0.233	0.5	0.472	0.435	0.488	0.467	0.507	1.137	1.184	1.189	0.778	0.784	0.796	0.762	0.782	0.849	0.929	0.93	0.929	0.146	0.148	0.146	0.172	0.18	0.17	0.926	0.916	0.889	0.144	0.14	0.13	0.172	0.163	0.163	0.927	0.952	0.937	0.149	0.146	0.148	0.167	0.17	0.166	0.916	0.917	0.928	0.866	0.849	0.835	0.678	0.665	0.595	0.862	0.876	0.867	0.87	0.86	0.865	0.754	0.818	0.862	0.865	0.841	0.857	0.837	0.865	0.846	0.863	0.862	0.872	0.21	0.223	0.211	0.781	0.793	0.817	0.852	0.852	0.821	0.826	0.807	0.802	0.838	0.81	0.785	0.828	0.797	0.808	0.826	0.793	0.762	0.842	0.801	0.815	0.844	0.862	0.85	0.849	0.827	0.829	0.84	0.836	0.831	0.821	0.809	0.795	0.837	0.83	0.835	0.825	0.81	0.783	0.822	0.846	0.822	0.83	0.806	0.784	0.835	0.821	0.837	0.819	0.795	0.824	0.668	0.659	0.684	0.691	0.761	0.697	0.671	0.663	0.655	0.097	0.1	0.099	0.695	0.644	0.667	0.652	0.651	0.661	0.657	0.649	0.644	0.671	0.657	0.657	0.63	0.653	0.701	0.666	0.658	0.656	0.632	0.649	0.714	0.648	0.649	0.63	0.636	0.651	0.629	0.661	0.633	0.633	0.553	0.593	0.596	0.587	0.608	0.606	0.594	0.608	0.616	0.819	0.795	0.824	0.69	0.721	0.695	0.771	0.752	0.774	0.819	0.795	0.824	0.617	0.607	0.595
6.5	0.948	0.952	0.953	0.955	0.956	0.95	0.946	0.945	0.937	0.68	0.775	0.771	0.095	0.096	0.096	0.101	0.103	0.096	0.79	0.838	0.843	0.096	0.1	0.099	0.102	0.098	0.1	0.955	0.956	0.95	0.947	0.952	0.937	0.66	0.67	0.688	0.531	0.538	0.489	0.803	0.798	0.801	0.715	0.69	0.601	0.955	0.956	0.95	0.954	0.932	0.934	0.517	0.101	0.095	0.492	0.49	0.437	0.636	0.096	0.095	0.676	0.721	0.578	0.956	0.957	0.951	0.96	0.961	0.946	0.965	0.958	0.953	0.094	0.095	0.096	0.485	0.484	0.489	0.096	0.097	0.093	0.096	0.097	0.097	0.609	0.575	0.526	0.096	0.096	0.096	0.968	0.979	0.971	0.955	0.956	0.95	0.104	0.103	0.107	0.688	0.673	0.605	0.106	0.105	0.104	0.501	0.486	0.504	0.965	0.962	0.975	0.96	0.963	0.972	0.341	0.5	0.475	0.465	0.483	0.521	0.582	0.757	0.688	0.75	0.729	0.733	0.955	0.956	0.95	0.955	0.956	0.95	0.287	0.284	0.282	0.33	0.35	0.364	0.362	0.369	0.38	0.455	0.493	0.521	0.964	0.969	0.945	0.222	0.235	0.223	0.955	0.956	0.95	0.684	0.644	0.677	0.83	0.838	0.834	0.726	0.797	0.752	0.818	0.828	0.771	0.89	0.896	0.907	0.774	0.767	0.739	0.774	0.767	0.739	0.878	0.88	0.887	0.709	0.815	0.783	0.838	0.884	0.883	0.87	0.888	0.877	0.762	0.744	0.775	0.835	0.877	0.826	0.868	0.836	0.838	0.563	0.493	0.505	0.74	0.766	0.713	0.88	0.882	0.894	0.219	0.247	0.894	0.368	0.438	0.879	0.87	0.888	0.877	0.7	0.683	0.664	0.821	0.834	0.842	1.008	0.995	0.975	0.766	1.026	0.874	1.035	1.016	0.975	1.018	1.018	1.001	0.159	0.157	0.147	0.182	0.177	0.173	1.036	1.033	1.033	0.141	0.13	0.123	0.971	1.0	0.979	0.173	0.172	0.162	0.898	1.024	1.01	0.218	0.225	0.231	1.036	1.033	1.033	0.258	0.256	0.264	0.81	0.803	0.775	1.036	1.033	1.033	0.192	0.21	0.203	0.426	0.442	0.434	1.036	1.033	1.033	0.841	0.862	0.863	1.159	1.131	1.087	0.921	0.907	0.81	0.845	0.849	0.841	1.092	1.148	1.151	0.945	0.987	0.997	0.998	1.022	1.061	1.01	1.025	1.032	0.636	0.654	0.674	0.784	0.836	0.848	1.036	1.035	1.041	1.03	1.022	1.04	0.589	0.569	0.57	0.811	0.801	0.802	0.82	0.808	0.832	1.052	1.085	1.052	1.019	0.994	1.049	0.874	0.836	0.822	1.099	1.11	1.098	1.036	1.034	1.033	0.759	0.714	0.718	0.996	0.948	0.934	0.834	0.834	0.837	0.778	0.773	0.771	0.824	0.817	0.799	1.027	1.014	1.001	0.973	0.958	0.839	0.206	0.212	0.209	0.23	0.241	0.23	0.509	0.48	0.439	0.486	0.473	0.512	1.141	1.175	1.18	0.783	0.801	0.791	0.778	0.793	0.871	0.944	0.949	0.945	0.146	0.147	0.144	0.17	0.178	0.169	0.946	0.934	0.915	0.143	0.139	0.129	0.171	0.161	0.16	0.948	0.966	0.958	0.148	0.145	0.147	0.165	0.169	0.165	0.938	0.939	0.946	0.885	0.866	0.85	0.688	0.673	0.605	0.883	0.895	0.881	0.886	0.878	0.881	0.756	0.823	0.876	0.883	0.846	0.871	0.852	0.879	0.861	0.879	0.88	0.88	0.222	0.235	0.223	0.795	0.8	0.83	0.87	0.869	0.846	0.846	0.823	0.816	0.852	0.846	0.821	0.848	0.811	0.828	0.844	0.842	0.801	0.856	0.818	0.832	0.87	0.888	0.877	0.87	0.85	0.85	0.865	0.861	0.854	0.835	0.823	0.81	0.858	0.851	0.847	0.846	0.823	0.793	0.838	0.846	0.845	0.842	0.829	0.792	0.856	0.844	0.857	0.817	0.801	0.828	0.692	0.69	0.7	0.712	0.782	0.712	0.695	0.682	0.679	0.096	0.1	0.099	0.718	0.675	0.687	0.674	0.665	0.672	0.685	0.675	0.671	0.695	0.687	0.692	0.64	0.684	0.726	0.698	0.697	0.677	0.641	0.669	0.738	0.676	0.678	0.649	0.641	0.657	0.649	0.688	0.652	0.647	0.569	0.601	0.607	0.598	0.613	0.631	0.603	0.618	0.625	0.817	0.801	0.828	0.685	0.705	0.683	0.797	0.775	0.798	0.817	0.801	0.828	0.636	0.632	0.618
6.67	0.965	0.967	0.974	0.972	0.975	0.97	0.965	0.963	0.958	0.685	0.781	0.776	0.095	0.097	0.096	0.101	0.103	0.096	0.8	0.85	0.856	0.096	0.1	0.1	0.102	0.099	0.1	0.972	0.975	0.97	0.964	0.961	0.955	0.663	0.671	0.69	0.523	0.532	0.481	0.814	0.811	0.81	0.717	0.693	0.602	0.972	0.975	0.97	0.967	0.946	0.945	0.508	0.101	0.095	0.482	0.479	0.429	0.637	0.096	0.096	0.678	0.725	0.579	0.97	0.973	0.965	0.975	0.975	0.956	0.974	0.969	0.965	0.095	0.095	0.096	0.471	0.47	0.475	0.096	0.097	0.093	0.096	0.097	0.097	0.603	0.573	0.518	0.096	0.096	0.096	0.988	0.992	0.989	0.972	0.975	0.97	0.104	0.103	0.107	0.697	0.682	0.612	0.106	0.105	0.104	0.491	0.477	0.491	0.983	0.978	0.99	0.978	0.983	0.99	0.338	0.501	0.469	0.458	0.479	0.52	0.584	0.759	0.69	0.751	0.731	0.736	0.972	0.975	0.97	0.972	0.975	0.97	0.291	0.283	0.28	0.337	0.357	0.371	0.351	0.362	0.368	0.45	0.489	0.515	0.997	0.991	0.966	0.235	0.249	0.24	0.972	0.975	0.97	0.71	0.67	0.71	0.848	0.859	0.858	0.733	0.812	0.77	0.84	0.847	0.792	0.914	0.923	0.927	0.786	0.778	0.753	0.786	0.778	0.753	0.905	0.903	0.912	0.715	0.826	0.795	0.858	0.907	0.911	0.889	0.912	0.901	0.767	0.745	0.776	0.847	0.892	0.844	0.893	0.857	0.86	0.562	0.488	0.509	0.746	0.777	0.716	0.901	0.901	0.917	0.218	0.245	0.917	0.358	0.426	0.905	0.889	0.912	0.901	0.711	0.688	0.671	0.836	0.848	0.851	1.024	1.011	0.998	0.799	1.047	0.898	1.052	1.027	0.998	1.035	1.037	1.019	0.158	0.156	0.146	0.18	0.175	0.171	1.055	1.052	1.046	0.139	0.128	0.122	0.995	1.025	0.998	0.171	0.17	0.159	0.932	1.045	1.029	0.21	0.219	0.227	1.055	1.052	1.046	0.252	0.248	0.256	0.83	0.824	0.792	1.055	1.052	1.046	0.21	0.23	0.222	0.408	0.432	0.418	1.055	1.052	1.046	0.885	0.893	0.887	1.195	1.161	1.113	0.934	0.922	0.824	0.865	0.869	0.861	1.119	1.109	1.162	0.928	0.971	1.003	0.993	1.017	1.058	0.947	1.008	1.015	0.647	0.663	0.684	0.795	0.846	0.862	1.056	0.987	0.986	0.991	0.972	1.049	0.593	0.572	0.576	0.829	0.817	0.822	0.825	0.813	0.837	1.079	1.06	1.099	1.038	1.031	0.998	0.893	0.856	0.844	1.081	1.088	1.123	1.056	1.053	1.056	0.776	0.731	0.733	1.08	1.008	1.009	0.85	0.853	0.856	0.787	0.782	0.78	0.836	0.83	0.814	1.05	1.042	1.021	1.014	0.994	0.891	0.204	0.212	0.208	0.227	0.239	0.229	0.512	0.483	0.437	0.488	0.475	0.522	1.139	1.148	1.172	0.791	0.814	0.793	0.793	0.805	0.887	0.963	0.967	0.957	0.145	0.146	0.143	0.169	0.176	0.167	0.963	0.956	0.934	0.143	0.138	0.127	0.169	0.16	0.157	0.966	0.985	0.979	0.147	0.145	0.147	0.164	0.168	0.164	0.958	0.953	0.97	0.9	0.879	0.869	0.697	0.682	0.612	0.904	0.909	0.901	0.903	0.893	0.898	0.76	0.832	0.898	0.897	0.856	0.879	0.863	0.9	0.878	0.899	0.895	0.898	0.235	0.249	0.24	0.807	0.805	0.839	0.891	0.89	0.867	0.867	0.842	0.84	0.873	0.874	0.835	0.867	0.834	0.845	0.866	0.859	0.832	0.878	0.84	0.855	0.889	0.912	0.901	0.891	0.878	0.875	0.887	0.888	0.88	0.859	0.849	0.831	0.877	0.875	0.87	0.868	0.846	0.81	0.854	0.843	0.865	0.861	0.847	0.807	0.881	0.866	0.88	0.817	0.811	0.833	0.715	0.715	0.709	0.739	0.8	0.731	0.717	0.711	0.703	0.096	0.1	0.1	0.737	0.7	0.71	0.7	0.687	0.694	0.725	0.72	0.71	0.737	0.715	0.736	0.654	0.696	0.746	0.75	0.748	0.708	0.66	0.695	0.766	0.716	0.703	0.673	0.654	0.675	0.677	0.732	0.677	0.67	0.598	0.61	0.621	0.607	0.619	0.645	0.614	0.633	0.644	0.817	0.811	0.833	0.673	0.692	0.668	0.821	0.8	0.818	0.817	0.811	0.833	0.659	0.654	0.638
6.83	0.982	0.99	0.992	0.989	0.989	0.986	0.984	0.975	0.976	0.688	0.785	0.78	0.095	0.096	0.096	0.102	0.103	0.097	0.81	0.861	0.866	0.096	0.1	0.1	0.102	0.099	0.1	0.989	0.989	0.986	0.982	0.981	0.973	0.665	0.675	0.693	0.513	0.523	0.472	0.825	0.822	0.82	0.719	0.693	0.601	0.989	0.989	0.986	0.983	0.96	0.957	0.496	0.101	0.095	0.471	0.469	0.418	0.636	0.096	0.096	0.677	0.725	0.575	0.984	0.987	0.983	0.986	0.985	0.966	0.988	0.981	0.98	0.094	0.095	0.096	0.455	0.455	0.46	0.096	0.097	0.093	0.096	0.096	0.097	0.597	0.566	0.508	0.096	0.096	0.096	1.004	1.008	1.009	0.989	0.989	0.986	0.104	0.103	0.107	0.705	0.691	0.62	0.105	0.105	0.104	0.478	0.466	0.486	1.0	0.999	1.01	1.002	1.003	1.009	0.326	0.492	0.474	0.45	0.475	0.519	0.581	0.76	0.691	0.753	0.732	0.738	0.989	0.989	0.986	0.989	0.989	0.986	0.29	0.282	0.278	0.344	0.365	0.377	0.323	0.346	0.347	0.447	0.486	0.513	1.022	1.01	0.988	0.251	0.265	0.258	0.989	0.989	0.986	0.735	0.697	0.737	0.873	0.875	0.873	0.742	0.82	0.793	0.86	0.863	0.812	0.938	0.941	0.945	0.796	0.791	0.766	0.796	0.791	0.766	0.933	0.936	0.934	0.724	0.836	0.802	0.882	0.928	0.939	0.912	0.941	0.931	0.77	0.746	0.776	0.863	0.907	0.862	0.918	0.881	0.884	0.559	0.483	0.507	0.751	0.783	0.72	0.929	0.926	0.938	0.216	0.244	0.937	0.349	0.413	0.921	0.912	0.941	0.931	0.717	0.688	0.676	0.856	0.866	0.869	1.038	1.028	1.015	0.83	1.072	0.921	1.069	1.038	1.02	1.049	1.052	1.035	0.157	0.155	0.144	0.178	0.173	0.169	1.068	1.068	1.059	0.137	0.127	0.121	1.017	1.05	1.024	0.17	0.169	0.156	0.942	1.062	1.05	0.204	0.214	0.223	1.068	1.068	1.059	0.245	0.241	0.254	0.849	0.846	0.809	1.068	1.068	1.059	0.23	0.251	0.243	0.397	0.406	0.394	1.068	1.068	1.059	0.908	0.925	0.916	1.222	1.204	1.143	0.946	0.937	0.835	0.884	0.887	0.882	1.066	1.136	1.123	0.913	0.951	1.002	0.991	1.016	1.042	0.972	1.02	1.034	0.657	0.674	0.694	0.803	0.859	0.874	1.049	1.009	1.008	1.009	1.0	0.989	0.596	0.576	0.579	0.846	0.833	0.841	0.831	0.815	0.842	1.063	1.032	1.106	1.059	1.043	1.01	0.914	0.871	0.86	1.074	1.042	1.114	1.071	1.016	1.076	0.792	0.746	0.751	1.125	1.071	1.071	0.873	0.869	0.874	0.794	0.789	0.787	0.848	0.843	0.826	1.061	1.048	1.054	1.046	1.034	0.931	0.202	0.207	0.206	0.226	0.236	0.226	0.516	0.49	0.439	0.491	0.479	0.526	1.149	1.135	1.165	0.8	0.825	0.8	0.807	0.814	0.903	0.98	0.98	0.977	0.144	0.146	0.141	0.167	0.175	0.166	0.98	0.971	0.961	0.142	0.138	0.125	0.168	0.159	0.157	0.985	1.005	1.001	0.147	0.144	0.146	0.162	0.167	0.163	0.98	0.976	0.989	0.91	0.894	0.886	0.705	0.691	0.62	0.923	0.923	0.917	0.917	0.915	0.919	0.768	0.85	0.915	0.915	0.872	0.891	0.869	0.916	0.893	0.912	0.912	0.918	0.251	0.265	0.258	0.815	0.81	0.845	0.91	0.909	0.885	0.887	0.872	0.866	0.897	0.892	0.857	0.891	0.861	0.87	0.887	0.881	0.851	0.901	0.866	0.879	0.912	0.941	0.931	0.911	0.899	0.898	0.903	0.909	0.902	0.884	0.874	0.852	0.899	0.901	0.889	0.893	0.872	0.829	0.875	0.845	0.882	0.889	0.872	0.83	0.912	0.89	0.904	0.823	0.822	0.844	0.737	0.728	0.727	0.762	0.817	0.759	0.741	0.729	0.726	0.096	0.1	0.1	0.76	0.726	0.727	0.731	0.716	0.716	0.744	0.744	0.75	0.752	0.752	0.766	0.671	0.719	0.76	0.771	0.769	0.733	0.677	0.72	0.788	0.755	0.725	0.698	0.675	0.691	0.707	0.781	0.722	0.695	0.625	0.624	0.64	0.618	0.631	0.667	0.627	0.647	0.665	0.823	0.822	0.844	0.658	0.677	0.658	0.838	0.823	0.831	0.823	0.822	0.844	0.69	0.675	0.66
7.0	1.0	1.009	1.015	1.005	1.005	0.996	1.004	0.996	0.992	0.692	0.788	0.785	0.095	0.097	0.097	0.102	0.104	0.097	0.82	0.869	0.875	0.096	0.1	0.1	0.103	0.1	0.1	1.005	1.005	0.996	1.003	1.0	0.996	0.666	0.677	0.694	0.5	0.512	0.463	0.835	0.83	0.827	0.717	0.694	0.598	1.005	1.005	0.996	0.994	0.979	0.972	0.483	0.101	0.095	0.46	0.452	0.406	0.634	0.096	0.096	0.675	0.725	0.569	1.002	1.003	1.007	1.002	0.997	0.98	0.998	0.993	0.996	0.095	0.095	0.096	0.436	0.44	0.444	0.096	0.097	0.093	0.096	0.097	0.097	0.589	0.559	0.498	0.096	0.096	0.096	1.022	1.029	1.03	1.005	1.005	0.996	0.104	0.104	0.106	0.711	0.698	0.627	0.105	0.105	0.104	0.462	0.452	0.476	1.017	1.02	1.028	1.023	1.023	1.026	0.315	0.487	0.46	0.439	0.475	0.516	0.578	0.76	0.691	0.753	0.731	0.739	1.005	1.005	0.996	1.005	1.005	0.996	0.292	0.282	0.276	0.35	0.373	0.384	0.334	0.332	0.344	0.446	0.483	0.512	1.045	1.027	1.004	0.27	0.291	0.294	1.005	1.005	0.996	0.757	0.711	0.75	0.899	0.901	0.899	0.753	0.836	0.814	0.875	0.877	0.831	0.959	0.958	0.964	0.807	0.804	0.781	0.807	0.804	0.781	0.955	0.962	0.958	0.733	0.841	0.804	0.899	0.953	0.966	0.936	0.966	0.958	0.77	0.748	0.771	0.879	0.921	0.879	0.945	0.901	0.907	0.556	0.477	0.504	0.755	0.789	0.72	0.95	0.947	0.957	0.216	0.243	0.957	0.343	0.401	0.94	0.936	0.966	0.958	0.72	0.69	0.677	0.874	0.888	0.891	1.056	1.046	1.034	0.849	1.089	0.951	1.085	1.057	1.04	1.068	1.067	1.05	0.156	0.154	0.143	0.176	0.172	0.168	1.085	1.088	1.076	0.134	0.126	0.119	1.038	1.067	1.053	0.168	0.167	0.154	0.945	1.079	1.071	0.199	0.209	0.219	1.085	1.088	1.076	0.239	0.236	0.25	0.871	0.866	0.824	1.085	1.088	1.076	0.25	0.269	0.261	0.392	0.407	0.377	1.085	1.088	1.076	0.925	0.943	0.937	1.231	1.221	1.167	0.956	0.95	0.844	0.903	0.906	0.902	1.066	1.107	1.149	0.898	0.936	0.981	0.991	1.01	1.029	0.995	1.039	1.046	0.668	0.683	0.703	0.816	0.872	0.886	1.009	1.028	1.032	1.028	1.021	1.015	0.6	0.58	0.581	0.861	0.851	0.859	0.833	0.816	0.845	1.046	1.048	1.065	1.063	1.05	1.036	0.923	0.882	0.874	1.079	1.05	1.058	1.051	1.016	1.091	0.808	0.759	0.77	1.077	1.121	1.133	0.9	0.89	0.887	0.801	0.796	0.794	0.86	0.855	0.838	1.077	1.073	1.066	1.059	1.064	0.966	0.199	0.207	0.205	0.224	0.241	0.224	0.518	0.489	0.44	0.491	0.48	0.529	1.166	1.144	1.154	0.809	0.828	0.809	0.814	0.823	0.916	0.997	1.0	0.993	0.144	0.145	0.14	0.165	0.173	0.164	0.997	0.991	0.986	0.141	0.138	0.123	0.166	0.158	0.155	1.002	1.016	1.012	0.146	0.144	0.146	0.161	0.166	0.161	0.997	0.992	1.007	0.93	0.909	0.903	0.711	0.698	0.627	0.95	0.941	0.942	0.937	0.94	0.943	0.783	0.871	0.935	0.934	0.888	0.896	0.875	0.935	0.909	0.93	0.933	0.932	0.27	0.291	0.294	0.823	0.818	0.855	0.927	0.923	0.907	0.918	0.898	0.891	0.916	0.911	0.877	0.915	0.891	0.889	0.904	0.907	0.877	0.922	0.89	0.894	0.936	0.966	0.958	0.93	0.921	0.924	0.926	0.934	0.923	0.904	0.897	0.878	0.931	0.925	0.917	0.907	0.892	0.853	0.891	0.847	0.898	0.909	0.895	0.851	0.934	0.915	0.93	0.833	0.835	0.857	0.749	0.748	0.741	0.784	0.836	0.775	0.75	0.75	0.743	0.096	0.1	0.1	0.778	0.738	0.749	0.748	0.735	0.746	0.771	0.756	0.764	0.78	0.779	0.779	0.694	0.744	0.787	0.792	0.793	0.758	0.708	0.739	0.816	0.777	0.748	0.72	0.693	0.713	0.738	0.789	0.746	0.724	0.651	0.646	0.668	0.633	0.649	0.694	0.644	0.666	0.688	0.833	0.835	0.857	0.651	0.663	0.649	0.849	0.842	0.838	0.833	0.835	0.857	0.715	0.695	0.681
7.17	1.016	1.023	1.031	1.015	1.019	1.004	1.023	1.013	1.009	0.693	0.793	0.789	0.095	0.097	0.097	0.103	0.104	0.098	0.83	0.876	0.882	0.096	0.1	0.1	0.103	0.1	0.101	1.015	1.019	1.004	1.022	1.019	1.013	0.666	0.678	0.694	0.485	0.498	0.453	0.84	0.835	0.833	0.716	0.692	0.594	1.015	1.019	1.004	1.005	0.992	0.989	0.466	0.101	0.095	0.446	0.438	0.394	0.629	0.096	0.096	0.671	0.723	0.563	1.019	1.021	1.024	1.018	1.011	0.997	1.01	1.009	1.012	0.095	0.095	0.096	0.418	0.422	0.425	0.096	0.097	0.093	0.097	0.097	0.097	0.577	0.546	0.487	0.096	0.096	0.096	1.038	1.048	1.051	1.015	1.019	1.004	0.104	0.104	0.106	0.718	0.705	0.634	0.105	0.105	0.104	0.449	0.438	0.467	1.035	1.038	1.045	1.043	1.044	1.047	0.307	0.477	0.448	0.433	0.464	0.509	0.574	0.759	0.691	0.752	0.73	0.738	1.015	1.019	1.004	1.015	1.019	1.004	0.292	0.284	0.276	0.357	0.382	0.392	0.315	0.314	0.331	0.445	0.48	0.51	1.067	1.043	1.018	0.291	0.317	0.324	1.015	1.019	1.004	0.773	0.726	0.762	0.921	0.923	0.92	0.763	0.849	0.831	0.884	0.89	0.849	0.981	0.98	0.987	0.817	0.817	0.795	0.817	0.817	0.795	0.986	0.981	0.986	0.739	0.845	0.803	0.912	0.973	0.988	0.962	0.989	0.989	0.771	0.749	0.765	0.892	0.933	0.903	0.969	0.93	0.94	0.551	0.476	0.503	0.758	0.793	0.72	0.976	0.975	0.971	0.215	0.243	0.979	0.337	0.392	0.966	0.962	0.989	0.989	0.723	0.684	0.676	0.896	0.909	0.914	1.074	1.068	1.055	0.864	1.111	0.977	1.103	1.071	1.062	1.084	1.081	1.068	0.155	0.153	0.141	0.174	0.17	0.166	1.104	1.107	1.096	0.133	0.125	0.118	1.056	1.079	1.078	0.167	0.166	0.153	0.952	1.101	1.086	0.194	0.204	0.214	1.104	1.107	1.096	0.232	0.229	0.245	0.89	0.885	0.839	1.104	1.107	1.096	0.269	0.343	0.35	0.387	0.398	0.371	1.104	1.107	1.096	0.941	0.963	0.961	1.24	1.232	1.198	0.964	0.961	0.852	0.92	0.922	0.917	1.074	1.112	1.142	0.884	0.924	0.961	0.991	1.01	1.017	1.015	1.057	1.061	0.677	0.692	0.71	0.828	0.88	0.896	1.031	1.048	1.046	1.046	1.036	1.04	0.605	0.582	0.582	0.874	0.862	0.872	0.83	0.815	0.842	1.038	1.055	1.051	1.074	1.05	1.052	0.931	0.889	0.884	1.083	1.052	1.073	1.028	1.036	1.07	0.825	0.773	0.785	1.079	1.104	1.106	0.92	0.913	0.909	0.807	0.8	0.8	0.872	0.867	0.85	1.095	1.091	1.082	1.075	1.077	1.003	0.197	0.204	0.203	0.22	0.238	0.221	0.518	0.488	0.44	0.49	0.481	0.53	1.181	1.151	1.151	0.817	0.828	0.819	0.819	0.825	0.925	1.014	1.014	1.011	0.143	0.144	0.138	0.163	0.172	0.162	1.016	1.006	1.004	0.141	0.137	0.122	0.165	0.157	0.153	1.018	1.034	1.028	0.146	0.143	0.145	0.16	0.165	0.16	1.012	1.009	1.025	0.946	0.918	0.921	0.718	0.705	0.634	0.97	0.954	0.958	0.956	0.964	0.961	0.805	0.893	0.958	0.954	0.904	0.906	0.877	0.953	0.92	0.944	0.95	0.949	0.291	0.317	0.324	0.832	0.826	0.864	0.946	0.947	0.936	0.938	0.923	0.914	0.935	0.932	0.906	0.938	0.911	0.911	0.922	0.926	0.903	0.947	0.918	0.914	0.962	0.989	0.989	0.952	0.943	0.942	0.95	0.955	0.942	0.93	0.925	0.903	0.959	0.952	0.941	0.931	0.911	0.878	0.909	0.852	0.92	0.932	0.916	0.874	0.959	0.935	0.949	0.845	0.852	0.872	0.767	0.766	0.758	0.807	0.852	0.794	0.772	0.764	0.763	0.096	0.1	0.1	0.797	0.758	0.77	0.768	0.757	0.768	0.788	0.776	0.782	0.802	0.789	0.798	0.722	0.761	0.808	0.815	0.802	0.778	0.725	0.755	0.839	0.799	0.77	0.741	0.721	0.736	0.755	0.802	0.77	0.753	0.671	0.672	0.707	0.655	0.672	0.717	0.664	0.693	0.729	0.845	0.852	0.872	0.644	0.652	0.642	0.851	0.857	0.836	0.845	0.852	0.872	0.736	0.711	0.703
7.33	1.034	1.044	1.05	1.026	1.026	1.014	1.042	1.032	1.023	0.695	0.798	0.791	0.096	0.097	0.097	0.104	0.105	0.098	0.839	0.882	0.889	0.097	0.101	0.1	0.104	0.101	0.101	1.026	1.026	1.014	1.042	1.038	1.031	0.667	0.679	0.693	0.471	0.485	0.44	0.846	0.839	0.837	0.714	0.69	0.588	1.026	1.026	1.014	1.016	1.006	1.001	0.449	0.101	0.095	0.43	0.422	0.384	0.624	0.096	0.096	0.666	0.718	0.555	1.034	1.035	1.042	1.03	1.024	1.017	1.028	1.02	1.027	0.095	0.095	0.096	0.399	0.405	0.408	0.096	0.097	0.093	0.097	0.097	0.097	0.565	0.532	0.475	0.097	0.096	0.096	1.053	1.065	1.063	1.026	1.026	1.014	0.104	0.104	0.106	0.722	0.71	0.64	0.105	0.105	0.104	0.432	0.42	0.453	1.056	1.06	1.062	1.058	1.059	1.067	0.3	0.467	0.441	0.426	0.454	0.506	0.568	0.757	0.691	0.751	0.729	0.736	1.026	1.026	1.014	1.026	1.026	1.014	0.291	0.283	0.276	0.364	0.39	0.4	0.307	0.301	0.317	0.444	0.477	0.509	1.079	1.059	1.033	0.314	0.34	0.347	1.026	1.026	1.014	0.786	0.736	0.773	0.946	0.95	0.941	0.775	0.858	0.856	0.894	0.904	0.867	0.997	1.0	1.002	0.828	0.83	0.807	0.828	0.83	0.807	1.005	1.004	1.009	0.744	0.846	0.798	0.925	1.002	1.012	0.978	1.011	1.013	0.773	0.749	0.761	0.907	0.94	0.92	0.989	0.95	0.966	0.547	0.469	0.502	0.76	0.793	0.719	1.001	1.002	0.997	0.215	0.243	1.002	0.333	0.382	0.996	0.978	1.011	1.013	0.725	0.68	0.673	0.917	0.935	0.938	1.091	1.085	1.072	0.882	1.126	1.008	1.117	1.087	1.081	1.1	1.1	1.082	0.153	0.152	0.14	0.173	0.168	0.165	1.118	1.127	1.115	0.132	0.123	0.118	1.072	1.093	1.094	0.165	0.164	0.151	0.958	1.115	1.1	0.191	0.2	0.21	1.118	1.127	1.115	0.226	0.223	0.239	0.908	0.904	0.853	1.118	1.127	1.115	0.352	0.371	0.379	0.383	0.39	0.367	1.118	1.127	1.115	0.954	0.979	0.985	1.224	1.235	1.21	0.97	0.97	0.858	0.934	0.937	0.929	1.093	1.125	1.125	0.878	0.915	0.942	0.988	1.008	1.012	1.018	1.074	1.073	0.685	0.7	0.717	0.839	0.887	0.904	1.053	1.064	1.054	1.06	1.05	1.056	0.606	0.579	0.581	0.888	0.875	0.888	0.826	0.814	0.838	1.036	1.063	1.073	1.08	1.071	1.064	0.935	0.897	0.891	1.089	1.061	1.091	1.054	1.056	1.048	0.838	0.789	0.799	1.079	1.078	1.078	0.934	0.931	0.931	0.812	0.802	0.805	0.883	0.877	0.862	1.104	1.102	1.093	1.093	1.094	1.023	0.195	0.202	0.201	0.219	0.236	0.22	0.518	0.485	0.442	0.49	0.481	0.533	1.196	1.149	1.159	0.824	0.818	0.829	0.82	0.826	0.933	1.028	1.028	1.026	0.142	0.144	0.137	0.161	0.17	0.161	1.03	1.023	1.021	0.14	0.136	0.12	0.164	0.156	0.151	1.034	1.054	1.047	0.145	0.143	0.145	0.159	0.164	0.159	1.029	1.029	1.042	0.963	0.931	0.939	0.722	0.71	0.64	0.993	0.968	0.974	0.977	0.982	0.978	0.829	0.909	0.977	0.974	0.916	0.918	0.882	0.97	0.933	0.965	0.97	0.962	0.314	0.34	0.347	0.842	0.836	0.874	0.967	0.971	0.957	0.97	0.946	0.938	0.955	0.95	0.923	0.96	0.93	0.93	0.943	0.945	0.925	0.965	0.953	0.937	0.978	1.011	1.013	0.98	0.967	0.963	0.974	0.98	0.971	0.952	0.95	0.938	0.984	0.986	0.963	0.951	0.932	0.901	0.923	0.866	0.939	0.954	0.942	0.901	0.98	0.966	0.974	0.86	0.869	0.889	0.787	0.783	0.783	0.834	0.869	0.82	0.789	0.781	0.781	0.097	0.101	0.1	0.814	0.782	0.791	0.791	0.781	0.792	0.817	0.798	0.812	0.824	0.808	0.816	0.745	0.778	0.822	0.827	0.818	0.799	0.744	0.779	0.855	0.812	0.792	0.758	0.748	0.754	0.785	0.821	0.785	0.775	0.699	0.707	0.728	0.678	0.703	0.745	0.691	0.727	0.764	0.86	0.869	0.889	0.639	0.642	0.638	0.842	0.863	0.824	0.86	0.869	0.889	0.757	0.727	0.721
7.5	1.055	1.059	1.065	1.035	1.033	1.025	1.058	1.049	1.037	0.695	0.8	0.789	0.096	0.097	0.097	0.106	0.106	0.099	0.849	0.887	0.894	0.096	0.101	0.1	0.105	0.102	0.102	1.035	1.033	1.025	1.057	1.059	1.047	0.667	0.68	0.692	0.454	0.469	0.426	0.849	0.841	0.838	0.711	0.687	0.584	1.035	1.033	1.025	1.032	1.023	1.021	0.432	0.101	0.095	0.416	0.409	0.37	0.617	0.096	0.096	0.659	0.712	0.546	1.053	1.051	1.054	1.045	1.039	1.031	1.041	1.033	1.04	0.095	0.095	0.097	0.38	0.387	0.391	0.096	0.097	0.093	0.097	0.097	0.097	0.548	0.518	0.459	0.097	0.096	0.096	1.067	1.083	1.076	1.035	1.033	1.025	0.103	0.104	0.106	0.726	0.716	0.644	0.104	0.105	0.104	0.416	0.406	0.438	1.072	1.078	1.08	1.075	1.072	1.082	0.291	0.457	0.43	0.415	0.44	0.489	0.553	0.754	0.688	0.75	0.727	0.734	1.035	1.033	1.025	1.035	1.033	1.025	0.288	0.283	0.276	0.372	0.399	0.408	0.296	0.29	0.303	0.444	0.476	0.509	1.091	1.069	1.046	0.339	0.365	0.368	1.035	1.033	1.025	0.794	0.737	0.781	0.971	0.968	0.967	0.789	0.873	0.876	0.903	0.918	0.881	1.013	1.02	1.022	0.836	0.84	0.821	0.836	0.84	0.821	1.03	1.027	1.035	0.75	0.843	0.795	0.939	1.023	1.033	1.006	1.038	1.037	0.774	0.75	0.758	0.913	0.944	0.939	1.012	0.971	0.99	0.541	0.466	0.501	0.761	0.795	0.721	1.029	1.032	1.025	0.216	0.243	1.023	0.328	0.374	1.016	1.006	1.038	1.037	0.728	0.683	0.669	0.934	0.961	0.963	1.11	1.103	1.093	0.894	1.139	1.029	1.133	1.1	1.1	1.119	1.115	1.103	0.153	0.151	0.138	0.171	0.167	0.163	1.129	1.139	1.133	0.131	0.122	0.117	1.085	1.105	1.11	0.164	0.163	0.148	0.963	1.126	1.115	0.188	0.196	0.206	1.129	1.139	1.133	0.221	0.217	0.234	0.925	0.921	0.867	1.129	1.139	1.133	0.312	0.342	0.33	0.378	0.384	0.367	1.129	1.139	1.133	0.969	0.998	1.007	1.202	1.231	1.216	0.975	0.977	0.862	0.947	0.95	0.943	1.125	1.151	1.139	0.863	0.905	0.929	0.99	1.01	1.009	1.041	1.084	1.084	0.691	0.706	0.723	0.846	0.896	0.91	1.065	1.071	1.065	1.068	1.057	1.071	0.604	0.577	0.58	0.894	0.884	0.9	0.824	0.81	0.833	1.047	1.064	1.082	1.095	1.073	1.074	0.941	0.9	0.898	1.09	1.058	1.095	1.071	1.068	1.072	0.85	0.8	0.814	1.078	1.073	1.082	0.962	0.95	0.955	0.815	0.805	0.809	0.894	0.886	0.872	1.116	1.113	1.106	1.105	1.105	1.047	0.193	0.201	0.2	0.222	0.237	0.22	0.52	0.486	0.438	0.488	0.479	0.535	1.212	1.163	1.172	0.827	0.81	0.837	0.818	0.826	0.938	1.043	1.038	1.04	0.142	0.143	0.135	0.16	0.169	0.159	1.049	1.042	1.041	0.139	0.135	0.119	0.162	0.155	0.149	1.05	1.069	1.063	0.145	0.143	0.145	0.158	0.163	0.158	1.044	1.047	1.059	0.978	0.942	0.956	0.726	0.716	0.644	1.015	0.99	0.994	0.997	0.999	0.997	0.85	0.912	0.99	0.991	0.921	0.929	0.889	0.987	0.945	0.984	0.99	0.981	0.339	0.365	0.368	0.853	0.847	0.881	0.993	0.996	0.981	0.993	0.977	0.97	0.977	0.968	0.942	0.982	0.957	0.954	0.96	0.958	0.941	0.987	0.984	0.964	1.006	1.038	1.037	1.01	1.0	0.994	1.008	1.015	1.006	0.979	0.976	0.96	1.018	1.014	0.997	0.971	0.954	0.925	0.943	0.879	0.954	0.983	0.963	0.923	0.998	0.997	1.001	0.874	0.886	0.903	0.809	0.802	0.801	0.861	0.889	0.849	0.812	0.798	0.795	0.096	0.101	0.1	0.834	0.799	0.803	0.812	0.793	0.806	0.83	0.813	0.828	0.842	0.83	0.838	0.766	0.801	0.841	0.852	0.841	0.816	0.766	0.801	0.873	0.831	0.806	0.783	0.762	0.776	0.804	0.841	0.814	0.793	0.728	0.73	0.754	0.71	0.734	0.768	0.713	0.751	0.792	0.874	0.886	0.903	0.634	0.634	0.634	0.821	0.859	0.803	0.874	0.886	0.903	0.776	0.743	0.74
7.67	1.068	1.078	1.08	1.042	1.046	1.037	1.076	1.063	1.054	0.695	0.799	0.789	0.096	0.097	0.097	0.108	0.108	0.1	0.858	0.891	0.898	0.096	0.101	0.1	0.107	0.103	0.103	1.042	1.046	1.037	1.075	1.073	1.062	0.668	0.681	0.689	0.436	0.452	0.409	0.848	0.842	0.832	0.705	0.684	0.577	1.042	1.046	1.037	1.044	1.038	1.028	0.415	0.101	0.095	0.402	0.398	0.352	0.608	0.096	0.096	0.653	0.705	0.538	1.067	1.06	1.066	1.058	1.053	1.043	1.054	1.049	1.061	0.095	0.096	0.097	0.361	0.37	0.373	0.096	0.097	0.094	0.097	0.097	0.097	0.53	0.502	0.441	0.097	0.097	0.096	1.083	1.094	1.088	1.042	1.046	1.037	0.103	0.104	0.106	0.729	0.721	0.648	0.104	0.105	0.104	0.403	0.389	0.423	1.087	1.092	1.093	1.089	1.086	1.096	0.281	0.442	0.419	0.404	0.429	0.476	0.545	0.752	0.685	0.749	0.725	0.732	1.042	1.046	1.037	1.042	1.046	1.037	0.285	0.282	0.276	0.381	0.408	0.418	0.286	0.284	0.291	0.446	0.478	0.51	1.099	1.076	1.056	0.365	0.389	0.39	1.042	1.046	1.037	0.8	0.743	0.789	0.996	0.991	0.991	0.799	0.887	0.896	0.915	0.929	0.901	1.029	1.035	1.041	0.845	0.852	0.832	0.845	0.852	0.832	1.051	1.049	1.057	0.749	0.833	0.793	0.952	1.044	1.048	1.032	1.066	1.061	0.77	0.749	0.757	0.914	0.945	0.958	1.031	0.996	1.009	0.536	0.462	0.501	0.763	0.796	0.722	1.054	1.056	1.048	0.215	0.242	1.043	0.324	0.368	1.04	1.032	1.066	1.061	0.729	0.682	0.662	0.951	0.983	0.985	1.133	1.122	1.11	0.903	1.157	1.046	1.149	1.116	1.115	1.134	1.13	1.126	0.152	0.15	0.137	0.17	0.166	0.161	1.142	1.157	1.157	0.13	0.121	0.117	1.097	1.115	1.123	0.162	0.162	0.148	0.969	1.136	1.128	0.185	0.193	0.203	1.142	1.157	1.157	0.216	0.212	0.229	0.939	0.937	0.881	1.142	1.157	1.157	0.334	0.363	0.351	0.381	0.382	0.365	1.142	1.157	1.157	0.984	1.014	1.02	1.207	1.219	1.218	0.974	0.982	0.864	0.959	0.962	0.956	1.134	1.155	1.159	0.851	0.899	0.922	0.992	1.011	1.006	1.059	1.091	1.093	0.693	0.711	0.727	0.853	0.901	0.914	1.08	1.081	1.077	1.076	1.071	1.085	0.599	0.575	0.58	0.901	0.889	0.906	0.82	0.807	0.832	1.058	1.049	1.09	1.105	1.082	1.08	0.938	0.903	0.902	1.098	1.062	1.091	1.081	1.079	1.087	0.859	0.811	0.823	1.08	1.071	1.077	0.997	0.98	0.985	0.816	0.808	0.812	0.903	0.895	0.883	1.124	1.121	1.113	1.113	1.113	1.053	0.191	0.202	0.2	0.226	0.238	0.223	0.519	0.482	0.433	0.487	0.478	0.536	1.228	1.177	1.188	0.826	0.797	0.843	0.817	0.825	0.94	1.057	1.05	1.054	0.142	0.143	0.134	0.158	0.167	0.158	1.063	1.053	1.054	0.138	0.134	0.118	0.161	0.154	0.148	1.073	1.088	1.082	0.144	0.142	0.144	0.157	0.162	0.156	1.058	1.062	1.077	0.992	0.951	0.973	0.729	0.721	0.648	1.039	1.008	1.012	1.01	1.018	1.016	0.866	0.9	1.009	1.006	0.918	0.939	0.895	1.004	0.957	1.0	1.006	0.999	0.365	0.389	0.39	0.863	0.857	0.891	1.019	1.022	1.003	1.03	1.008	1.004	0.997	0.992	0.96	1.012	0.994	0.983	0.983	0.98	0.966	1.02	1.017	0.996	1.032	1.066	1.061	1.038	1.036	1.026	1.044	1.056	1.036	1.01	0.994	0.978	1.049	1.048	1.029	0.999	0.973	0.953	0.96	0.895	0.971	1.007	0.992	0.948	1.031	1.029	1.033	0.891	0.901	0.919	0.825	0.823	0.816	0.889	0.911	0.876	0.83	0.818	0.81	0.096	0.101	0.1	0.855	0.823	0.819	0.83	0.819	0.824	0.85	0.845	0.849	0.86	0.854	0.862	0.785	0.819	0.851	0.866	0.866	0.831	0.791	0.821	0.884	0.847	0.826	0.797	0.788	0.799	0.829	0.864	0.829	0.807	0.756	0.752	0.781	0.745	0.768	0.79	0.74	0.776	0.819	0.891	0.901	0.919	0.63	0.627	0.63	0.797	0.847	0.774	0.891	0.901	0.919	0.797	0.759	0.755
7.83	1.083	1.091	1.095	1.059	1.061	1.051	1.09	1.075	1.068	0.693	0.798	0.787	0.096	0.097	0.097	0.11	0.11	0.101	0.863	0.895	0.902	0.096	0.101	0.1	0.108	0.105	0.103	1.059	1.061	1.051	1.092	1.088	1.078	0.668	0.682	0.687	0.418	0.435	0.395	0.843	0.839	0.824	0.698	0.679	0.566	1.059	1.061	1.051	1.054	1.048	1.041	0.399	0.101	0.095	0.394	0.378	0.335	0.597	0.096	0.097	0.645	0.698	0.529	1.079	1.071	1.078	1.069	1.067	1.056	1.063	1.062	1.074	0.095	0.096	0.097	0.343	0.353	0.355	0.097	0.097	0.094	0.097	0.097	0.097	0.51	0.485	0.421	0.097	0.097	0.097	1.094	1.11	1.101	1.059	1.061	1.051	0.103	0.104	0.106	0.732	0.725	0.65	0.104	0.104	0.103	0.39	0.378	0.409	1.101	1.107	1.103	1.1	1.103	1.107	0.275	0.435	0.407	0.393	0.418	0.466	0.532	0.749	0.684	0.748	0.723	0.73	1.059	1.061	1.051	1.059	1.061	1.051	0.28	0.279	0.275	0.39	0.416	0.427	0.286	0.282	0.287	0.451	0.479	0.511	1.11	1.083	1.071	0.391	0.412	0.413	1.059	1.061	1.051	0.802	0.743	0.794	1.02	1.014	1.014	0.806	0.899	0.913	0.928	0.94	0.923	1.047	1.054	1.064	0.853	0.863	0.843	0.853	0.863	0.843	1.071	1.075	1.08	0.745	0.831	0.789	0.961	1.063	1.056	1.057	1.086	1.083	0.764	0.742	0.758	0.906	0.941	0.973	1.053	1.014	1.03	0.529	0.457	0.497	0.768	0.799	0.719	1.088	1.089	1.073	0.216	0.242	1.07	0.322	0.363	1.075	1.057	1.086	1.083	0.733	0.681	0.652	0.973	0.999	1.002	1.15	1.135	1.128	0.915	1.172	1.063	1.164	1.136	1.133	1.148	1.151	1.139	0.151	0.15	0.137	0.168	0.164	0.16	1.151	1.172	1.172	0.128	0.12	0.116	1.107	1.124	1.132	0.161	0.16	0.146	0.975	1.153	1.144	0.183	0.19	0.199	1.151	1.172	1.172	0.211	0.206	0.224	0.954	0.951	0.894	1.151	1.172	1.172	0.359	0.384	0.371	0.378	0.379	0.362	1.151	1.172	1.172	1.002	1.031	1.037	1.209	1.215	1.218	0.973	0.984	0.862	0.971	0.973	0.969	1.137	1.16	1.167	0.843	0.891	0.907	0.992	1.01	1.003	1.067	1.096	1.099	0.695	0.713	0.729	0.856	0.903	0.918	1.088	1.09	1.081	1.083	1.075	1.091	0.597	0.572	0.577	0.906	0.895	0.911	0.809	0.807	0.833	1.056	1.071	1.09	1.11	1.085	1.088	0.937	0.905	0.902	1.101	1.065	1.096	1.091	1.089	1.099	0.865	0.817	0.831	1.085	1.076	1.087	1.036	1.029	1.012	0.817	0.81	0.815	0.913	0.904	0.894	1.135	1.127	1.122	1.12	1.118	1.053	0.189	0.199	0.196	0.221	0.234	0.224	0.515	0.476	0.431	0.484	0.474	0.538	1.232	1.185	1.194	0.828	0.777	0.839	0.807	0.823	0.943	1.073	1.067	1.067	0.141	0.142	0.133	0.157	0.166	0.156	1.076	1.07	1.066	0.137	0.132	0.117	0.16	0.152	0.146	1.089	1.103	1.101	0.144	0.142	0.144	0.156	0.161	0.155	1.071	1.079	1.095	1.008	0.958	0.992	0.732	0.725	0.65	1.06	1.026	1.031	1.023	1.037	1.036	0.876	0.888	1.031	1.028	0.914	0.953	0.896	1.024	0.969	1.018	1.02	1.017	0.391	0.412	0.413	0.87	0.864	0.897	1.043	1.048	1.029	1.072	1.048	1.045	1.022	1.018	0.98	1.045	1.028	1.003	1.004	1.0	0.985	1.06	1.05	1.037	1.057	1.086	1.083	1.075	1.074	1.06	1.077	1.104	1.069	1.046	1.02	1.002	1.086	1.091	1.065	1.031	1.0	0.975	0.978	0.912	0.993	1.042	1.024	0.974	1.069	1.06	1.065	0.907	0.914	0.934	0.844	0.843	0.834	0.915	0.93	0.896	0.85	0.834	0.836	0.096	0.101	0.1	0.868	0.839	0.84	0.843	0.834	0.843	0.874	0.862	0.867	0.876	0.871	0.875	0.805	0.839	0.869	0.886	0.879	0.843	0.809	0.837	0.898	0.866	0.847	0.81	0.808	0.82	0.851	0.884	0.852	0.82	0.781	0.78	0.804	0.768	0.789	0.817	0.773	0.798	0.843	0.907	0.914	0.934	0.627	0.623	0.627	0.768	0.828	0.743	0.907	0.914	0.934	0.817	0.773	0.769
8.0	1.098	1.105	1.108	1.073	1.079	1.065	1.1	1.09	1.082	0.694	0.797	0.785	0.096	0.097	0.098	0.113	0.113	0.103	0.87	0.898	0.904	0.097	0.101	0.101	0.11	0.107	0.105	1.073	1.079	1.065	1.11	1.102	1.091	0.669	0.683	0.685	0.4	0.415	0.38	0.834	0.833	0.814	0.688	0.671	0.554	1.073	1.079	1.065	1.066	1.061	1.054	0.381	0.101	0.095	0.372	0.352	0.316	0.584	0.096	0.097	0.635	0.69	0.514	1.091	1.083	1.09	1.081	1.073	1.077	1.072	1.074	1.085	0.095	0.096	0.097	0.327	0.333	0.339	0.097	0.097	0.094	0.097	0.098	0.097	0.49	0.467	0.397	0.097	0.097	0.097	1.104	1.12	1.109	1.073	1.079	1.065	0.103	0.104	0.106	0.734	0.728	0.654	0.104	0.104	0.103	0.378	0.364	0.399	1.119	1.117	1.122	1.107	1.112	1.12	0.269	0.425	0.394	0.382	0.408	0.457	0.524	0.746	0.677	0.745	0.72	0.727	1.073	1.079	1.065	1.073	1.079	1.065	0.274	0.276	0.274	0.399	0.426	0.437	0.284	0.279	0.282	0.458	0.481	0.511	1.125	1.09	1.083	0.419	0.439	0.439	1.073	1.079	1.065	0.793	0.734	0.791	1.037	1.036	1.04	0.817	0.918	0.932	0.94	0.956	0.941	1.062	1.074	1.083	0.861	0.872	0.853	0.861	0.872	0.853	1.099	1.093	1.116	0.743	0.834	0.785	0.967	1.075	1.06	1.082	1.1	1.103	0.753	0.732	0.762	0.904	0.935	0.983	1.081	1.044	1.053	0.525	0.454	0.491	0.77	0.801	0.718	1.106	1.117	1.103	0.215	0.241	1.105	0.32	0.358	1.103	1.082	1.1	1.103	0.733	0.681	0.642	0.988	1.013	1.015	1.162	1.152	1.142	0.929	1.191	1.076	1.176	1.154	1.146	1.169	1.166	1.158	0.15	0.149	0.136	0.167	0.163	0.158	1.161	1.186	1.183	0.127	0.119	0.116	1.117	1.133	1.141	0.16	0.159	0.145	0.986	1.168	1.162	0.181	0.188	0.196	1.161	1.186	1.183	0.207	0.204	0.219	0.968	0.963	0.907	1.161	1.186	1.183	0.378	0.4	0.39	0.378	0.382	0.364	1.161	1.186	1.183	1.022	1.051	1.052	1.213	1.21	1.211	0.968	0.983	0.858	0.981	0.982	0.979	1.133	1.168	1.172	0.83	0.877	0.896	0.993	1.012	1.001	1.075	1.097	1.101	0.694	0.713	0.73	0.853	0.905	0.92	1.094	1.093	1.086	1.085	1.081	1.096	0.593	0.566	0.572	0.907	0.901	0.914	0.803	0.801	0.829	1.054	1.077	1.093	1.117	1.088	1.094	0.936	0.903	0.902	1.093	1.069	1.094	1.096	1.094	1.112	0.871	0.824	0.834	1.071	1.07	1.09	1.074	1.057	1.053	0.818	0.81	0.815	0.922	0.913	0.904	1.143	1.134	1.128	1.118	1.115	1.054	0.191	0.198	0.196	0.217	0.227	0.229	0.51	0.475	0.428	0.482	0.471	0.536	1.245	1.196	1.204	0.816	0.764	0.834	0.794	0.818	0.945	1.086	1.086	1.083	0.141	0.141	0.132	0.156	0.164	0.154	1.093	1.083	1.083	0.136	0.131	0.116	0.158	0.151	0.145	1.106	1.124	1.118	0.143	0.141	0.143	0.155	0.16	0.154	1.087	1.096	1.11	1.023	0.964	1.01	0.734	0.728	0.654	1.074	1.041	1.048	1.042	1.055	1.055	0.882	0.877	1.047	1.045	0.917	0.968	0.892	1.039	0.981	1.035	1.036	1.035	0.419	0.439	0.439	0.875	0.87	0.901	1.072	1.073	1.051	1.106	1.077	1.07	1.05	1.046	1.003	1.078	1.057	1.033	1.032	1.022	1.006	1.096	1.085	1.07	1.082	1.1	1.103	1.109	1.103	1.094	1.117	1.133	1.101	1.083	1.055	1.025	1.116	1.123	1.097	1.071	1.031	1.002	1.0	0.931	1.015	1.087	1.055	1.004	1.101	1.102	1.093	0.927	0.93	0.959	0.868	0.859	0.85	0.94	0.946	0.913	0.871	0.856	0.854	0.097	0.101	0.101	0.888	0.86	0.858	0.862	0.855	0.859	0.891	0.874	0.884	0.903	0.884	0.891	0.832	0.862	0.886	0.901	0.9	0.864	0.826	0.858	0.913	0.888	0.865	0.832	0.826	0.842	0.868	0.898	0.858	0.839	0.803	0.805	0.825	0.793	0.808	0.835	0.797	0.828	0.866	0.927	0.93	0.959	0.625	0.618	0.625	0.74	0.803	0.716	0.927	0.93	0.959	0.838	0.784	0.78
8.17	1.109	1.119	1.115	1.086	1.09	1.079	1.114	1.101	1.097	0.697	0.796	0.783	0.097	0.097	0.098	0.116	0.116	0.105	0.875	0.899	0.905	0.097	0.102	0.101	0.113	0.109	0.106	1.086	1.09	1.079	1.123	1.111	1.107	0.669	0.684	0.683	0.381	0.395	0.362	0.827	0.824	0.804	0.675	0.66	0.541	1.086	1.09	1.079	1.076	1.073	1.07	0.366	0.101	0.095	0.333	0.331	0.301	0.568	0.096	0.097	0.624	0.678	0.497	1.1	1.093	1.102	1.09	1.08	1.085	1.08	1.086	1.094	0.096	0.096	0.097	0.312	0.311	0.323	0.097	0.097	0.094	0.097	0.098	0.097	0.47	0.447	0.378	0.098	0.098	0.097	1.116	1.126	1.114	1.086	1.09	1.079	0.103	0.103	0.106	0.736	0.73	0.658	0.104	0.104	0.103	0.368	0.353	0.386	1.129	1.13	1.131	1.121	1.124	1.136	0.264	0.413	0.381	0.37	0.396	0.45	0.518	0.742	0.671	0.742	0.717	0.724	1.086	1.09	1.079	1.086	1.09	1.079	0.27	0.274	0.272	0.407	0.435	0.446	0.284	0.279	0.281	0.465	0.483	0.514	1.132	1.098	1.098	0.448	0.466	0.469	1.086	1.09	1.079	0.78	0.719	0.779	1.058	1.057	1.061	0.826	0.931	0.953	0.956	0.974	0.965	1.081	1.097	1.1	0.869	0.88	0.863	0.869	0.88	0.863	1.12	1.128	1.136	0.742	0.839	0.779	0.965	1.081	1.058	1.104	1.126	1.122	0.743	0.718	0.765	0.9	0.933	0.993	1.094	1.07	1.074	0.522	0.451	0.491	0.77	0.801	0.711	1.139	1.138	1.126	0.214	0.24	1.126	0.32	0.355	1.13	1.104	1.126	1.122	0.734	0.668	0.629	1.003	1.021	1.025	1.177	1.164	1.151	0.946	1.203	1.089	1.188	1.175	1.162	1.183	1.178	1.174	0.149	0.148	0.135	0.165	0.162	0.157	1.169	1.202	1.193	0.126	0.118	0.116	1.128	1.14	1.148	0.158	0.158	0.142	0.986	1.185	1.177	0.179	0.186	0.194	1.169	1.202	1.193	0.204	0.203	0.213	0.98	0.975	0.918	1.169	1.202	1.193	0.396	0.42	0.409	0.381	0.381	0.368	1.169	1.202	1.193	1.043	1.066	1.067	1.22	1.206	1.209	0.96	0.983	0.853	0.987	0.991	0.988	1.157	1.171	1.185	0.816	0.864	0.876	0.983	1.009	1.001	1.078	1.1	1.101	0.692	0.711	0.728	0.85	0.909	0.92	1.097	1.097	1.093	1.087	1.083	1.099	0.586	0.559	0.565	0.911	0.903	0.918	0.797	0.797	0.824	1.052	1.074	1.092	1.122	1.091	1.099	0.929	0.902	0.897	1.107	1.065	1.091	1.101	1.098	1.118	0.869	0.828	0.835	1.079	1.079	1.086	1.098	1.095	1.084	0.819	0.81	0.814	0.932	0.922	0.914	1.149	1.138	1.131	1.12	1.12	1.062	0.196	0.209	0.202	0.211	0.233	0.228	0.505	0.472	0.426	0.48	0.474	0.533	1.25	1.202	1.207	0.794	0.745	0.826	0.783	0.813	0.944	1.103	1.1	1.095	0.14	0.141	0.131	0.154	0.163	0.153	1.11	1.096	1.095	0.135	0.13	0.115	0.156	0.15	0.143	1.129	1.142	1.134	0.143	0.141	0.143	0.154	0.159	0.153	1.103	1.113	1.127	1.041	0.97	1.025	0.736	0.73	0.658	1.092	1.062	1.066	1.062	1.071	1.071	0.882	0.87	1.068	1.058	0.927	0.976	0.888	1.064	0.982	1.054	1.055	1.053	0.448	0.466	0.469	0.879	0.876	0.904	1.104	1.098	1.071	1.14	1.105	1.1	1.082	1.069	1.024	1.107	1.09	1.068	1.056	1.046	1.03	1.119	1.108	1.098	1.104	1.126	1.122	1.141	1.139	1.132	1.134	1.152	1.123	1.114	1.086	1.055	1.156	1.159	1.131	1.106	1.079	1.029	1.023	0.953	1.028	1.118	1.086	1.028	1.121	1.127	1.123	0.95	0.952	0.972	0.888	0.881	0.869	0.963	0.96	0.924	0.887	0.875	0.872	0.097	0.102	0.101	0.902	0.88	0.88	0.887	0.872	0.88	0.913	0.899	0.901	0.923	0.901	0.91	0.855	0.882	0.902	0.916	0.91	0.889	0.849	0.879	0.928	0.908	0.887	0.849	0.846	0.864	0.886	0.915	0.881	0.864	0.825	0.828	0.843	0.812	0.835	0.865	0.816	0.849	0.887	0.95	0.952	0.972	0.624	0.615	0.624	0.721	0.774	0.691	0.95	0.952	0.972	0.86	0.794	0.789
8.33	1.122	1.131	1.129	1.099	1.104	1.097	1.123	1.115	1.113	0.698	0.796	0.782	0.097	0.098	0.099	0.119	0.12	0.108	0.88	0.899	0.904	0.097	0.102	0.102	0.116	0.112	0.109	1.099	1.104	1.097	1.135	1.127	1.12	0.668	0.684	0.68	0.36	0.376	0.343	0.82	0.816	0.796	0.662	0.647	0.527	1.099	1.104	1.097	1.085	1.083	1.079	0.352	0.101	0.095	0.315	0.311	0.287	0.551	0.096	0.098	0.61	0.665	0.481	1.106	1.102	1.109	1.096	1.09	1.097	1.094	1.093	1.103	0.096	0.097	0.098	0.299	0.293	0.309	0.098	0.098	0.094	0.098	0.099	0.098	0.449	0.427	0.36	0.099	0.098	0.097	1.124	1.131	1.123	1.099	1.104	1.097	0.103	0.103	0.106	0.737	0.734	0.66	0.103	0.104	0.103	0.358	0.344	0.375	1.145	1.141	1.143	1.126	1.135	1.147	0.258	0.404	0.37	0.361	0.386	0.441	0.514	0.737	0.665	0.741	0.712	0.72	1.099	1.104	1.097	1.099	1.104	1.097	0.266	0.271	0.271	0.416	0.443	0.454	0.284	0.282	0.281	0.474	0.486	0.516	1.145	1.109	1.115	0.476	0.492	0.498	1.099	1.104	1.097	0.763	0.701	0.76	1.077	1.074	1.076	0.834	0.947	0.977	0.967	0.992	0.984	1.099	1.112	1.112	0.874	0.888	0.871	0.874	0.888	0.871	1.151	1.155	1.165	0.736	0.846	0.78	0.961	1.084	1.055	1.143	1.145	1.152	0.735	0.708	0.766	0.904	0.925	0.996	1.116	1.088	1.09	0.518	0.447	0.49	0.767	0.8	0.707	1.162	1.163	1.151	0.214	0.238	1.151	0.319	0.353	1.148	1.143	1.145	1.152	0.73	0.661	0.612	1.012	1.033	1.036	1.19	1.172	1.165	0.964	1.216	1.099	1.2	1.186	1.17	1.195	1.192	1.184	0.148	0.147	0.134	0.164	0.161	0.155	1.179	1.211	1.202	0.125	0.118	0.116	1.134	1.147	1.157	0.157	0.156	0.139	0.987	1.199	1.19	0.177	0.184	0.191	1.179	1.211	1.202	0.201	0.202	0.208	0.989	0.985	0.93	1.179	1.211	1.202	0.419	0.44	0.431	0.381	0.38	0.368	1.179	1.211	1.202	1.063	1.083	1.083	1.227	1.21	1.219	0.949	0.976	0.844	0.991	0.992	0.994	1.168	1.179	1.185	0.802	0.854	0.864	0.972	1.003	0.997	1.079	1.103	1.101	0.688	0.707	0.724	0.846	0.91	0.918	1.095	1.099	1.095	1.09	1.088	1.103	0.578	0.55	0.556	0.913	0.9	0.918	0.791	0.796	0.819	1.046	1.077	1.075	1.122	1.092	1.1	0.92	0.895	0.889	1.102	1.073	1.094	1.106	1.101	1.123	0.866	0.823	0.831	1.083	1.082	1.082	1.123	1.118	1.103	0.818	0.809	0.813	0.94	0.93	0.922	1.146	1.146	1.139	1.128	1.126	1.075	0.211	0.221	0.216	0.224	0.236	0.225	0.5	0.466	0.418	0.472	0.471	0.528	1.234	1.209	1.208	0.766	0.715	0.813	0.764	0.807	0.944	1.118	1.114	1.108	0.14	0.14	0.13	0.153	0.162	0.152	1.127	1.111	1.111	0.134	0.128	0.114	0.155	0.149	0.142	1.149	1.157	1.157	0.143	0.14	0.142	0.153	0.158	0.152	1.118	1.128	1.138	1.057	0.978	1.04	0.737	0.734	0.66	1.107	1.083	1.089	1.087	1.093	1.096	0.881	0.863	1.089	1.08	0.939	0.979	0.89	1.085	0.976	1.083	1.077	1.074	0.476	0.492	0.498	0.882	0.882	0.906	1.136	1.128	1.092	1.164	1.135	1.134	1.114	1.094	1.049	1.131	1.113	1.095	1.089	1.081	1.055	1.139	1.13	1.119	1.143	1.145	1.152	1.16	1.158	1.152	1.15	1.165	1.144	1.14	1.113	1.084	1.188	1.189	1.163	1.129	1.113	1.058	1.044	0.975	1.041	1.137	1.119	1.062	1.142	1.145	1.141	0.966	0.969	0.988	0.905	0.899	0.895	0.984	0.971	0.93	0.907	0.893	0.895	0.097	0.102	0.102	0.921	0.899	0.9	0.903	0.897	0.893	0.929	0.914	0.918	0.938	0.922	0.928	0.874	0.897	0.919	0.935	0.927	0.906	0.874	0.902	0.94	0.931	0.905	0.871	0.862	0.882	0.909	0.929	0.903	0.881	0.851	0.845	0.862	0.835	0.862	0.889	0.842	0.877	0.907	0.966	0.969	0.988	0.622	0.613	0.621	0.698	0.744	0.673	0.966	0.969	0.988	0.882	0.804	0.794
8.5	1.129	1.141	1.137	1.112	1.115	1.104	1.128	1.123	1.123	0.698	0.794	0.782	0.098	0.098	0.099	0.117	0.125	0.112	0.884	0.897	0.904	0.097	0.103	0.102	0.119	0.116	0.112	1.112	1.115	1.104	1.147	1.137	1.131	0.668	0.684	0.677	0.344	0.357	0.327	0.813	0.809	0.789	0.644	0.633	0.51	1.112	1.115	1.104	1.095	1.091	1.088	0.334	0.102	0.096	0.298	0.295	0.274	0.534	0.096	0.098	0.596	0.65	0.466	1.112	1.109	1.115	1.099	1.099	1.107	1.099	1.104	1.113	0.096	0.097	0.098	0.286	0.281	0.296	0.098	0.098	0.095	0.098	0.099	0.098	0.428	0.408	0.342	0.099	0.098	0.098	1.129	1.136	1.13	1.112	1.115	1.104	0.103	0.103	0.106	0.738	0.737	0.663	0.104	0.104	0.103	0.35	0.335	0.367	1.144	1.142	1.148	1.131	1.139	1.155	0.252	0.393	0.36	0.352	0.376	0.431	0.506	0.733	0.659	0.736	0.708	0.717	1.112	1.115	1.104	1.112	1.115	1.104	0.262	0.269	0.27	0.424	0.451	0.462	0.285	0.285	0.284	0.486	0.492	0.52	1.155	1.123	1.129	0.501	0.516	0.524	1.112	1.115	1.104	0.747	0.691	0.744	1.092	1.09	1.092	0.843	0.966	0.992	0.979	1.006	1.005	1.12	1.134	1.13	0.879	0.896	0.878	0.879	0.896	0.878	1.185	1.176	1.172	0.724	0.859	0.779	0.969	1.086	1.05	1.164	1.17	1.177	0.724	0.694	0.765	0.918	0.92	0.996	1.141	1.104	1.109	0.514	0.444	0.488	0.763	0.797	0.699	1.178	1.175	1.158	0.213	0.237	1.161	0.319	0.351	1.159	1.164	1.17	1.177	0.723	0.65	0.595	1.022	1.037	1.041	1.2	1.184	1.177	0.979	1.225	1.111	1.209	1.202	1.181	1.206	1.2	1.194	0.148	0.146	0.133	0.163	0.16	0.154	1.188	1.22	1.209	0.124	0.117	0.115	1.143	1.152	1.163	0.156	0.155	0.137	0.998	1.2	1.197	0.176	0.182	0.189	1.188	1.22	1.209	0.198	0.197	0.203	0.995	0.994	0.939	1.188	1.22	1.209	0.441	0.465	0.453	0.385	0.382	0.37	1.188	1.22	1.209	1.078	1.102	1.103	1.232	1.217	1.202	0.932	0.965	0.831	0.989	0.995	0.998	1.165	1.185	1.191	0.79	0.835	0.856	0.962	0.997	0.994	1.082	1.107	1.107	0.684	0.704	0.719	0.843	0.91	0.913	1.097	1.104	1.096	1.09	1.09	1.102	0.57	0.542	0.545	0.909	0.899	0.915	0.783	0.785	0.815	1.041	1.074	1.082	1.118	1.091	1.099	0.911	0.888	0.877	1.107	1.067	1.089	1.111	1.105	1.127	0.856	0.817	0.829	1.078	1.071	1.085	1.142	1.127	1.124	0.816	0.808	0.811	0.947	0.938	0.93	1.16	1.146	1.147	1.13	1.128	1.084	0.2	0.211	0.204	0.239	0.237	0.228	0.495	0.461	0.412	0.464	0.469	0.523	1.226	1.217	1.218	0.731	0.68	0.791	0.742	0.799	0.936	1.137	1.129	1.124	0.139	0.14	0.129	0.152	0.16	0.15	1.144	1.127	1.123	0.133	0.128	0.114	0.154	0.148	0.14	1.165	1.17	1.179	0.142	0.14	0.142	0.153	0.157	0.151	1.134	1.145	1.16	1.073	0.993	1.056	0.738	0.737	0.663	1.121	1.104	1.111	1.112	1.116	1.123	0.881	0.855	1.108	1.109	0.949	0.981	0.891	1.107	0.967	1.104	1.1	1.095	0.501	0.516	0.524	0.889	0.886	0.905	1.157	1.15	1.116	1.172	1.149	1.147	1.14	1.119	1.072	1.143	1.128	1.121	1.114	1.104	1.077	1.147	1.139	1.131	1.164	1.17	1.177	1.174	1.165	1.164	1.157	1.169	1.155	1.165	1.134	1.112	1.212	1.209	1.185	1.15	1.134	1.082	1.069	1.001	1.049	1.149	1.137	1.096	1.153	1.158	1.163	0.984	0.986	1.002	0.923	0.918	0.91	1.004	0.978	0.932	0.922	0.915	0.913	0.097	0.103	0.102	0.939	0.92	0.919	0.922	0.915	0.913	0.941	0.926	0.931	0.953	0.937	0.945	0.892	0.918	0.932	0.947	0.941	0.927	0.895	0.919	0.952	0.943	0.922	0.898	0.884	0.899	0.922	0.941	0.918	0.899	0.875	0.868	0.886	0.853	0.897	0.911	0.865	0.901	0.928	0.984	0.986	1.002	0.622	0.611	0.62	0.686	0.709	0.66	0.984	0.986	1.002	0.881	0.805	0.796
8.67	1.137	1.15	1.144	1.117	1.117	1.107	1.138	1.131	1.135	0.697	0.791	0.782	0.098	0.098	0.1	0.136	0.131	0.118	0.886	0.897	0.907	0.098	0.104	0.102	0.121	0.117	0.115	1.117	1.117	1.107	1.154	1.145	1.142	0.666	0.684	0.674	0.328	0.34	0.313	0.807	0.804	0.784	0.627	0.614	0.492	1.117	1.117	1.107	1.1	1.094	1.094	0.317	0.102	0.096	0.285	0.281	0.262	0.511	0.097	0.099	0.579	0.633	0.448	1.119	1.112	1.123	1.104	1.103	1.114	1.106	1.112	1.121	0.097	0.098	0.099	0.275	0.271	0.285	0.099	0.099	0.095	0.099	0.1	0.099	0.405	0.389	0.325	0.1	0.099	0.098	1.137	1.142	1.135	1.117	1.117	1.107	0.103	0.104	0.106	0.739	0.74	0.664	0.104	0.104	0.103	0.341	0.327	0.357	1.153	1.146	1.153	1.134	1.147	1.163	0.247	0.384	0.349	0.343	0.368	0.421	0.498	0.728	0.655	0.73	0.704	0.714	1.117	1.117	1.107	1.117	1.117	1.107	0.258	0.267	0.268	0.431	0.459	0.47	0.287	0.29	0.288	0.499	0.499	0.523	1.163	1.138	1.142	0.525	0.539	0.548	1.117	1.117	1.107	0.733	0.678	0.733	1.105	1.103	1.112	0.85	0.981	1.016	0.991	1.023	1.024	1.129	1.144	1.137	0.883	0.903	0.884	0.883	0.903	0.884	1.211	1.193	1.18	0.716	0.87	0.785	0.993	1.081	1.052	1.185	1.193	1.19	0.705	0.677	0.763	0.926	0.918	1.0	1.169	1.125	1.124	0.511	0.44	0.486	0.76	0.792	0.693	1.185	1.177	1.162	0.212	0.236	1.172	0.318	0.35	1.169	1.185	1.193	1.19	0.712	0.629	0.574	1.025	1.045	1.048	1.21	1.196	1.184	0.994	1.232	1.123	1.213	1.205	1.188	1.207	1.204	1.201	0.147	0.145	0.132	0.161	0.158	0.153	1.197	1.223	1.211	0.123	0.117	0.115	1.149	1.156	1.168	0.155	0.155	0.135	1.01	1.207	1.203	0.175	0.18	0.186	1.197	1.223	1.211	0.195	0.192	0.2	0.999	1.002	0.948	1.197	1.223	1.211	0.46	0.49	0.48	0.382	0.382	0.375	1.197	1.223	1.211	1.097	1.121	1.124	1.238	1.226	1.208	0.911	0.951	0.815	0.988	0.997	0.998	1.172	1.191	1.192	0.78	0.821	0.845	0.945	0.986	0.991	1.082	1.109	1.107	0.682	0.7	0.716	0.84	0.904	0.906	1.102	1.105	1.1	1.094	1.094	1.102	0.559	0.534	0.535	0.905	0.892	0.912	0.766	0.772	0.804	1.04	1.072	1.095	1.119	1.091	1.098	0.903	0.879	0.863	1.105	1.067	1.09	1.111	1.107	1.129	0.848	0.805	0.822	1.078	1.067	1.077	1.153	1.132	1.133	0.813	0.806	0.809	0.955	0.946	0.939	1.159	1.16	1.152	1.143	1.144	1.1	0.198	0.204	0.203	0.225	0.231	0.217	0.491	0.458	0.404	0.457	0.466	0.52	1.227	1.228	1.226	0.706	0.649	0.772	0.715	0.782	0.92	1.151	1.151	1.14	0.138	0.139	0.128	0.151	0.159	0.149	1.158	1.141	1.138	0.132	0.127	0.113	0.153	0.147	0.138	1.178	1.185	1.195	0.141	0.14	0.141	0.152	0.156	0.15	1.148	1.165	1.177	1.09	1.013	1.069	0.739	0.74	0.664	1.132	1.122	1.13	1.126	1.135	1.137	0.879	0.842	1.128	1.134	0.961	0.981	0.897	1.126	0.956	1.124	1.125	1.12	0.525	0.539	0.548	0.89	0.889	0.901	1.177	1.173	1.133	1.185	1.159	1.155	1.163	1.14	1.094	1.153	1.139	1.133	1.131	1.122	1.099	1.153	1.146	1.139	1.185	1.193	1.19	1.182	1.174	1.169	1.164	1.175	1.161	1.18	1.155	1.138	1.224	1.227	1.201	1.165	1.148	1.101	1.084	1.027	1.061	1.159	1.15	1.11	1.163	1.164	1.173	0.996	0.998	1.012	0.94	0.937	0.935	1.021	0.983	0.934	0.943	0.932	0.929	0.098	0.104	0.102	0.962	0.941	0.935	0.943	0.931	0.931	0.957	0.943	0.945	0.964	0.952	0.962	0.918	0.935	0.945	0.96	0.96	0.943	0.913	0.934	0.965	0.956	0.94	0.918	0.903	0.918	0.938	0.958	0.928	0.919	0.898	0.892	0.912	0.878	0.91	0.929	0.884	0.92	0.954	0.996	0.998	1.012	0.624	0.609	0.62	0.665	0.68	0.649	0.996	0.998	1.012	0.853	0.791	0.787
8.83	1.142	1.156	1.148	1.119	1.114	1.104	1.145	1.138	1.142	0.682	0.789	0.782	0.099	0.099	0.1	0.145	0.138	0.124	0.887	0.898	0.91	0.098	0.105	0.103	0.132	0.123	0.119	1.119	1.114	1.104	1.163	1.153	1.145	0.664	0.684	0.671	0.312	0.326	0.297	0.801	0.798	0.778	0.604	0.596	0.471	1.119	1.114	1.104	1.103	1.099	1.103	0.303	0.103	0.097	0.275	0.269	0.252	0.49	0.097	0.1	0.561	0.615	0.432	1.122	1.113	1.129	1.108	1.107	1.12	1.115	1.116	1.126	0.098	0.098	0.1	0.268	0.258	0.273	0.099	0.099	0.095	0.099	0.101	0.099	0.385	0.372	0.31	0.101	0.1	0.099	1.14	1.144	1.14	1.119	1.114	1.104	0.103	0.103	0.106	0.739	0.741	0.668	0.103	0.104	0.103	0.333	0.32	0.349	1.162	1.15	1.154	1.134	1.152	1.167	0.242	0.374	0.34	0.334	0.357	0.412	0.491	0.723	0.648	0.726	0.699	0.707	1.119	1.114	1.104	1.119	1.114	1.104	0.255	0.266	0.267	0.437	0.468	0.479	0.291	0.296	0.293	0.511	0.507	0.527	1.172	1.154	1.151	0.547	0.558	0.57	1.119	1.114	1.104	0.721	0.669	0.722	1.121	1.126	1.142	0.857	0.993	1.04	1.003	1.043	1.042	1.149	1.153	1.146	0.886	0.908	0.89	0.886	0.908	0.89	1.232	1.202	1.184	0.708	0.883	0.788	1.027	1.078	1.05	1.195	1.214	1.202	0.686	0.659	0.76	0.927	0.926	1.0	1.184	1.159	1.141	0.509	0.436	0.481	0.757	0.79	0.687	1.187	1.183	1.168	0.211	0.234	1.179	0.318	0.35	1.174	1.195	1.214	1.202	0.702	0.612	0.556	1.035	1.05	1.054	1.219	1.205	1.194	1.008	1.238	1.133	1.217	1.211	1.195	1.208	1.209	1.208	0.146	0.145	0.131	0.16	0.158	0.152	1.206	1.226	1.215	0.122	0.117	0.115	1.149	1.16	1.174	0.154	0.154	0.133	1.022	1.211	1.204	0.174	0.178	0.184	1.206	1.226	1.215	0.192	0.189	0.196	1.001	1.007	0.956	1.206	1.226	1.215	0.48	0.523	0.513	0.388	0.387	0.379	1.206	1.226	1.215	1.107	1.134	1.142	1.242	1.234	1.217	0.884	0.932	0.795	0.984	0.993	0.993	1.177	1.199	1.197	0.772	0.811	0.833	0.929	0.971	0.982	1.085	1.11	1.106	0.679	0.696	0.711	0.831	0.894	0.893	1.104	1.104	1.096	1.09	1.088	1.107	0.55	0.527	0.526	0.901	0.883	0.908	0.75	0.76	0.79	1.028	1.071	1.079	1.121	1.093	1.099	0.894	0.867	0.852	1.103	1.061	1.084	1.113	1.109	1.13	0.838	0.797	0.817	1.069	1.064	1.077	1.161	1.138	1.14	0.81	0.803	0.806	0.962	0.953	0.948	1.175	1.16	1.159	1.151	1.151	1.113	0.194	0.196	0.195	0.218	0.224	0.22	0.485	0.458	0.398	0.451	0.462	0.516	1.238	1.229	1.225	0.675	0.623	0.751	0.682	0.758	0.899	1.165	1.168	1.157	0.138	0.139	0.127	0.15	0.158	0.148	1.176	1.158	1.153	0.131	0.126	0.113	0.152	0.146	0.137	1.183	1.192	1.2	0.141	0.139	0.141	0.151	0.156	0.149	1.161	1.182	1.194	1.109	1.046	1.087	0.739	0.741	0.668	1.145	1.136	1.144	1.134	1.153	1.148	0.877	0.836	1.151	1.148	0.971	0.99	0.906	1.145	0.949	1.144	1.145	1.132	0.547	0.558	0.57	0.892	0.891	0.9	1.188	1.188	1.154	1.194	1.167	1.159	1.176	1.153	1.114	1.163	1.145	1.144	1.151	1.14	1.114	1.156	1.147	1.147	1.195	1.214	1.202	1.188	1.179	1.174	1.17	1.183	1.165	1.187	1.173	1.15	1.235	1.239	1.21	1.172	1.161	1.117	1.099	1.046	1.076	1.163	1.16	1.125	1.17	1.171	1.181	1.007	1.012	1.028	0.96	0.956	0.946	1.034	0.984	0.935	0.96	0.95	0.945	0.098	0.105	0.103	0.978	0.96	0.955	0.958	0.948	0.947	0.967	0.958	0.96	0.977	0.969	0.974	0.934	0.954	0.958	0.973	0.972	0.958	0.929	0.949	0.975	0.97	0.958	0.942	0.924	0.941	0.954	0.973	0.942	0.931	0.918	0.916	0.932	0.895	0.936	0.95	0.904	0.943	0.97	1.007	1.012	1.028	0.625	0.609	0.621	0.647	0.652	0.637	1.007	1.012	1.028	0.82	0.755	0.751
9.0	1.149	1.159	1.151	1.127	1.108	1.103	1.149	1.146	1.15	0.676	0.787	0.784	0.1	0.099	0.101	0.141	0.139	0.128	0.888	0.899	0.914	0.099	0.106	0.104	0.168	0.147	0.126	1.127	1.108	1.103	1.165	1.162	1.155	0.663	0.684	0.667	0.297	0.312	0.285	0.796	0.792	0.773	0.582	0.574	0.45	1.127	1.108	1.103	1.105	1.108	1.111	0.289	0.104	0.097	0.264	0.26	0.245	0.47	0.097	0.101	0.542	0.594	0.413	1.127	1.111	1.128	1.109	1.112	1.118	1.117	1.121	1.131	0.098	0.099	0.101	0.261	0.248	0.265	0.1	0.1	0.096	0.1	0.102	0.1	0.366	0.358	0.298	0.102	0.101	0.1	1.145	1.147	1.143	1.127	1.108	1.103	0.103	0.103	0.106	0.739	0.743	0.671	0.103	0.104	0.103	0.325	0.311	0.341	1.165	1.152	1.156	1.135	1.153	1.163	0.237	0.364	0.331	0.325	0.349	0.403	0.483	0.717	0.64	0.722	0.694	0.7	1.127	1.108	1.103	1.127	1.108	1.103	0.252	0.265	0.267	0.445	0.476	0.487	0.296	0.304	0.3	0.524	0.514	0.532	1.181	1.169	1.163	0.566	0.575	0.589	1.127	1.108	1.103	0.709	0.659	0.711	1.138	1.159	1.18	0.862	1.004	1.056	1.012	1.06	1.062	1.158	1.159	1.156	0.889	0.913	0.894	0.889	0.913	0.894	1.241	1.202	1.19	0.692	0.884	0.788	1.047	1.069	1.044	1.2	1.227	1.216	0.667	0.646	0.753	0.936	0.949	0.998	1.206	1.184	1.163	0.505	0.435	0.481	0.754	0.791	0.677	1.188	1.186	1.173	0.211	0.233	1.183	0.318	0.35	1.18	1.2	1.227	1.216	0.691	0.592	0.535	1.046	1.051	1.065	1.223	1.211	1.202	1.022	1.244	1.142	1.218	1.213	1.201	1.208	1.208	1.211	0.146	0.144	0.131	0.159	0.157	0.151	1.214	1.227	1.219	0.121	0.116	0.115	1.152	1.162	1.179	0.152	0.152	0.132	1.019	1.208	1.206	0.172	0.177	0.182	1.214	1.227	1.219	0.189	0.187	0.192	1.003	1.01	0.962	1.214	1.227	1.219	0.512	0.563	0.543	0.392	0.39	0.384	1.214	1.227	1.219	1.116	1.145	1.158	1.243	1.239	1.231	0.853	0.908	0.776	0.976	0.987	0.986	1.178	1.189	1.204	0.764	0.801	0.824	0.913	0.956	0.977	1.084	1.109	1.105	0.679	0.692	0.708	0.826	0.883	0.881	1.105	1.104	1.094	1.089	1.088	1.103	0.541	0.519	0.519	0.892	0.875	0.899	0.734	0.745	0.772	1.038	1.071	1.077	1.118	1.092	1.094	0.887	0.857	0.84	1.097	1.054	1.079	1.113	1.108	1.13	0.833	0.787	0.808	1.066	1.066	1.074	1.169	1.144	1.146	0.806	0.8	0.802	0.97	0.96	0.957	1.176	1.173	1.17	1.164	1.159	1.128	0.189	0.194	0.192	0.214	0.222	0.221	0.48	0.451	0.394	0.446	0.454	0.512	1.244	1.232	1.225	0.655	0.601	0.717	0.647	0.73	0.883	1.176	1.176	1.166	0.138	0.138	0.127	0.15	0.157	0.147	1.19	1.175	1.166	0.13	0.125	0.113	0.151	0.144	0.136	1.186	1.197	1.202	0.14	0.139	0.14	0.151	0.155	0.148	1.174	1.195	1.202	1.123	1.089	1.098	0.739	0.743	0.671	1.159	1.149	1.156	1.147	1.159	1.16	0.872	0.83	1.159	1.162	0.979	0.992	0.914	1.155	0.943	1.158	1.148	1.144	0.566	0.575	0.589	0.896	0.894	0.897	1.199	1.198	1.17	1.202	1.179	1.163	1.185	1.164	1.127	1.17	1.152	1.147	1.163	1.146	1.127	1.161	1.151	1.153	1.2	1.227	1.216	1.192	1.183	1.179	1.176	1.188	1.173	1.187	1.18	1.162	1.244	1.25	1.221	1.178	1.17	1.138	1.109	1.058	1.084	1.169	1.168	1.131	1.181	1.176	1.186	1.024	1.024	1.041	0.981	0.977	0.967	1.043	0.983	0.938	0.978	0.971	0.959	0.099	0.106	0.104	0.992	0.977	0.967	0.978	0.962	0.961	0.987	0.976	0.975	0.996	0.982	0.988	0.953	0.97	0.969	0.986	0.986	0.973	0.952	0.964	0.988	0.979	0.971	0.958	0.943	0.955	0.969	0.985	0.959	0.953	0.937	0.939	0.951	0.922	0.953	0.967	0.929	0.964	0.981	1.024	1.024	1.041	0.628	0.611	0.624	0.628	0.629	0.621	1.024	1.024	1.041	0.795	0.729	0.733
9.17	1.153	1.164	1.157	1.13	1.107	1.101	1.156	1.151	1.159	0.684	0.786	0.785	0.101	0.1	0.102	0.154	0.145	0.132	0.891	0.902	0.919	0.1	0.107	0.105	0.182	0.146	0.139	1.13	1.107	1.101	1.169	1.171	1.159	0.661	0.683	0.664	0.286	0.299	0.271	0.79	0.787	0.767	0.558	0.554	0.43	1.13	1.107	1.101	1.108	1.113	1.117	0.274	0.105	0.098	0.254	0.25	0.237	0.45	0.098	0.103	0.522	0.573	0.396	1.129	1.116	1.128	1.113	1.111	1.116	1.119	1.128	1.137	0.1	0.1	0.102	0.251	0.239	0.255	0.101	0.101	0.097	0.101	0.103	0.101	0.352	0.342	0.286	0.104	0.102	0.1	1.146	1.149	1.14	1.13	1.107	1.101	0.103	0.103	0.106	0.739	0.742	0.672	0.103	0.104	0.103	0.319	0.304	0.332	1.168	1.154	1.154	1.139	1.154	1.168	0.233	0.355	0.322	0.317	0.339	0.392	0.476	0.713	0.632	0.715	0.689	0.694	1.13	1.107	1.101	1.13	1.107	1.101	0.251	0.265	0.268	0.453	0.484	0.494	0.301	0.314	0.309	0.536	0.523	0.538	1.193	1.18	1.171	0.581	0.588	0.602	1.13	1.107	1.101	0.698	0.652	0.702	1.159	1.189	1.219	0.868	1.013	1.077	1.02	1.077	1.077	1.169	1.166	1.161	0.89	0.916	0.899	0.89	0.916	0.899	1.25	1.204	1.193	0.679	0.884	0.786	1.058	1.059	1.034	1.2	1.236	1.228	0.651	0.63	0.747	0.947	0.95	0.999	1.23	1.205	1.193	0.501	0.433	0.476	0.75	0.788	0.669	1.191	1.191	1.177	0.21	0.232	1.185	0.318	0.35	1.18	1.2	1.236	1.228	0.674	0.574	0.515	1.055	1.056	1.073	1.226	1.219	1.213	1.033	1.248	1.151	1.219	1.215	1.203	1.208	1.206	1.213	0.145	0.143	0.13	0.159	0.156	0.151	1.223	1.228	1.22	0.12	0.116	0.115	1.152	1.164	1.182	0.152	0.151	0.131	1.029	1.209	1.207	0.172	0.176	0.18	1.223	1.228	1.22	0.186	0.185	0.188	1.004	1.012	0.968	1.223	1.228	1.22	0.543	0.595	0.578	0.4	0.396	0.386	1.223	1.228	1.22	1.122	1.155	1.161	1.242	1.244	1.239	0.821	0.882	0.755	0.962	0.974	0.978	1.177	1.202	1.208	0.756	0.791	0.817	0.896	0.937	0.964	1.082	1.109	1.104	0.68	0.689	0.705	0.822	0.873	0.873	1.102	1.105	1.097	1.092	1.088	1.109	0.532	0.512	0.512	0.885	0.865	0.893	0.72	0.729	0.753	1.025	1.07	1.076	1.116	1.089	1.096	0.881	0.848	0.829	1.095	1.043	1.069	1.112	1.106	1.13	0.828	0.78	0.801	1.065	1.067	1.068	1.183	1.152	1.154	0.801	0.794	0.797	0.977	0.967	0.965	1.194	1.181	1.183	1.169	1.171	1.135	0.185	0.19	0.19	0.209	0.219	0.225	0.475	0.445	0.389	0.44	0.448	0.507	1.249	1.233	1.223	0.635	0.58	0.682	0.615	0.699	0.857	1.181	1.182	1.173	0.137	0.137	0.126	0.149	0.156	0.146	1.201	1.194	1.176	0.129	0.124	0.112	0.15	0.143	0.135	1.183	1.198	1.2	0.14	0.139	0.139	0.15	0.155	0.148	1.182	1.204	1.204	1.133	1.129	1.109	0.739	0.742	0.672	1.168	1.161	1.168	1.156	1.165	1.166	0.867	0.823	1.169	1.174	0.982	0.985	0.92	1.165	0.939	1.172	1.158	1.153	0.581	0.588	0.602	0.899	0.899	0.894	1.209	1.203	1.178	1.213	1.19	1.17	1.195	1.171	1.143	1.178	1.159	1.155	1.167	1.154	1.136	1.167	1.154	1.16	1.2	1.236	1.228	1.201	1.189	1.183	1.182	1.193	1.18	1.193	1.191	1.175	1.254	1.251	1.231	1.185	1.173	1.149	1.115	1.064	1.09	1.174	1.172	1.14	1.189	1.183	1.188	1.036	1.04	1.05	0.999	0.994	0.985	1.047	0.977	0.936	0.993	0.981	0.979	0.1	0.107	0.105	1.003	0.988	0.984	0.992	0.982	0.977	1.004	0.988	0.986	1.007	0.992	0.997	0.975	0.985	0.977	0.998	1.001	0.988	0.968	0.976	0.994	0.992	0.978	0.976	0.96	0.971	0.979	0.993	0.974	0.968	0.954	0.956	0.968	0.947	0.977	0.987	0.948	0.98	0.996	1.036	1.04	1.05	0.632	0.614	0.627	0.611	0.608	0.606	1.036	1.04	1.05	0.786	0.725	0.728
9.33	1.16	1.166	1.158	1.133	1.106	1.102	1.162	1.158	1.167	0.684	0.787	0.786	0.102	0.102	0.104	0.161	0.154	0.131	0.897	0.906	0.925	0.101	0.109	0.106	0.187	0.184	0.138	1.133	1.106	1.102	1.182	1.175	1.172	0.658	0.68	0.661	0.274	0.287	0.262	0.785	0.782	0.762	0.536	0.532	0.409	1.133	1.106	1.102	1.109	1.113	1.122	0.261	0.106	0.099	0.244	0.242	0.229	0.43	0.098	0.104	0.502	0.551	0.378	1.132	1.116	1.128	1.117	1.111	1.115	1.119	1.133	1.143	0.101	0.102	0.103	0.244	0.232	0.245	0.102	0.102	0.098	0.102	0.105	0.102	0.337	0.326	0.276	0.106	0.103	0.101	1.15	1.154	1.14	1.133	1.106	1.102	0.103	0.103	0.106	0.738	0.741	0.674	0.103	0.104	0.103	0.312	0.297	0.325	1.171	1.155	1.158	1.143	1.155	1.17	0.228	0.346	0.313	0.308	0.33	0.382	0.467	0.706	0.625	0.71	0.682	0.69	1.133	1.106	1.102	1.133	1.106	1.102	0.251	0.266	0.269	0.461	0.492	0.502	0.309	0.325	0.32	0.548	0.531	0.543	1.204	1.191	1.18	0.593	0.596	0.611	1.133	1.106	1.102	0.692	0.644	0.692	1.181	1.225	1.251	0.873	1.024	1.093	1.026	1.102	1.101	1.177	1.168	1.164	0.891	0.919	0.904	0.891	0.919	0.904	1.263	1.204	1.196	0.659	0.88	0.779	1.061	1.044	1.022	1.202	1.241	1.231	0.631	0.611	0.738	0.957	0.953	1.005	1.251	1.228	1.218	0.499	0.43	0.473	0.739	0.79	0.658	1.195	1.194	1.185	0.209	0.23	1.188	0.317	0.35	1.18	1.202	1.241	1.231	0.657	0.556	0.502	1.064	1.059	1.082	1.228	1.223	1.222	1.04	1.251	1.156	1.22	1.218	1.209	1.208	1.207	1.22	0.145	0.143	0.129	0.157	0.155	0.15	1.23	1.228	1.221	0.12	0.116	0.115	1.151	1.165	1.182	0.151	0.15	0.13	1.026	1.208	1.208	0.171	0.174	0.178	1.23	1.228	1.221	0.184	0.183	0.186	1.005	1.014	0.972	1.23	1.228	1.221	0.574	0.619	0.601	0.403	0.398	0.398	1.23	1.228	1.221	1.123	1.165	1.168	1.227	1.245	1.245	0.786	0.854	0.732	0.947	0.96	0.971	1.176	1.192	1.205	0.751	0.782	0.811	0.88	0.921	0.954	1.081	1.111	1.106	0.684	0.687	0.703	0.822	0.865	0.866	1.103	1.103	1.094	1.092	1.084	1.108	0.525	0.507	0.506	0.879	0.86	0.885	0.708	0.713	0.736	1.016	1.056	1.06	1.112	1.085	1.091	0.873	0.838	0.82	1.083	1.036	1.065	1.109	1.102	1.127	0.825	0.774	0.793	1.054	1.058	1.066	1.193	1.157	1.159	0.796	0.79	0.792	0.983	0.974	0.973	1.196	1.196	1.192	1.182	1.187	1.153	0.182	0.187	0.186	0.205	0.219	0.223	0.469	0.438	0.389	0.436	0.458	0.507	1.254	1.234	1.222	0.605	0.563	0.645	0.584	0.665	0.827	1.182	1.183	1.175	0.137	0.137	0.124	0.149	0.155	0.146	1.21	1.211	1.19	0.129	0.123	0.112	0.149	0.143	0.134	1.181	1.199	1.201	0.139	0.139	0.139	0.15	0.154	0.147	1.193	1.207	1.207	1.137	1.173	1.121	0.738	0.741	0.674	1.176	1.17	1.172	1.162	1.17	1.169	0.862	0.82	1.175	1.176	0.98	0.976	0.919	1.175	0.939	1.177	1.166	1.157	0.593	0.596	0.611	0.898	0.9	0.892	1.218	1.212	1.189	1.223	1.204	1.177	1.206	1.178	1.152	1.186	1.166	1.163	1.172	1.166	1.145	1.173	1.162	1.166	1.202	1.241	1.231	1.209	1.193	1.185	1.189	1.2	1.184	1.213	1.203	1.196	1.263	1.244	1.242	1.193	1.178	1.161	1.124	1.068	1.096	1.181	1.176	1.147	1.198	1.188	1.195	1.043	1.051	1.059	1.014	1.013	0.998	1.046	0.972	0.935	1.011	0.999	0.995	0.101	0.109	0.106	1.017	1.004	0.999	1.006	0.994	0.996	1.013	1.005	1.0	1.018	1.006	1.008	0.989	0.995	0.986	1.016	1.014	1.004	0.982	0.994	1.006	1.005	0.993	0.989	0.978	0.988	0.993	1.005	0.989	0.986	0.971	0.971	0.983	0.963	0.997	1.001	0.966	1.002	1.01	1.043	1.051	1.059	0.636	0.617	0.63	0.598	0.585	0.591	1.043	1.051	1.059	0.791	0.731	0.736
9.5	1.162	1.166	1.159	1.137	1.111	1.109	1.163	1.168	1.175	0.682	0.79	0.783	0.104	0.103	0.106	0.186	0.157	0.138	0.903	0.91	0.931	0.102	0.111	0.108	0.193	0.201	0.142	1.137	1.111	1.109	1.186	1.182	1.181	0.654	0.677	0.657	0.265	0.275	0.252	0.778	0.777	0.756	0.513	0.509	0.388	1.137	1.111	1.109	1.11	1.115	1.126	0.252	0.108	0.1	0.237	0.235	0.223	0.414	0.099	0.107	0.481	0.529	0.362	1.135	1.115	1.126	1.117	1.111	1.115	1.121	1.137	1.141	0.102	0.103	0.105	0.233	0.226	0.235	0.104	0.104	0.099	0.103	0.107	0.103	0.323	0.311	0.267	0.108	0.105	0.103	1.153	1.153	1.141	1.137	1.111	1.109	0.103	0.103	0.106	0.735	0.74	0.675	0.103	0.104	0.103	0.306	0.291	0.319	1.174	1.157	1.159	1.147	1.157	1.17	0.223	0.337	0.304	0.299	0.321	0.373	0.458	0.7	0.618	0.703	0.676	0.678	1.137	1.111	1.109	1.137	1.111	1.109	0.251	0.266	0.271	0.469	0.498	0.509	0.317	0.337	0.331	0.558	0.541	0.549	1.217	1.202	1.188	0.599	0.599	0.617	1.137	1.111	1.109	0.688	0.636	0.685	1.211	1.267	1.276	0.88	1.034	1.112	1.033	1.132	1.124	1.188	1.174	1.173	0.891	0.921	0.909	0.891	0.921	0.909	1.264	1.204	1.198	0.642	0.885	0.774	1.065	1.029	1.006	1.204	1.242	1.234	0.616	0.591	0.727	0.96	0.959	1.011	1.269	1.256	1.239	0.496	0.426	0.473	0.724	0.79	0.649	1.202	1.199	1.192	0.207	0.228	1.195	0.317	0.35	1.183	1.204	1.242	1.234	0.637	0.543	0.493	1.074	1.063	1.081	1.229	1.226	1.23	1.048	1.254	1.159	1.222	1.219	1.212	1.211	1.209	1.222	0.144	0.142	0.129	0.157	0.155	0.149	1.237	1.228	1.219	0.12	0.116	0.115	1.148	1.165	1.183	0.15	0.149	0.13	1.034	1.208	1.209	0.17	0.173	0.177	1.237	1.228	1.219	0.182	0.181	0.183	1.006	1.016	0.976	1.237	1.228	1.219	0.597	0.641	0.622	0.411	0.405	0.401	1.237	1.228	1.219	1.124	1.172	1.177	1.237	1.247	1.251	0.752	0.827	0.708	0.933	0.948	0.966	1.178	1.199	1.202	0.754	0.772	0.807	0.86	0.903	0.944	1.08	1.112	1.107	0.69	0.687	0.704	0.821	0.859	0.86	1.101	1.099	1.091	1.083	1.081	1.102	0.519	0.503	0.5	0.875	0.853	0.876	0.696	0.699	0.719	1.014	1.052	1.062	1.114	1.083	1.096	0.865	0.828	0.812	1.08	1.028	1.056	1.106	1.099	1.125	0.823	0.768	0.784	1.059	1.06	1.063	1.204	1.166	1.168	0.79	0.784	0.785	0.99	0.981	0.98	1.208	1.205	1.201	1.196	1.196	1.161	0.18	0.185	0.183	0.201	0.212	0.218	0.463	0.433	0.391	0.432	0.451	0.504	1.258	1.236	1.217	0.58	0.546	0.612	0.558	0.629	0.804	1.183	1.186	1.176	0.136	0.136	0.124	0.148	0.155	0.145	1.213	1.223	1.203	0.128	0.122	0.112	0.148	0.142	0.132	1.179	1.202	1.199	0.139	0.139	0.138	0.15	0.154	0.147	1.197	1.208	1.205	1.135	1.195	1.133	0.735	0.74	0.675	1.183	1.175	1.175	1.165	1.178	1.173	0.856	0.819	1.177	1.18	0.968	0.965	0.914	1.181	0.945	1.182	1.167	1.161	0.599	0.599	0.617	0.9	0.9	0.889	1.228	1.219	1.198	1.23	1.211	1.187	1.214	1.18	1.159	1.194	1.173	1.168	1.179	1.173	1.15	1.18	1.17	1.171	1.204	1.242	1.234	1.213	1.198	1.19	1.196	1.206	1.191	1.226	1.216	1.222	1.26	1.248	1.256	1.202	1.185	1.168	1.133	1.073	1.101	1.185	1.183	1.155	1.207	1.197	1.204	1.056	1.06	1.068	1.027	1.024	1.012	1.04	0.966	0.934	1.024	1.014	1.015	0.102	0.111	0.108	1.034	1.02	1.014	1.018	1.01	1.008	1.023	1.017	1.013	1.028	1.01	1.023	1.007	1.01	1.001	1.024	1.021	1.016	0.993	1.006	1.018	1.013	1.001	1.002	0.995	1.0	1.005	1.016	1.001	0.997	0.987	0.989	1.0	0.978	1.012	1.016	0.983	1.012	1.022	1.056	1.06	1.068	0.641	0.621	0.634	0.589	0.571	0.579	1.056	1.06	1.068	0.804	0.747	0.749
9.67	1.165	1.17	1.16	1.144	1.122	1.118	1.165	1.173	1.181	0.68	0.788	0.783	0.107	0.104	0.109	0.192	0.167	0.145	0.907	0.914	0.936	0.103	0.114	0.11	0.201	0.196	0.145	1.144	1.122	1.118	1.188	1.185	1.188	0.65	0.672	0.651	0.256	0.266	0.244	0.772	0.772	0.751	0.491	0.489	0.371	1.144	1.122	1.118	1.108	1.118	1.132	0.244	0.11	0.102	0.23	0.228	0.216	0.398	0.1	0.109	0.461	0.506	0.347	1.135	1.113	1.125	1.121	1.11	1.119	1.123	1.135	1.147	0.104	0.106	0.107	0.225	0.22	0.227	0.106	0.106	0.101	0.104	0.109	0.105	0.309	0.3	0.258	0.112	0.107	0.105	1.159	1.159	1.144	1.144	1.122	1.118	0.103	0.103	0.105	0.732	0.738	0.674	0.103	0.104	0.103	0.3	0.285	0.313	1.177	1.159	1.164	1.151	1.158	1.175	0.218	0.328	0.295	0.29	0.312	0.362	0.449	0.693	0.61	0.697	0.669	0.667	1.144	1.122	1.118	1.144	1.122	1.118	0.252	0.269	0.274	0.478	0.505	0.516	0.328	0.35	0.344	0.567	0.551	0.555	1.228	1.217	1.198	0.601	0.601	0.623	1.144	1.122	1.118	0.684	0.631	0.679	1.23	1.304	1.298	0.891	1.039	1.125	1.04	1.167	1.141	1.196	1.181	1.179	0.89	0.924	0.914	0.89	0.924	0.914	1.262	1.21	1.202	0.62	0.887	0.76	1.065	1.022	0.996	1.208	1.239	1.234	0.598	0.57	0.713	0.96	0.969	1.006	1.273	1.281	1.272	0.493	0.423	0.471	0.709	0.793	0.638	1.207	1.203	1.203	0.206	0.226	1.202	0.316	0.35	1.188	1.208	1.239	1.234	0.614	0.532	0.484	1.081	1.067	1.089	1.23	1.232	1.237	1.052	1.255	1.162	1.22	1.219	1.214	1.214	1.208	1.224	0.144	0.141	0.128	0.156	0.154	0.148	1.244	1.229	1.222	0.119	0.116	0.115	1.148	1.165	1.183	0.149	0.149	0.13	1.038	1.208	1.209	0.169	0.172	0.175	1.244	1.229	1.222	0.18	0.18	0.179	1.007	1.018	0.98	1.244	1.229	1.222	0.622	0.652	0.634	0.413	0.413	0.406	1.244	1.229	1.222	1.122	1.18	1.185	1.232	1.246	1.252	0.72	0.8	0.684	0.92	0.935	0.96	1.159	1.2	1.199	0.771	0.765	0.802	0.843	0.889	0.934	1.078	1.111	1.104	0.694	0.687	0.706	0.821	0.853	0.854	1.098	1.097	1.094	1.08	1.081	1.101	0.513	0.5	0.494	0.872	0.847	0.868	0.684	0.685	0.705	1.032	1.046	1.052	1.113	1.079	1.094	0.858	0.818	0.805	1.07	1.025	1.047	1.101	1.095	1.121	0.821	0.761	0.775	1.054	1.065	1.06	1.211	1.174	1.183	0.783	0.777	0.777	0.996	0.987	0.988	1.219	1.215	1.213	1.207	1.204	1.174	0.179	0.183	0.182	0.199	0.21	0.216	0.457	0.418	0.394	0.432	0.442	0.501	1.263	1.238	1.218	0.561	0.53	0.583	0.532	0.594	0.784	1.184	1.19	1.181	0.136	0.136	0.123	0.148	0.154	0.145	1.217	1.231	1.219	0.128	0.121	0.112	0.147	0.141	0.131	1.177	1.205	1.197	0.138	0.139	0.138	0.149	0.154	0.146	1.204	1.208	1.206	1.132	1.203	1.146	0.732	0.738	0.674	1.188	1.176	1.18	1.169	1.183	1.179	0.849	0.818	1.179	1.184	0.954	0.956	0.914	1.186	0.953	1.187	1.171	1.168	0.601	0.601	0.623	0.904	0.898	0.886	1.241	1.229	1.212	1.24	1.223	1.198	1.217	1.186	1.165	1.201	1.178	1.174	1.189	1.182	1.157	1.188	1.18	1.175	1.208	1.239	1.234	1.216	1.201	1.193	1.204	1.212	1.197	1.222	1.24	1.247	1.257	1.247	1.264	1.212	1.195	1.178	1.14	1.081	1.107	1.192	1.189	1.168	1.213	1.205	1.21	1.066	1.068	1.078	1.042	1.035	1.03	1.032	0.957	0.934	1.039	1.032	1.034	0.103	0.114	0.11	1.045	1.036	1.026	1.032	1.021	1.02	1.033	1.025	1.024	1.045	1.032	1.034	1.017	1.025	1.016	1.031	1.032	1.03	1.01	1.016	1.028	1.024	1.01	1.014	1.01	1.014	1.016	1.027	1.011	1.014	1.003	1.002	1.012	0.996	1.025	1.029	1.006	1.034	1.034	1.066	1.068	1.078	0.645	0.626	0.638	0.582	0.562	0.572	1.066	1.068	1.078	0.819	0.764	0.763
9.83	1.168	1.171	1.161	1.151	1.132	1.128	1.169	1.175	1.185	0.674	0.784	0.783	0.11	0.107	0.113	0.201	0.192	0.153	0.911	0.919	0.943	0.105	0.118	0.112	0.223	0.196	0.153	1.151	1.132	1.128	1.188	1.19	1.199	0.646	0.671	0.645	0.248	0.257	0.237	0.765	0.766	0.746	0.469	0.469	0.355	1.151	1.132	1.128	1.114	1.121	1.137	0.237	0.112	0.103	0.223	0.222	0.21	0.382	0.102	0.112	0.442	0.484	0.333	1.144	1.116	1.129	1.125	1.117	1.123	1.127	1.14	1.156	0.107	0.112	0.109	0.22	0.215	0.221	0.108	0.108	0.102	0.107	0.113	0.108	0.298	0.289	0.251	0.116	0.109	0.107	1.164	1.159	1.15	1.151	1.132	1.128	0.103	0.103	0.105	0.728	0.737	0.674	0.103	0.104	0.103	0.295	0.28	0.306	1.179	1.163	1.167	1.159	1.163	1.173	0.214	0.319	0.286	0.282	0.303	0.352	0.441	0.685	0.601	0.689	0.66	0.659	1.151	1.132	1.128	1.151	1.132	1.128	0.253	0.272	0.278	0.487	0.512	0.523	0.339	0.363	0.357	0.574	0.56	0.562	1.236	1.228	1.208	0.599	0.603	0.623	1.151	1.132	1.128	0.682	0.627	0.674	1.244	1.333	1.312	0.901	1.048	1.137	1.045	1.2	1.158	1.199	1.188	1.185	0.889	0.925	0.917	0.889	0.925	0.917	1.261	1.216	1.208	0.596	0.897	0.741	1.075	1.019	0.995	1.212	1.241	1.237	0.584	0.554	0.695	0.964	0.979	0.999	1.274	1.295	1.323	0.491	0.42	0.471	0.695	0.794	0.627	1.213	1.21	1.209	0.205	0.224	1.212	0.316	0.349	1.195	1.212	1.241	1.237	0.593	0.521	0.478	1.088	1.073	1.092	1.236	1.238	1.242	1.058	1.253	1.166	1.217	1.222	1.218	1.216	1.214	1.234	0.143	0.14	0.128	0.155	0.154	0.147	1.25	1.233	1.226	0.119	0.116	0.116	1.147	1.166	1.183	0.148	0.148	0.13	1.045	1.207	1.206	0.168	0.171	0.174	1.25	1.233	1.226	0.179	0.178	0.176	1.007	1.019	0.985	1.25	1.233	1.226	0.638	0.651	0.644	0.419	0.418	0.413	1.25	1.233	1.226	1.122	1.186	1.192	1.229	1.244	1.254	0.687	0.773	0.66	0.909	0.924	0.953	1.179	1.175	1.196	0.787	0.76	0.796	0.83	0.874	0.929	1.077	1.107	1.1	0.699	0.69	0.708	0.818	0.846	0.848	1.096	1.093	1.092	1.084	1.079	1.099	0.507	0.495	0.489	0.868	0.843	0.862	0.673	0.672	0.692	1.035	1.037	1.038	1.108	1.078	1.092	0.851	0.808	0.796	1.064	1.009	1.039	1.097	1.091	1.115	0.818	0.755	0.768	1.047	1.059	1.067	1.215	1.183	1.191	0.774	0.77	0.769	1.0	0.992	0.994	1.229	1.223	1.22	1.218	1.214	1.184	0.178	0.18	0.179	0.195	0.209	0.214	0.451	0.411	0.401	0.429	0.438	0.502	1.261	1.236	1.216	0.545	0.516	0.556	0.512	0.564	0.758	1.186	1.19	1.183	0.135	0.135	0.122	0.148	0.154	0.144	1.223	1.241	1.233	0.127	0.12	0.112	0.147	0.141	0.13	1.176	1.204	1.194	0.138	0.139	0.137	0.149	0.154	0.146	1.21	1.209	1.21	1.132	1.208	1.156	0.728	0.737	0.674	1.194	1.18	1.183	1.177	1.188	1.186	0.841	0.823	1.181	1.185	0.938	0.948	0.91	1.192	0.955	1.19	1.174	1.177	0.599	0.603	0.623	0.902	0.895	0.881	1.253	1.241	1.225	1.25	1.233	1.21	1.22	1.193	1.174	1.206	1.186	1.181	1.203	1.19	1.165	1.195	1.191	1.182	1.212	1.241	1.237	1.22	1.208	1.204	1.212	1.214	1.206	1.22	1.245	1.264	1.255	1.242	1.267	1.221	1.203	1.191	1.147	1.092	1.111	1.2	1.194	1.181	1.221	1.213	1.218	1.074	1.076	1.087	1.054	1.05	1.048	1.023	0.948	0.937	1.051	1.045	1.045	0.105	0.118	0.112	1.058	1.05	1.037	1.049	1.034	1.033	1.049	1.036	1.037	1.053	1.043	1.045	1.03	1.041	1.02	1.039	1.037	1.036	1.02	1.022	1.035	1.028	1.018	1.022	1.02	1.029	1.027	1.034	1.025	1.024	1.018	1.02	1.026	1.008	1.035	1.044	1.018	1.041	1.051	1.074	1.076	1.087	0.648	0.63	0.642	0.578	0.56	0.567	1.074	1.076	1.087	0.832	0.779	0.778
10.0	1.172	1.173	1.16	1.158	1.142	1.142	1.17	1.178	1.189	0.669	0.78	0.783	0.114	0.112	0.118	0.204	0.2	0.159	0.911	0.923	0.948	0.108	0.123	0.116	0.259	0.199	0.162	1.158	1.142	1.142	1.192	1.198	1.21	0.642	0.668	0.639	0.24	0.25	0.23	0.759	0.762	0.74	0.45	0.449	0.339	1.158	1.142	1.142	1.117	1.127	1.142	0.23	0.108	0.106	0.218	0.217	0.205	0.365	0.104	0.116	0.425	0.464	0.321	1.147	1.118	1.128	1.133	1.121	1.132	1.133	1.142	1.162	0.11	0.122	0.113	0.215	0.211	0.216	0.112	0.111	0.105	0.11	0.117	0.111	0.29	0.28	0.244	0.12	0.113	0.11	1.171	1.163	1.152	1.158	1.142	1.142	0.103	0.103	0.105	0.724	0.734	0.672	0.103	0.104	0.103	0.29	0.275	0.299	1.181	1.167	1.171	1.161	1.166	1.176	0.211	0.31	0.278	0.274	0.296	0.342	0.433	0.676	0.592	0.682	0.651	0.651	1.158	1.142	1.142	1.158	1.142	1.142	0.255	0.276	0.284	0.496	0.519	0.53	0.351	0.377	0.372	0.581	0.569	0.569	1.245	1.239	1.216	0.6	0.603	0.623	1.158	1.142	1.142	0.679	0.623	0.67	1.252	1.348	1.319	0.914	1.054	1.148	1.051	1.228	1.179	1.207	1.193	1.191	0.885	0.926	0.92	0.885	0.926	0.92	1.26	1.222	1.215	0.573	0.908	0.717	1.079	1.02	0.996	1.216	1.24	1.238	0.565	0.536	0.667	0.962	0.983	0.996	1.275	1.298	1.365	0.488	0.417	0.467	0.68	0.792	0.618	1.225	1.216	1.214	0.203	0.223	1.22	0.315	0.349	1.198	1.216	1.24	1.238	0.577	0.512	0.471	1.092	1.075	1.098	1.243	1.242	1.247	1.065	1.254	1.167	1.213	1.224	1.218	1.218	1.218	1.243	0.143	0.14	0.127	0.154	0.153	0.147	1.257	1.239	1.228	0.119	0.116	0.117	1.146	1.165	1.183	0.148	0.148	0.13	1.04	1.209	1.206	0.168	0.17	0.173	1.257	1.239	1.228	0.177	0.177	0.175	1.007	1.02	0.989	1.257	1.239	1.228	0.649	0.667	0.658	0.423	0.425	0.418	1.257	1.239	1.228	1.121	1.19	1.199	1.224	1.241	1.253	0.656	0.748	0.635	0.897	0.913	0.946	1.153	1.166	1.191	0.8	0.758	0.788	0.821	0.858	0.915	1.076	1.102	1.1	0.708	0.697	0.712	0.814	0.839	0.841	1.096	1.091	1.088	1.084	1.082	1.096	0.502	0.49	0.484	0.864	0.838	0.852	0.663	0.66	0.68	1.028	1.026	1.044	1.101	1.072	1.086	0.843	0.799	0.788	1.055	1.012	1.031	1.094	1.087	1.11	0.815	0.748	0.763	1.07	1.056	1.067	1.22	1.194	1.196	0.764	0.762	0.761	1.004	0.997	1.001	1.238	1.232	1.227	1.224	1.221	1.195	0.176	0.179	0.178	0.193	0.206	0.214	0.448	0.405	0.396	0.421	0.426	0.504	1.259	1.235	1.215	0.528	0.504	0.535	0.494	0.535	0.733	1.184	1.196	1.188	0.135	0.135	0.121	0.147	0.153	0.143	1.231	1.25	1.252	0.127	0.12	0.112	0.146	0.141	0.128	1.178	1.204	1.196	0.137	0.139	0.137	0.148	0.154	0.145	1.215	1.209	1.211	1.135	1.21	1.17	0.724	0.734	0.672	1.2	1.184	1.187	1.182	1.196	1.194	0.832	0.827	1.18	1.19	0.924	0.943	0.895	1.199	0.947	1.192	1.181	1.186	0.6	0.603	0.623	0.903	0.89	0.875	1.257	1.249	1.237	1.253	1.235	1.218	1.226	1.199	1.182	1.213	1.195	1.187	1.214	1.196	1.173	1.201	1.202	1.191	1.216	1.24	1.238	1.224	1.215	1.213	1.218	1.222	1.213	1.218	1.247	1.262	1.253	1.24	1.264	1.23	1.212	1.202	1.153	1.099	1.116	1.207	1.2	1.194	1.225	1.219	1.225	1.081	1.08	1.093	1.068	1.063	1.065	1.014	0.941	0.94	1.065	1.06	1.06	0.108	0.123	0.116	1.068	1.062	1.052	1.06	1.055	1.048	1.059	1.054	1.048	1.063	1.051	1.054	1.037	1.046	1.031	1.05	1.051	1.051	1.031	1.032	1.04	1.039	1.026	1.027	1.034	1.041	1.041	1.044	1.033	1.036	1.033	1.03	1.04	1.024	1.048	1.057	1.032	1.056	1.067	1.081	1.08	1.093	0.652	0.634	0.645	0.574	0.557	0.566	1.081	1.08	1.093	0.845	0.793	0.795
10.17	1.173	1.173	1.165	1.166	1.155	1.16	1.176	1.182	1.194	0.66	0.78	0.785	0.121	0.124	0.126	0.225	0.204	0.179	0.915	0.927	0.953	0.113	0.128	0.12	0.258	0.236	0.174	1.166	1.155	1.16	1.191	1.199	1.218	0.637	0.66	0.632	0.234	0.243	0.223	0.752	0.757	0.736	0.432	0.431	0.326	1.166	1.155	1.16	1.125	1.134	1.145	0.225	0.119	0.111	0.212	0.212	0.201	0.352	0.106	0.121	0.408	0.445	0.309	1.15	1.122	1.133	1.139	1.126	1.139	1.137	1.146	1.17	0.115	0.115	0.12	0.21	0.207	0.21	0.117	0.115	0.109	0.113	0.127	0.114	0.281	0.272	0.238	0.121	0.117	0.114	1.175	1.173	1.154	1.166	1.155	1.16	0.103	0.103	0.105	0.718	0.73	0.67	0.103	0.104	0.103	0.285	0.27	0.293	1.182	1.169	1.174	1.162	1.168	1.181	0.208	0.301	0.271	0.267	0.287	0.333	0.423	0.667	0.581	0.674	0.642	0.642	1.166	1.155	1.16	1.166	1.155	1.16	0.258	0.281	0.29	0.506	0.528	0.538	0.365	0.392	0.388	0.587	0.579	0.576	1.25	1.25	1.223	0.601	0.602	0.626	1.166	1.155	1.16	0.677	0.619	0.665	1.263	1.345	1.317	0.923	1.059	1.156	1.057	1.248	1.194	1.218	1.201	1.199	0.882	0.926	0.922	0.882	0.926	0.922	1.261	1.23	1.222	0.552	0.921	0.691	1.076	1.024	0.997	1.218	1.242	1.242	0.545	0.522	0.635	0.963	0.986	0.993	1.276	1.294	1.371	0.486	0.414	0.464	0.667	0.787	0.609	1.227	1.224	1.222	0.202	0.221	1.224	0.314	0.348	1.205	1.218	1.242	1.242	0.56	0.503	0.465	1.097	1.082	1.102	1.246	1.246	1.252	1.068	1.254	1.169	1.212	1.224	1.219	1.221	1.22	1.248	0.142	0.139	0.127	0.153	0.153	0.146	1.261	1.239	1.236	0.119	0.116	0.117	1.141	1.167	1.183	0.147	0.147	0.131	1.042	1.21	1.208	0.167	0.169	0.171	1.261	1.239	1.236	0.176	0.175	0.173	1.005	1.02	0.992	1.261	1.239	1.236	0.659	0.69	0.674	0.437	0.431	0.427	1.261	1.239	1.236	1.121	1.195	1.2	1.218	1.238	1.251	0.626	0.716	0.611	0.885	0.901	0.936	1.16	1.187	1.186	0.808	0.756	0.782	0.809	0.839	0.901	1.075	1.105	1.096	0.719	0.705	0.717	0.809	0.83	0.834	1.095	1.088	1.086	1.079	1.075	1.097	0.498	0.486	0.481	0.858	0.834	0.845	0.653	0.649	0.67	1.018	1.012	1.04	1.1	1.07	1.084	0.836	0.792	0.78	1.044	0.997	1.02	1.091	1.081	1.104	0.812	0.744	0.759	1.083	1.05	1.07	1.225	1.201	1.202	0.755	0.755	0.752	1.008	1.002	1.006	1.243	1.237	1.232	1.225	1.227	1.203	0.175	0.178	0.177	0.19	0.203	0.213	0.443	0.41	0.38	0.415	0.416	0.493	1.257	1.234	1.209	0.514	0.493	0.516	0.48	0.508	0.702	1.184	1.196	1.194	0.134	0.134	0.121	0.147	0.153	0.143	1.236	1.26	1.262	0.126	0.119	0.112	0.145	0.14	0.127	1.177	1.207	1.197	0.137	0.139	0.136	0.148	0.154	0.145	1.216	1.209	1.215	1.146	1.202	1.182	0.718	0.73	0.67	1.21	1.184	1.19	1.187	1.202	1.202	0.825	0.835	1.185	1.198	0.911	0.938	0.88	1.206	0.937	1.201	1.186	1.192	0.601	0.602	0.626	0.902	0.882	0.87	1.258	1.253	1.244	1.25	1.229	1.227	1.23	1.209	1.193	1.217	1.202	1.192	1.221	1.201	1.184	1.208	1.212	1.199	1.218	1.242	1.242	1.229	1.223	1.22	1.224	1.228	1.219	1.22	1.245	1.254	1.252	1.24	1.26	1.238	1.222	1.215	1.159	1.107	1.118	1.214	1.204	1.208	1.233	1.227	1.232	1.084	1.082	1.098	1.077	1.077	1.074	1.007	0.936	0.942	1.083	1.069	1.073	0.113	0.128	0.12	1.077	1.066	1.064	1.067	1.067	1.059	1.073	1.068	1.058	1.072	1.061	1.07	1.05	1.058	1.035	1.06	1.058	1.064	1.039	1.042	1.045	1.044	1.034	1.035	1.045	1.049	1.047	1.051	1.04	1.047	1.053	1.045	1.061	1.039	1.063	1.071	1.042	1.068	1.078	1.084	1.082	1.098	0.654	0.637	0.648	0.572	0.556	0.565	1.084	1.082	1.098	0.858	0.81	0.813
10.33	1.178	1.174	1.169	1.173	1.165	1.177	1.181	1.185	1.197	0.645	0.782	0.789	0.124	0.124	0.146	0.266	0.225	0.195	0.918	0.931	0.958	0.121	0.13	0.124	0.274	0.259	0.198	1.173	1.165	1.177	1.194	1.202	1.224	0.631	0.652	0.625	0.228	0.236	0.217	0.745	0.752	0.732	0.414	0.414	0.314	1.173	1.165	1.177	1.129	1.141	1.151	0.219	0.123	0.119	0.207	0.207	0.197	0.338	0.109	0.129	0.392	0.426	0.298	1.155	1.125	1.137	1.144	1.132	1.151	1.139	1.15	1.177	0.121	0.122	0.128	0.207	0.204	0.207	0.121	0.12	0.114	0.12	0.124	0.118	0.272	0.264	0.233	0.135	0.127	0.12	1.179	1.175	1.16	1.173	1.165	1.177	0.103	0.103	0.105	0.712	0.725	0.667	0.103	0.104	0.103	0.281	0.266	0.288	1.185	1.169	1.174	1.162	1.171	1.185	0.205	0.292	0.263	0.259	0.279	0.322	0.414	0.66	0.571	0.663	0.634	0.632	1.173	1.165	1.177	1.173	1.165	1.177	0.261	0.288	0.297	0.518	0.536	0.546	0.38	0.407	0.404	0.592	0.588	0.584	1.257	1.26	1.231	0.6	0.603	0.626	1.173	1.165	1.177	0.674	0.615	0.661	1.275	1.341	1.298	0.935	1.07	1.166	1.065	1.264	1.21	1.225	1.212	1.211	0.877	0.926	0.923	0.877	0.926	0.923	1.264	1.235	1.227	0.531	0.929	0.665	1.063	1.034	0.999	1.225	1.244	1.243	0.533	0.509	0.6	0.958	0.991	0.986	1.272	1.283	1.356	0.482	0.413	0.463	0.652	0.781	0.598	1.236	1.231	1.233	0.201	0.219	1.227	0.312	0.347	1.208	1.225	1.244	1.243	0.542	0.495	0.46	1.103	1.085	1.102	1.247	1.254	1.26	1.072	1.251	1.167	1.214	1.229	1.218	1.221	1.223	1.254	0.142	0.139	0.127	0.153	0.153	0.145	1.268	1.242	1.242	0.119	0.116	0.118	1.142	1.165	1.18	0.147	0.147	0.131	1.05	1.214	1.209	0.167	0.169	0.17	1.268	1.242	1.242	0.175	0.174	0.171	1.003	1.019	0.995	1.268	1.242	1.242	0.674	0.718	0.7	0.439	0.443	0.436	1.268	1.242	1.242	1.123	1.198	1.203	1.21	1.232	1.246	0.596	0.689	0.586	0.871	0.889	0.927	1.159	1.168	1.187	0.814	0.756	0.776	0.793	0.824	0.888	1.072	1.099	1.093	0.728	0.718	0.722	0.803	0.82	0.825	1.089	1.083	1.08	1.074	1.073	1.093	0.495	0.481	0.477	0.851	0.829	0.839	0.643	0.638	0.66	1.008	1.004	1.028	1.094	1.063	1.081	0.829	0.784	0.772	1.043	0.992	1.014	1.086	1.077	1.097	0.807	0.74	0.757	1.079	1.039	1.066	1.231	1.207	1.21	0.744	0.745	0.742	1.01	1.005	1.011	1.248	1.242	1.234	1.232	1.231	1.211	0.174	0.178	0.176	0.188	0.202	0.213	0.443	0.401	0.368	0.418	0.405	0.486	1.254	1.228	1.205	0.503	0.484	0.5	0.466	0.488	0.667	1.184	1.196	1.197	0.134	0.134	0.12	0.147	0.152	0.142	1.238	1.264	1.274	0.126	0.118	0.112	0.144	0.14	0.126	1.174	1.205	1.195	0.136	0.14	0.136	0.148	0.154	0.145	1.219	1.213	1.215	1.149	1.191	1.187	0.712	0.725	0.667	1.222	1.192	1.196	1.194	1.21	1.21	0.818	0.842	1.195	1.204	0.898	0.933	0.864	1.209	0.923	1.211	1.192	1.201	0.6	0.603	0.626	0.9	0.875	0.865	1.254	1.255	1.254	1.247	1.225	1.228	1.23	1.212	1.205	1.222	1.209	1.203	1.231	1.203	1.196	1.218	1.216	1.206	1.225	1.244	1.243	1.233	1.229	1.223	1.231	1.228	1.22	1.221	1.246	1.254	1.253	1.241	1.253	1.244	1.229	1.225	1.166	1.112	1.121	1.223	1.209	1.212	1.235	1.235	1.239	1.087	1.081	1.103	1.094	1.093	1.085	1.004	0.926	0.943	1.09	1.077	1.087	0.121	0.13	0.124	1.088	1.082	1.073	1.084	1.075	1.069	1.08	1.077	1.067	1.084	1.07	1.077	1.067	1.071	1.041	1.064	1.062	1.071	1.05	1.055	1.047	1.05	1.039	1.045	1.058	1.067	1.058	1.057	1.05	1.052	1.057	1.059	1.074	1.055	1.076	1.092	1.055	1.085	1.093	1.087	1.081	1.103	0.657	0.64	0.65	0.571	0.556	0.566	1.087	1.081	1.103	0.871	0.826	0.829
10.5	1.181	1.179	1.176	1.184	1.174	1.188	1.188	1.187	1.205	0.637	0.788	0.792	0.121	0.133	0.142	0.275	0.246	0.224	0.92	0.936	0.963	0.127	0.131	0.126	0.299	0.273	0.209	1.184	1.174	1.188	1.196	1.206	1.23	0.625	0.646	0.616	0.222	0.23	0.211	0.738	0.747	0.727	0.398	0.397	0.302	1.184	1.174	1.188	1.132	1.144	1.16	0.214	0.128	0.122	0.203	0.203	0.194	0.324	0.113	0.123	0.378	0.409	0.286	1.156	1.129	1.139	1.15	1.142	1.155	1.144	1.15	1.18	0.125	0.125	0.125	0.204	0.201	0.203	0.12	0.125	0.12	0.122	0.161	0.122	0.265	0.257	0.228	0.146	0.12	0.132	1.184	1.177	1.164	1.184	1.174	1.188	0.103	0.103	0.105	0.705	0.72	0.664	0.103	0.104	0.103	0.277	0.262	0.283	1.189	1.168	1.172	1.163	1.17	1.185	0.201	0.284	0.257	0.252	0.271	0.313	0.405	0.649	0.561	0.653	0.624	0.62	1.184	1.174	1.188	1.184	1.174	1.188	0.265	0.296	0.306	0.53	0.545	0.555	0.396	0.424	0.421	0.597	0.596	0.591	1.264	1.268	1.239	0.601	0.601	0.627	1.184	1.174	1.188	0.671	0.612	0.658	1.284	1.333	1.28	0.945	1.082	1.172	1.071	1.277	1.222	1.234	1.222	1.216	0.871	0.925	0.924	0.871	0.925	0.924	1.27	1.243	1.236	0.514	0.92	0.646	1.058	1.046	1.0	1.231	1.248	1.246	0.519	0.496	0.568	0.95	1.001	0.976	1.265	1.27	1.343	0.479	0.411	0.46	0.638	0.773	0.588	1.246	1.236	1.241	0.199	0.217	1.229	0.311	0.346	1.213	1.231	1.248	1.246	0.53	0.488	0.458	1.104	1.088	1.111	1.248	1.257	1.269	1.078	1.251	1.166	1.217	1.228	1.219	1.224	1.223	1.258	0.142	0.139	0.128	0.152	0.152	0.145	1.273	1.239	1.242	0.12	0.117	0.119	1.141	1.163	1.179	0.146	0.147	0.132	1.053	1.216	1.21	0.166	0.168	0.169	1.273	1.239	1.242	0.173	0.173	0.169	0.999	1.018	0.996	1.273	1.239	1.242	0.699	0.752	0.73	0.454	0.447	0.447	1.273	1.239	1.242	1.127	1.204	1.207	1.205	1.232	1.288	0.569	0.663	0.562	0.855	0.876	0.917	1.171	1.167	1.174	0.813	0.754	0.772	0.776	0.827	0.876	1.073	1.095	1.088	0.709	0.737	0.732	0.797	0.812	0.816	1.087	1.08	1.075	1.075	1.069	1.093	0.491	0.474	0.472	0.844	0.824	0.831	0.635	0.629	0.651	0.996	1.001	1.021	1.094	1.062	1.08	0.822	0.777	0.765	1.028	0.968	1.008	1.081	1.075	1.093	0.801	0.738	0.756	1.074	1.029	1.056	1.239	1.213	1.214	0.731	0.734	0.732	1.012	1.008	1.016	1.253	1.248	1.239	1.235	1.236	1.218	0.174	0.177	0.176	0.185	0.2	0.211	0.442	0.391	0.352	0.408	0.397	0.479	1.253	1.224	1.2	0.492	0.477	0.485	0.454	0.472	0.632	1.182	1.194	1.202	0.133	0.133	0.12	0.147	0.153	0.142	1.237	1.266	1.275	0.126	0.118	0.112	0.144	0.14	0.125	1.173	1.205	1.195	0.136	0.14	0.135	0.147	0.154	0.144	1.22	1.216	1.212	1.151	1.179	1.191	0.705	0.72	0.664	1.235	1.201	1.202	1.208	1.219	1.221	0.811	0.846	1.198	1.21	0.889	0.927	0.851	1.22	0.912	1.218	1.199	1.212	0.601	0.601	0.627	0.894	0.87	0.858	1.255	1.259	1.264	1.243	1.222	1.228	1.232	1.215	1.21	1.225	1.217	1.213	1.235	1.206	1.203	1.225	1.222	1.212	1.231	1.248	1.246	1.236	1.235	1.225	1.234	1.228	1.226	1.222	1.242	1.249	1.252	1.244	1.248	1.249	1.238	1.236	1.172	1.118	1.124	1.227	1.214	1.214	1.236	1.241	1.248	1.092	1.083	1.108	1.107	1.102	1.093	1.001	0.907	0.945	1.099	1.09	1.095	0.127	0.131	0.126	1.101	1.095	1.09	1.094	1.083	1.083	1.09	1.083	1.074	1.096	1.078	1.085	1.075	1.088	1.042	1.074	1.069	1.076	1.057	1.065	1.051	1.058	1.049	1.051	1.067	1.077	1.065	1.063	1.057	1.065	1.073	1.072	1.077	1.069	1.085	1.121	1.067	1.098	1.118	1.092	1.083	1.108	0.658	0.643	0.652	0.572	0.556	0.566	1.092	1.083	1.108	0.882	0.842	0.845
10.67	1.185	1.182	1.181	1.191	1.184	1.194	1.19	1.192	1.209	0.636	0.793	0.793	0.125	0.143	0.162	0.291	0.277	0.23	0.921	0.94	0.968	0.133	0.141	0.128	0.316	0.299	0.232	1.191	1.184	1.194	1.203	1.206	1.23	0.616	0.637	0.603	0.217	0.225	0.207	0.731	0.743	0.723	0.382	0.383	0.292	1.191	1.184	1.194	1.133	1.145	1.166	0.211	0.136	0.127	0.199	0.2	0.191	0.312	0.122	0.133	0.365	0.393	0.277	1.16	1.128	1.141	1.149	1.144	1.159	1.151	1.154	1.186	0.13	0.134	0.132	0.201	0.198	0.2	0.131	0.128	0.124	0.132	0.161	0.145	0.259	0.251	0.223	0.144	0.129	0.128	1.187	1.177	1.169	1.191	1.184	1.194	0.103	0.103	0.105	0.696	0.714	0.661	0.103	0.104	0.103	0.273	0.258	0.277	1.192	1.172	1.172	1.167	1.171	1.183	0.198	0.276	0.25	0.246	0.264	0.304	0.394	0.638	0.55	0.645	0.614	0.611	1.191	1.184	1.194	1.191	1.184	1.194	0.27	0.304	0.316	0.542	0.554	0.564	0.412	0.441	0.438	0.6	0.604	0.599	1.267	1.276	1.244	0.607	0.602	0.627	1.191	1.184	1.194	0.667	0.611	0.656	1.296	1.315	1.268	0.954	1.089	1.177	1.078	1.288	1.231	1.241	1.226	1.224	0.863	0.923	0.924	0.863	0.923	0.924	1.274	1.249	1.246	0.498	0.907	0.624	1.054	1.056	0.994	1.24	1.252	1.247	0.504	0.485	0.535	0.946	1.008	0.964	1.259	1.265	1.328	0.477	0.409	0.459	0.623	0.765	0.579	1.245	1.24	1.244	0.198	0.215	1.233	0.309	0.345	1.214	1.24	1.252	1.247	0.518	0.481	0.455	1.105	1.09	1.11	1.25	1.26	1.274	1.079	1.25	1.165	1.214	1.228	1.218	1.223	1.225	1.261	0.142	0.138	0.128	0.151	0.153	0.145	1.278	1.246	1.244	0.12	0.117	0.12	1.138	1.163	1.176	0.146	0.146	0.133	1.05	1.217	1.209	0.166	0.168	0.167	1.278	1.246	1.244	0.172	0.172	0.167	0.996	1.017	0.998	1.278	1.246	1.244	0.728	0.788	0.766	0.459	0.456	0.456	1.278	1.246	1.244	1.128	1.212	1.213	1.198	1.223	1.277	0.541	0.634	0.538	0.839	0.86	0.905	1.142	1.162	1.169	0.81	0.755	0.771	0.768	0.85	0.859	1.075	1.096	1.082	0.752	0.766	0.741	0.791	0.805	0.807	1.082	1.079	1.074	1.07	1.067	1.092	0.487	0.467	0.466	0.836	0.818	0.825	0.627	0.62	0.644	0.983	0.99	1.014	1.093	1.064	1.073	0.814	0.772	0.756	1.017	0.963	0.997	1.074	1.072	1.089	0.794	0.737	0.755	1.066	1.017	1.044	1.246	1.217	1.22	0.72	0.724	0.72	1.012	1.009	1.02	1.26	1.245	1.242	1.239	1.24	1.225	0.174	0.178	0.176	0.183	0.199	0.211	0.427	0.382	0.343	0.393	0.385	0.468	1.25	1.221	1.196	0.483	0.471	0.473	0.446	0.459	0.603	1.182	1.194	1.203	0.133	0.133	0.119	0.147	0.152	0.142	1.237	1.266	1.277	0.125	0.118	0.112	0.143	0.139	0.125	1.169	1.204	1.196	0.135	0.141	0.135	0.147	0.155	0.144	1.224	1.218	1.212	1.149	1.167	1.19	0.696	0.714	0.661	1.245	1.208	1.209	1.215	1.232	1.228	0.808	0.85	1.202	1.219	0.886	0.924	0.836	1.227	0.905	1.231	1.207	1.223	0.607	0.602	0.627	0.887	0.86	0.852	1.254	1.26	1.273	1.243	1.225	1.228	1.235	1.218	1.217	1.23	1.229	1.22	1.239	1.209	1.208	1.231	1.226	1.218	1.24	1.252	1.247	1.238	1.24	1.227	1.235	1.23	1.228	1.223	1.24	1.248	1.255	1.246	1.245	1.25	1.245	1.252	1.178	1.121	1.125	1.23	1.218	1.213	1.236	1.244	1.255	1.093	1.089	1.111	1.115	1.113	1.104	0.992	0.892	0.947	1.112	1.101	1.106	0.133	0.141	0.128	1.111	1.107	1.098	1.104	1.097	1.091	1.102	1.088	1.085	1.109	1.085	1.086	1.08	1.107	1.042	1.078	1.079	1.084	1.067	1.071	1.062	1.063	1.057	1.057	1.076	1.089	1.079	1.07	1.061	1.071	1.082	1.087	1.089	1.085	1.096	1.143	1.083	1.115	1.152	1.093	1.089	1.111	0.66	0.644	0.654	0.572	0.557	0.566	1.093	1.089	1.111	0.891	0.857	0.86
10.83	1.193	1.183	1.186	1.198	1.191	1.198	1.193	1.197	1.209	0.631	0.795	0.793	0.132	0.161	0.148	0.325	0.306	0.25	0.919	0.944	0.972	0.136	0.173	0.132	0.325	0.33	0.251	1.198	1.191	1.198	1.204	1.206	1.233	0.605	0.628	0.591	0.212	0.221	0.204	0.725	0.738	0.72	0.368	0.369	0.282	1.198	1.191	1.198	1.143	1.149	1.168	0.207	0.148	0.135	0.195	0.196	0.187	0.302	0.127	0.164	0.352	0.377	0.268	1.161	1.127	1.147	1.154	1.142	1.162	1.149	1.155	1.192	0.135	0.159	0.142	0.198	0.195	0.197	0.128	0.134	0.126	0.134	0.178	0.15	0.254	0.245	0.219	0.161	0.14	0.128	1.192	1.18	1.172	1.198	1.191	1.198	0.103	0.103	0.105	0.686	0.706	0.656	0.103	0.104	0.103	0.27	0.255	0.273	1.195	1.175	1.174	1.173	1.171	1.183	0.196	0.269	0.244	0.24	0.258	0.295	0.385	0.629	0.54	0.634	0.603	0.599	1.198	1.191	1.198	1.198	1.191	1.198	0.275	0.314	0.328	0.554	0.563	0.572	0.43	0.458	0.456	0.603	0.611	0.606	1.272	1.285	1.254	0.612	0.607	0.631	1.198	1.191	1.198	0.665	0.612	0.654	1.302	1.296	1.261	0.964	1.094	1.183	1.087	1.298	1.24	1.249	1.232	1.224	0.854	0.919	0.923	0.854	0.919	0.923	1.275	1.26	1.257	0.484	0.893	0.604	1.045	1.052	0.979	1.26	1.26	1.252	0.492	0.473	0.507	0.944	1.012	0.947	1.252	1.262	1.318	0.474	0.408	0.456	0.608	0.753	0.569	1.248	1.248	1.247	0.197	0.214	1.234	0.308	0.344	1.22	1.26	1.26	1.252	0.508	0.477	0.455	1.108	1.085	1.103	1.253	1.26	1.278	1.08	1.248	1.167	1.209	1.228	1.216	1.225	1.226	1.261	0.143	0.138	0.129	0.151	0.152	0.144	1.283	1.249	1.248	0.121	0.118	0.121	1.137	1.163	1.174	0.145	0.146	0.135	1.051	1.218	1.21	0.166	0.167	0.166	1.283	1.249	1.248	0.171	0.171	0.165	0.992	1.013	0.997	1.283	1.249	1.248	0.768	0.855	0.826	0.466	0.462	0.467	1.283	1.249	1.248	1.135	1.219	1.219	1.191	1.222	1.254	0.515	0.607	0.516	0.82	0.844	0.892	1.143	1.162	1.157	0.805	0.757	0.773	0.769	0.847	0.837	1.064	1.094	1.081	0.699	0.811	0.75	0.786	0.8	0.8	1.081	1.078	1.073	1.069	1.065	1.09	0.489	0.462	0.458	0.829	0.813	0.818	0.619	0.612	0.637	0.973	0.984	1.007	1.09	1.058	1.075	0.807	0.767	0.749	0.996	0.955	0.989	1.065	1.067	1.086	0.787	0.736	0.754	1.058	1.004	1.031	1.255	1.225	1.228	0.706	0.712	0.707	1.011	1.01	1.023	1.264	1.25	1.243	1.241	1.239	1.231	0.174	0.178	0.175	0.182	0.199	0.214	0.413	0.373	0.333	0.38	0.375	0.456	1.249	1.218	1.191	0.475	0.467	0.463	0.441	0.447	0.578	1.182	1.189	1.204	0.133	0.133	0.119	0.147	0.152	0.141	1.234	1.263	1.277	0.125	0.118	0.112	0.142	0.139	0.124	1.17	1.206	1.195	0.135	0.141	0.135	0.147	0.155	0.144	1.227	1.218	1.214	1.146	1.154	1.187	0.686	0.706	0.656	1.255	1.218	1.216	1.225	1.25	1.237	0.806	0.854	1.209	1.229	0.886	0.922	0.823	1.237	0.901	1.244	1.217	1.238	0.612	0.607	0.631	0.883	0.849	0.845	1.251	1.26	1.282	1.242	1.227	1.228	1.24	1.221	1.22	1.235	1.233	1.225	1.24	1.215	1.214	1.238	1.228	1.223	1.26	1.26	1.252	1.238	1.242	1.227	1.237	1.232	1.231	1.224	1.237	1.25	1.258	1.249	1.247	1.251	1.251	1.252	1.183	1.128	1.126	1.236	1.222	1.214	1.236	1.248	1.263	1.099	1.095	1.12	1.121	1.119	1.115	0.972	0.879	0.949	1.132	1.106	1.121	0.136	0.173	0.132	1.122	1.114	1.109	1.105	1.1	1.096	1.112	1.096	1.092	1.117	1.093	1.089	1.084	1.129	1.044	1.081	1.089	1.093	1.068	1.079	1.078	1.068	1.06	1.064	1.081	1.1	1.095	1.08	1.071	1.079	1.089	1.096	1.098	1.098	1.113	1.167	1.091	1.129	1.181	1.099	1.095	1.12	0.661	0.646	0.655	0.572	0.557	0.566	1.099	1.095	1.12	0.893	0.872	0.876
11.0	1.202	1.186	1.194	1.204	1.195	1.201	1.194	1.199	1.207	0.628	0.795	0.792	0.141	0.152	0.156	0.367	0.308	0.316	0.921	0.948	0.975	0.14	0.191	0.143	0.36	0.357	0.267	1.204	1.195	1.201	1.208	1.207	1.229	0.591	0.615	0.581	0.209	0.216	0.201	0.719	0.733	0.715	0.355	0.356	0.273	1.204	1.195	1.201	1.141	1.146	1.173	0.203	0.165	0.155	0.192	0.193	0.185	0.293	0.156	0.178	0.34	0.363	0.26	1.166	1.13	1.151	1.154	1.145	1.162	1.15	1.154	1.192	0.141	0.154	0.179	0.195	0.193	0.195	0.152	0.139	0.134	0.139	0.181	0.157	0.248	0.24	0.216	0.19	0.166	0.135	1.196	1.184	1.173	1.204	1.195	1.201	0.103	0.103	0.105	0.676	0.698	0.65	0.103	0.104	0.103	0.267	0.252	0.268	1.198	1.178	1.177	1.185	1.172	1.186	0.195	0.262	0.237	0.234	0.251	0.287	0.375	0.619	0.527	0.625	0.591	0.586	1.204	1.195	1.201	1.204	1.195	1.201	0.282	0.325	0.342	0.567	0.57	0.579	0.449	0.475	0.473	0.606	0.617	0.615	1.275	1.29	1.263	0.619	0.613	0.636	1.204	1.195	1.201	0.666	0.614	0.652	1.302	1.284	1.26	0.975	1.101	1.189	1.099	1.306	1.247	1.253	1.238	1.223	0.844	0.913	0.921	0.844	0.913	0.921	1.284	1.27	1.272	0.473	0.869	0.582	1.045	1.041	0.971	1.281	1.27	1.258	0.484	0.464	0.483	0.953	1.018	0.929	1.25	1.265	1.312	0.471	0.406	0.45	0.594	0.74	0.561	1.259	1.258	1.252	0.196	0.212	1.243	0.307	0.343	1.226	1.281	1.27	1.258	0.503	0.475	0.457	1.105	1.071	1.093	1.254	1.261	1.282	1.083	1.249	1.164	1.207	1.226	1.214	1.223	1.225	1.262	0.143	0.138	0.13	0.15	0.152	0.144	1.287	1.252	1.252	0.121	0.119	0.122	1.135	1.164	1.171	0.145	0.146	0.136	1.053	1.22	1.209	0.165	0.166	0.164	1.287	1.252	1.252	0.17	0.17	0.163	0.986	1.009	0.997	1.287	1.252	1.252	0.827	0.914	0.879	0.472	0.467	0.478	1.287	1.252	1.252	1.137	1.225	1.224	1.206	1.231	1.255	0.491	0.581	0.494	0.801	0.826	0.879	1.177	1.148	1.153	0.802	0.759	0.776	0.772	0.826	0.814	1.072	1.091	1.083	0.68	0.824	0.76	0.783	0.797	0.794	1.079	1.076	1.073	1.066	1.066	1.089	0.475	0.467	0.454	0.822	0.807	0.812	0.613	0.605	0.632	0.96	0.978	0.997	1.09	1.051	1.073	0.799	0.762	0.743	0.989	0.951	0.984	1.064	1.076	1.089	0.779	0.735	0.751	1.048	0.993	1.02	1.263	1.231	1.234	0.692	0.698	0.692	1.01	1.01	1.025	1.265	1.254	1.248	1.242	1.24	1.236	0.173	0.177	0.175	0.182	0.198	0.216	0.397	0.363	0.322	0.368	0.365	0.448	1.246	1.212	1.184	0.469	0.465	0.454	0.438	0.439	0.555	1.18	1.186	1.206	0.133	0.133	0.119	0.148	0.152	0.141	1.232	1.259	1.278	0.126	0.118	0.112	0.142	0.139	0.124	1.168	1.204	1.198	0.135	0.143	0.134	0.147	0.156	0.143	1.231	1.22	1.214	1.14	1.145	1.182	0.676	0.698	0.65	1.267	1.23	1.222	1.235	1.263	1.252	0.806	0.858	1.212	1.236	0.885	0.92	0.813	1.244	0.894	1.258	1.225	1.253	0.619	0.613	0.636	0.877	0.84	0.837	1.253	1.262	1.286	1.243	1.234	1.231	1.246	1.227	1.224	1.242	1.239	1.227	1.242	1.22	1.22	1.243	1.23	1.226	1.281	1.27	1.258	1.24	1.244	1.228	1.238	1.238	1.233	1.231	1.238	1.251	1.258	1.254	1.249	1.252	1.252	1.25	1.188	1.134	1.131	1.238	1.224	1.214	1.234	1.252	1.265	1.103	1.099	1.131	1.128	1.125	1.124	0.94	0.865	0.949	1.147	1.114	1.125	0.14	0.191	0.143	1.136	1.119	1.119	1.115	1.105	1.102	1.122	1.103	1.098	1.12	1.109	1.091	1.087	1.152	1.054	1.08	1.094	1.101	1.072	1.101	1.097	1.07	1.059	1.07	1.089	1.111	1.118	1.087	1.079	1.088	1.097	1.105	1.106	1.108	1.128	1.188	1.105	1.142	1.206	1.103	1.099	1.131	0.661	0.646	0.655	0.572	0.557	0.565	1.103	1.099	1.131	0.902	0.886	0.89
11.17	1.209	1.189	1.198	1.211	1.199	1.206	1.195	1.199	1.207	0.628	0.796	0.791	0.151	0.15	0.164	0.378	0.325	0.327	0.922	0.952	0.98	0.15	0.201	0.187	0.365	0.362	0.295	1.211	1.199	1.206	1.21	1.208	1.225	0.578	0.602	0.567	0.206	0.213	0.197	0.713	0.729	0.712	0.344	0.345	0.265	1.211	1.199	1.206	1.142	1.15	1.175	0.2	0.186	0.172	0.189	0.191	0.182	0.284	0.171	0.187	0.329	0.35	0.253	1.171	1.129	1.153	1.156	1.146	1.161	1.157	1.152	1.199	0.147	0.15	0.158	0.193	0.191	0.193	0.153	0.142	0.139	0.145	0.178	0.178	0.243	0.236	0.212	0.188	0.161	0.144	1.199	1.188	1.176	1.211	1.199	1.206	0.103	0.103	0.105	0.664	0.689	0.643	0.103	0.104	0.103	0.264	0.25	0.265	1.202	1.187	1.183	1.199	1.175	1.192	0.192	0.256	0.232	0.228	0.245	0.279	0.365	0.609	0.515	0.614	0.581	0.576	1.211	1.199	1.206	1.211	1.199	1.206	0.288	0.339	0.357	0.58	0.579	0.586	0.467	0.491	0.489	0.609	0.621	0.622	1.278	1.295	1.276	0.626	0.618	0.642	1.211	1.199	1.206	0.669	0.62	0.652	1.299	1.278	1.259	0.985	1.113	1.198	1.111	1.314	1.252	1.258	1.24	1.223	0.833	0.907	0.918	0.833	0.907	0.918	1.292	1.288	1.292	0.465	0.845	0.564	1.051	1.024	0.965	1.31	1.283	1.278	0.474	0.455	0.459	0.97	1.026	0.916	1.255	1.27	1.313	0.469	0.402	0.447	0.581	0.725	0.554	1.27	1.271	1.259	0.195	0.211	1.252	0.305	0.341	1.234	1.31	1.283	1.278	0.498	0.475	0.459	1.098	1.059	1.075	1.252	1.261	1.285	1.086	1.247	1.161	1.204	1.226	1.213	1.228	1.223	1.262	0.144	0.138	0.132	0.15	0.153	0.144	1.289	1.256	1.256	0.122	0.12	0.123	1.132	1.162	1.169	0.145	0.146	0.138	1.054	1.223	1.211	0.165	0.166	0.163	1.289	1.256	1.256	0.17	0.169	0.162	0.98	1.004	0.995	1.289	1.256	1.256	0.875	0.942	0.919	0.477	0.476	0.485	1.289	1.256	1.256	1.14	1.232	1.23	1.203	1.208	1.251	0.469	0.555	0.472	0.78	0.807	0.863	1.178	1.142	1.172	0.802	0.764	0.781	0.774	0.824	0.797	1.062	1.082	1.081	0.663	0.856	0.78	0.78	0.794	0.791	1.079	1.076	1.069	1.065	1.063	1.087	0.462	0.466	0.448	0.815	0.801	0.806	0.607	0.598	0.627	0.95	0.972	0.988	1.087	1.05	1.071	0.79	0.757	0.737	0.985	0.944	0.977	1.067	1.072	1.098	0.772	0.733	0.748	1.038	0.984	1.012	1.268	1.239	1.241	0.679	0.685	0.677	1.006	1.009	1.026	1.262	1.257	1.251	1.244	1.242	1.241	0.173	0.178	0.175	0.184	0.197	0.217	0.386	0.354	0.315	0.356	0.358	0.448	1.24	1.205	1.179	0.464	0.464	0.447	0.437	0.435	0.537	1.178	1.185	1.208	0.133	0.133	0.119	0.148	0.152	0.141	1.229	1.26	1.28	0.126	0.118	0.113	0.142	0.139	0.123	1.171	1.204	1.198	0.135	0.144	0.135	0.147	0.157	0.143	1.238	1.222	1.216	1.134	1.137	1.177	0.664	0.689	0.643	1.278	1.243	1.231	1.245	1.276	1.263	0.807	0.856	1.215	1.242	0.879	0.92	0.803	1.254	0.886	1.268	1.236	1.268	0.626	0.618	0.642	0.868	0.834	0.829	1.259	1.262	1.291	1.247	1.245	1.234	1.251	1.23	1.233	1.248	1.238	1.23	1.243	1.226	1.229	1.247	1.233	1.231	1.31	1.283	1.278	1.241	1.246	1.228	1.24	1.244	1.235	1.236	1.24	1.254	1.263	1.261	1.253	1.255	1.252	1.247	1.192	1.137	1.135	1.246	1.226	1.217	1.237	1.254	1.267	1.11	1.11	1.142	1.131	1.134	1.134	0.894	0.848	0.952	1.157	1.118	1.133	0.15	0.201	0.187	1.15	1.127	1.122	1.121	1.11	1.108	1.132	1.113	1.103	1.125	1.123	1.091	1.092	1.166	1.072	1.084	1.095	1.106	1.078	1.139	1.115	1.073	1.062	1.073	1.092	1.129	1.146	1.093	1.087	1.095	1.103	1.115	1.115	1.118	1.144	1.203	1.113	1.157	1.226	1.11	1.11	1.142	0.661	0.647	0.656	0.573	0.558	0.565	1.11	1.11	1.142	0.91	0.901	0.905
11.33	1.216	1.196	1.206	1.217	1.207	1.209	1.195	1.2	1.209	0.624	0.792	0.787	0.161	0.175	0.193	0.413	0.359	0.353	0.919	0.956	0.984	0.162	0.213	0.204	0.391	0.417	0.317	1.217	1.207	1.209	1.211	1.215	1.225	0.563	0.589	0.552	0.203	0.209	0.195	0.707	0.725	0.709	0.333	0.334	0.258	1.217	1.207	1.209	1.139	1.154	1.177	0.198	0.196	0.162	0.186	0.189	0.18	0.277	0.175	0.189	0.319	0.337	0.247	1.175	1.133	1.151	1.161	1.144	1.16	1.157	1.152	1.199	0.153	0.154	0.174	0.192	0.19	0.191	0.165	0.149	0.144	0.151	0.188	0.177	0.239	0.232	0.21	0.192	0.153	0.15	1.204	1.195	1.181	1.217	1.207	1.209	0.103	0.103	0.105	0.65	0.678	0.636	0.103	0.104	0.103	0.261	0.247	0.26	1.211	1.201	1.189	1.212	1.182	1.195	0.19	0.249	0.226	0.223	0.239	0.271	0.356	0.597	0.503	0.604	0.568	0.563	1.217	1.207	1.209	1.217	1.207	1.209	0.297	0.353	0.372	0.593	0.588	0.594	0.485	0.506	0.505	0.612	0.624	0.629	1.282	1.302	1.292	0.632	0.624	0.65	1.217	1.207	1.209	0.675	0.629	0.655	1.292	1.275	1.261	0.994	1.123	1.208	1.127	1.321	1.258	1.259	1.241	1.226	0.821	0.9	0.914	0.821	0.9	0.914	1.305	1.308	1.303	0.46	0.819	0.544	1.058	1.012	0.964	1.333	1.306	1.301	0.467	0.448	0.441	0.989	1.035	0.894	1.264	1.279	1.323	0.466	0.399	0.445	0.569	0.71	0.548	1.27	1.284	1.268	0.194	0.209	1.262	0.303	0.34	1.24	1.333	1.306	1.301	0.495	0.475	0.463	1.082	1.042	1.057	1.252	1.261	1.288	1.087	1.246	1.159	1.202	1.228	1.21	1.23	1.221	1.26	0.144	0.139	0.133	0.149	0.153	0.145	1.289	1.256	1.258	0.123	0.121	0.125	1.126	1.16	1.163	0.145	0.147	0.14	1.058	1.224	1.213	0.165	0.166	0.162	1.289	1.256	1.258	0.169	0.168	0.161	0.972	0.998	0.991	1.289	1.256	1.258	0.915	0.958	0.95	0.484	0.483	0.493	1.289	1.256	1.258	1.144	1.239	1.234	1.184	1.21	1.239	0.449	0.531	0.453	0.759	0.786	0.845	1.171	1.163	1.175	0.806	0.768	0.785	0.775	0.823	0.787	1.061	1.083	1.081	0.643	0.757	0.831	0.778	0.793	0.789	1.083	1.073	1.072	1.062	1.059	1.085	0.455	0.453	0.437	0.807	0.795	0.799	0.602	0.592	0.623	0.941	0.964	0.979	1.079	1.047	1.071	0.781	0.753	0.731	0.978	0.938	0.969	1.079	1.071	1.096	0.765	0.73	0.745	1.03	0.977	1.008	1.274	1.243	1.25	0.664	0.671	0.66	1.001	1.006	1.026	1.26	1.256	1.252	1.245	1.242	1.246	0.173	0.178	0.176	0.185	0.197	0.216	0.378	0.345	0.309	0.348	0.353	0.446	1.236	1.199	1.174	0.46	0.464	0.441	0.438	0.433	0.52	1.177	1.182	1.208	0.133	0.133	0.12	0.149	0.153	0.141	1.228	1.26	1.282	0.127	0.119	0.114	0.141	0.139	0.124	1.172	1.204	1.198	0.134	0.145	0.134	0.147	0.159	0.143	1.24	1.225	1.216	1.123	1.131	1.175	0.65	0.678	0.636	1.291	1.251	1.24	1.257	1.287	1.276	0.808	0.853	1.215	1.246	0.872	0.917	0.794	1.267	0.88	1.276	1.249	1.286	0.632	0.624	0.65	0.862	0.825	0.821	1.264	1.267	1.296	1.254	1.259	1.234	1.256	1.234	1.236	1.252	1.244	1.231	1.248	1.236	1.238	1.252	1.236	1.233	1.333	1.306	1.301	1.243	1.247	1.228	1.241	1.248	1.237	1.244	1.246	1.261	1.271	1.266	1.258	1.256	1.254	1.244	1.196	1.139	1.138	1.248	1.232	1.221	1.239	1.252	1.269	1.116	1.131	1.152	1.134	1.137	1.14	0.864	0.838	0.952	1.166	1.122	1.14	0.162	0.213	0.204	1.165	1.133	1.124	1.127	1.115	1.113	1.137	1.123	1.105	1.133	1.137	1.094	1.103	1.173	1.096	1.091	1.097	1.11	1.086	1.166	1.134	1.085	1.064	1.078	1.096	1.148	1.17	1.093	1.095	1.099	1.108	1.128	1.127	1.13	1.159	1.212	1.118	1.17	1.24	1.116	1.131	1.152	0.661	0.647	0.655	0.573	0.558	0.565	1.116	1.131	1.152	0.919	0.916	0.92
11.5	1.222	1.2	1.213	1.221	1.215	1.215	1.196	1.201	1.209	0.618	0.785	0.782	0.176	0.19	0.208	0.41	0.386	0.363	0.919	0.961	0.988	0.177	0.227	0.215	0.418	0.426	0.339	1.221	1.215	1.215	1.218	1.215	1.228	0.549	0.576	0.537	0.2	0.206	0.192	0.702	0.722	0.705	0.323	0.324	0.253	1.221	1.215	1.215	1.138	1.154	1.18	0.196	0.18	0.17	0.184	0.187	0.178	0.269	0.169	0.191	0.309	0.326	0.242	1.177	1.133	1.151	1.163	1.146	1.166	1.159	1.15	1.201	0.158	0.169	0.161	0.19	0.189	0.189	0.162	0.155	0.149	0.158	0.194	0.188	0.234	0.228	0.207	0.198	0.158	0.158	1.211	1.197	1.181	1.221	1.215	1.215	0.103	0.103	0.105	0.634	0.666	0.628	0.103	0.104	0.103	0.259	0.245	0.257	1.221	1.212	1.198	1.225	1.194	1.202	0.188	0.242	0.22	0.217	0.234	0.263	0.345	0.584	0.489	0.59	0.557	0.552	1.221	1.215	1.215	1.221	1.215	1.215	0.306	0.367	0.389	0.607	0.597	0.602	0.503	0.521	0.52	0.616	0.626	0.636	1.286	1.308	1.307	0.638	0.629	0.662	1.221	1.215	1.215	0.686	0.643	0.663	1.288	1.28	1.266	1.004	1.133	1.216	1.143	1.329	1.26	1.26	1.238	1.232	0.808	0.891	0.908	0.808	0.891	0.908	1.32	1.334	1.284	0.456	0.79	0.529	1.064	1.004	0.958	1.347	1.335	1.331	0.461	0.443	0.426	0.996	1.047	0.876	1.276	1.287	1.336	0.462	0.396	0.443	0.557	0.693	0.543	1.274	1.29	1.268	0.193	0.208	1.269	0.302	0.338	1.253	1.347	1.335	1.331	0.493	0.477	0.467	1.061	1.027	1.035	1.251	1.26	1.291	1.088	1.248	1.158	1.199	1.23	1.209	1.232	1.221	1.26	0.145	0.139	0.135	0.149	0.154	0.145	1.289	1.257	1.258	0.124	0.123	0.127	1.123	1.157	1.158	0.145	0.147	0.142	1.056	1.224	1.212	0.164	0.165	0.161	1.289	1.257	1.258	0.169	0.168	0.16	0.964	0.992	0.986	1.289	1.257	1.258	0.94	0.971	0.963	0.492	0.496	0.499	1.289	1.257	1.258	1.147	1.242	1.241	1.175	1.202	1.229	0.429	0.508	0.434	0.736	0.765	0.827	1.165	1.164	1.174	0.812	0.772	0.785	0.774	0.82	0.778	1.063	1.079	1.074	0.624	0.72	0.725	0.778	0.793	0.787	1.071	1.071	1.071	1.064	1.058	1.076	0.445	0.437	0.426	0.799	0.789	0.793	0.597	0.587	0.62	0.931	0.956	0.969	1.078	1.044	1.067	0.772	0.748	0.726	0.971	0.929	0.962	1.08	1.073	1.091	0.758	0.727	0.741	1.024	0.969	1.002	1.283	1.251	1.257	0.649	0.654	0.643	0.995	1.002	1.025	1.258	1.254	1.253	1.246	1.245	1.245	0.175	0.179	0.177	0.186	0.197	0.219	0.372	0.338	0.304	0.342	0.347	0.442	1.234	1.196	1.168	0.458	0.464	0.437	0.441	0.434	0.507	1.176	1.18	1.211	0.133	0.133	0.12	0.149	0.153	0.141	1.231	1.262	1.286	0.128	0.12	0.114	0.141	0.14	0.124	1.173	1.205	1.2	0.134	0.147	0.135	0.147	0.161	0.143	1.246	1.229	1.22	1.111	1.123	1.171	0.634	0.666	0.628	1.296	1.26	1.256	1.268	1.295	1.286	0.809	0.848	1.217	1.255	0.87	0.911	0.787	1.278	0.88	1.285	1.26	1.302	0.638	0.629	0.662	0.856	0.815	0.813	1.271	1.271	1.298	1.26	1.269	1.238	1.263	1.241	1.243	1.252	1.242	1.229	1.252	1.243	1.247	1.255	1.238	1.237	1.347	1.335	1.331	1.246	1.249	1.226	1.243	1.251	1.239	1.248	1.252	1.266	1.284	1.268	1.266	1.257	1.257	1.242	1.198	1.138	1.142	1.247	1.235	1.227	1.24	1.254	1.271	1.123	1.16	1.158	1.135	1.14	1.147	0.847	0.827	0.957	1.175	1.126	1.146	0.177	0.227	0.215	1.177	1.139	1.127	1.131	1.12	1.116	1.135	1.125	1.109	1.145	1.15	1.1	1.126	1.175	1.123	1.101	1.103	1.115	1.105	1.196	1.157	1.098	1.07	1.082	1.105	1.168	1.193	1.094	1.104	1.102	1.117	1.143	1.142	1.143	1.171	1.215	1.125	1.182	1.25	1.123	1.16	1.158	0.66	0.646	0.654	0.573	0.558	0.565	1.123	1.16	1.158	0.924	0.933	0.935
11.67	1.227	1.209	1.22	1.226	1.222	1.218	1.197	1.2	1.212	0.615	0.78	0.78	0.198	0.203	0.222	0.422	0.398	0.365	0.923	0.965	0.992	0.183	0.24	0.227	0.442	0.423	0.358	1.226	1.222	1.218	1.228	1.218	1.229	0.533	0.562	0.522	0.197	0.203	0.19	0.697	0.718	0.702	0.314	0.315	0.247	1.226	1.222	1.218	1.139	1.154	1.179	0.194	0.193	0.154	0.182	0.185	0.177	0.263	0.17	0.197	0.301	0.317	0.236	1.174	1.134	1.153	1.165	1.146	1.167	1.158	1.149	1.202	0.165	0.197	0.172	0.189	0.187	0.188	0.16	0.167	0.159	0.165	0.212	0.196	0.231	0.225	0.205	0.206	0.173	0.172	1.22	1.202	1.185	1.226	1.222	1.218	0.103	0.102	0.105	0.618	0.654	0.618	0.103	0.104	0.103	0.256	0.243	0.253	1.23	1.224	1.211	1.238	1.207	1.211	0.187	0.236	0.215	0.212	0.229	0.256	0.336	0.57	0.475	0.58	0.545	0.539	1.226	1.222	1.218	1.226	1.222	1.218	0.317	0.383	0.405	0.622	0.607	0.61	0.52	0.535	0.534	0.62	0.629	0.642	1.292	1.316	1.321	0.647	0.636	0.676	1.226	1.222	1.218	0.703	0.659	0.677	1.286	1.29	1.274	1.01	1.144	1.225	1.157	1.338	1.264	1.264	1.241	1.236	0.793	0.881	0.902	0.793	0.881	0.902	1.338	1.327	1.297	0.455	0.754	0.513	1.071	1.0	0.958	1.349	1.363	1.359	0.457	0.441	0.414	0.996	1.062	0.857	1.29	1.3	1.346	0.459	0.393	0.441	0.545	0.674	0.537	1.274	1.281	1.267	0.192	0.206	1.274	0.3	0.337	1.265	1.349	1.363	1.359	0.493	0.479	0.47	1.043	1.013	1.016	1.252	1.258	1.291	1.09	1.247	1.156	1.197	1.232	1.208	1.234	1.22	1.261	0.146	0.14	0.138	0.149	0.154	0.146	1.292	1.261	1.262	0.125	0.125	0.129	1.119	1.157	1.153	0.145	0.147	0.145	1.057	1.226	1.212	0.164	0.165	0.16	1.292	1.261	1.262	0.168	0.167	0.159	0.955	0.984	0.981	1.292	1.261	1.262	0.956	0.986	0.976	0.497	0.499	0.507	1.292	1.261	1.262	1.15	1.245	1.246	1.17	1.194	1.222	0.412	0.486	0.417	0.713	0.742	0.806	1.162	1.16	1.172	0.818	0.777	0.784	0.772	0.812	0.772	1.071	1.077	1.066	0.599	0.683	0.653	0.778	0.793	0.786	1.069	1.07	1.057	1.054	1.05	1.068	0.439	0.422	0.417	0.791	0.783	0.788	0.592	0.582	0.617	0.922	0.949	0.96	1.071	1.043	1.062	0.765	0.743	0.721	0.968	0.919	0.953	1.075	1.067	1.084	0.753	0.724	0.738	1.02	0.961	0.995	1.299	1.262	1.267	0.633	0.637	0.625	0.987	0.997	1.022	1.259	1.257	1.255	1.249	1.248	1.246	0.177	0.18	0.178	0.187	0.198	0.219	0.365	0.333	0.299	0.336	0.341	0.436	1.23	1.189	1.164	0.456	0.465	0.435	0.445	0.437	0.498	1.18	1.18	1.212	0.134	0.134	0.121	0.15	0.153	0.142	1.236	1.265	1.291	0.129	0.121	0.114	0.141	0.14	0.124	1.177	1.206	1.201	0.135	0.149	0.135	0.147	0.162	0.143	1.253	1.232	1.225	1.103	1.118	1.166	0.618	0.654	0.618	1.298	1.272	1.267	1.284	1.304	1.292	0.81	0.842	1.22	1.264	0.87	0.907	0.782	1.286	0.881	1.29	1.267	1.314	0.647	0.636	0.676	0.848	0.806	0.807	1.274	1.276	1.302	1.268	1.278	1.242	1.274	1.249	1.25	1.255	1.241	1.23	1.26	1.25	1.256	1.258	1.238	1.238	1.349	1.363	1.359	1.251	1.256	1.224	1.243	1.252	1.243	1.253	1.259	1.27	1.294	1.272	1.277	1.257	1.254	1.243	1.203	1.139	1.145	1.249	1.238	1.229	1.24	1.253	1.271	1.13	1.177	1.163	1.137	1.141	1.155	0.836	0.819	0.961	1.181	1.129	1.152	0.183	0.24	0.227	1.189	1.145	1.13	1.138	1.128	1.117	1.133	1.126	1.117	1.159	1.166	1.105	1.159	1.174	1.147	1.109	1.107	1.117	1.14	1.224	1.174	1.109	1.079	1.085	1.122	1.183	1.215	1.097	1.119	1.105	1.125	1.161	1.156	1.161	1.186	1.213	1.141	1.193	1.249	1.13	1.177	1.163	0.658	0.645	0.653	0.573	0.558	0.564	1.13	1.177	1.163	0.932	0.952	0.951
11.83	1.231	1.219	1.228	1.23	1.226	1.221	1.202	1.202	1.213	0.61	0.777	0.779	0.208	0.217	0.236	0.429	0.41	0.38	0.927	0.968	0.995	0.199	0.253	0.238	0.428	0.395	0.368	1.23	1.226	1.221	1.237	1.224	1.238	0.516	0.547	0.505	0.195	0.201	0.188	0.692	0.715	0.701	0.306	0.307	0.242	1.23	1.226	1.221	1.138	1.155	1.178	0.193	0.21	0.162	0.18	0.183	0.176	0.257	0.183	0.208	0.293	0.308	0.231	1.181	1.137	1.156	1.164	1.145	1.168	1.158	1.149	1.201	0.175	0.232	0.194	0.187	0.186	0.187	0.169	0.171	0.17	0.176	0.262	0.205	0.228	0.221	0.203	0.233	0.197	0.189	1.23	1.208	1.19	1.23	1.226	1.221	0.103	0.102	0.105	0.602	0.64	0.608	0.103	0.104	0.103	0.254	0.241	0.25	1.244	1.237	1.219	1.248	1.221	1.218	0.184	0.23	0.21	0.208	0.225	0.249	0.326	0.557	0.462	0.567	0.531	0.526	1.23	1.226	1.221	1.23	1.226	1.221	0.329	0.399	0.422	0.638	0.618	0.619	0.535	0.548	0.547	0.625	0.63	0.646	1.299	1.323	1.339	0.655	0.644	0.695	1.23	1.226	1.221	0.721	0.678	0.694	1.288	1.302	1.288	1.015	1.153	1.232	1.171	1.344	1.268	1.262	1.241	1.239	0.776	0.871	0.896	0.776	0.871	0.896	1.339	1.325	1.304	0.457	0.719	0.501	1.072	0.999	0.964	1.343	1.382	1.369	0.454	0.442	0.404	0.986	1.074	0.835	1.303	1.314	1.354	0.457	0.389	0.436	0.535	0.656	0.532	1.278	1.283	1.273	0.192	0.205	1.279	0.299	0.335	1.283	1.343	1.382	1.369	0.493	0.482	0.474	1.028	0.997	1.003	1.251	1.258	1.294	1.092	1.247	1.155	1.195	1.232	1.206	1.235	1.218	1.26	0.148	0.141	0.141	0.149	0.155	0.147	1.294	1.264	1.265	0.127	0.127	0.132	1.116	1.156	1.151	0.145	0.148	0.148	1.06	1.228	1.213	0.164	0.165	0.159	1.294	1.264	1.265	0.168	0.167	0.158	0.945	0.976	0.975	1.294	1.264	1.265	0.966	0.997	0.985	0.5	0.505	0.507	1.294	1.264	1.265	1.155	1.246	1.251	1.159	1.182	1.218	0.394	0.467	0.401	0.687	0.717	0.786	1.162	1.156	1.169	0.825	0.782	0.781	0.769	0.802	0.767	1.072	1.07	1.063	0.58	0.641	0.607	0.778	0.794	0.786	1.063	1.066	1.057	1.051	1.05	1.061	0.435	0.415	0.405	0.783	0.777	0.783	0.589	0.578	0.615	0.913	0.94	0.953	1.056	1.038	1.061	0.76	0.738	0.716	0.961	0.907	0.944	1.067	1.062	1.078	0.748	0.72	0.734	1.017	0.955	0.991	1.314	1.274	1.281	0.615	0.623	0.609	0.977	0.99	1.019	1.258	1.261	1.256	1.249	1.248	1.246	0.178	0.181	0.179	0.189	0.198	0.219	0.359	0.328	0.294	0.33	0.335	0.432	1.234	1.183	1.159	0.453	0.467	0.434	0.45	0.442	0.493	1.184	1.183	1.215	0.134	0.134	0.122	0.151	0.154	0.142	1.244	1.268	1.296	0.131	0.122	0.115	0.141	0.141	0.125	1.18	1.21	1.201	0.135	0.151	0.136	0.147	0.165	0.143	1.26	1.237	1.23	1.097	1.113	1.163	0.602	0.64	0.608	1.296	1.285	1.276	1.295	1.31	1.298	0.812	0.834	1.221	1.273	0.868	0.903	0.779	1.29	0.883	1.29	1.273	1.32	0.655	0.644	0.695	0.841	0.796	0.798	1.277	1.282	1.301	1.273	1.287	1.254	1.286	1.258	1.258	1.259	1.241	1.231	1.263	1.263	1.256	1.259	1.239	1.24	1.343	1.382	1.369	1.254	1.259	1.229	1.246	1.253	1.248	1.257	1.266	1.271	1.304	1.278	1.29	1.26	1.254	1.244	1.206	1.141	1.147	1.253	1.239	1.236	1.245	1.254	1.268	1.137	1.175	1.167	1.141	1.144	1.162	0.828	0.813	0.965	1.187	1.13	1.157	0.199	0.253	0.238	1.195	1.149	1.132	1.144	1.134	1.117	1.133	1.135	1.12	1.173	1.185	1.113	1.188	1.175	1.169	1.115	1.109	1.119	1.178	1.241	1.188	1.131	1.093	1.09	1.148	1.192	1.242	1.102	1.14	1.108	1.137	1.177	1.16	1.182	1.199	1.213	1.173	1.201	1.238	1.137	1.175	1.167	0.658	0.643	0.652	0.572	0.557	0.563	1.137	1.175	1.167	0.941	0.974	0.971
12.0	1.235	1.229	1.235	1.234	1.232	1.223	1.208	1.201	1.216	0.604	0.774	0.776	0.227	0.232	0.249	0.41	0.389	0.394	0.928	0.971	0.999	0.213	0.266	0.248	0.416	0.41	0.381	1.234	1.232	1.223	1.252	1.233	1.252	0.499	0.53	0.489	0.193	0.199	0.186	0.687	0.711	0.698	0.299	0.3	0.237	1.234	1.232	1.223	1.139	1.153	1.177	0.192	0.214	0.202	0.179	0.182	0.175	0.252	0.19	0.224	0.286	0.3	0.226	1.183	1.144	1.158	1.167	1.145	1.172	1.157	1.15	1.2	0.186	0.295	0.204	0.187	0.185	0.186	0.203	0.19	0.208	0.188	0.291	0.248	0.225	0.219	0.201	0.262	0.208	0.204	1.243	1.216	1.192	1.234	1.232	1.223	0.103	0.103	0.105	0.586	0.625	0.597	0.103	0.104	0.103	0.252	0.239	0.248	1.258	1.254	1.227	1.26	1.232	1.228	0.182	0.225	0.206	0.203	0.22	0.242	0.317	0.543	0.446	0.553	0.517	0.512	1.234	1.232	1.223	1.234	1.232	1.223	0.343	0.414	0.439	0.656	0.632	0.63	0.55	0.56	0.558	0.631	0.632	0.649	1.305	1.329	1.354	0.664	0.652	0.711	1.234	1.232	1.223	0.74	0.696	0.714	1.297	1.313	1.295	1.02	1.163	1.242	1.186	1.35	1.27	1.263	1.24	1.239	0.76	0.859	0.889	0.76	0.859	0.889	1.33	1.332	1.308	0.46	0.682	0.491	1.065	1.0	0.979	1.339	1.386	1.36	0.456	0.448	0.397	0.97	1.078	0.811	1.321	1.329	1.361	0.453	0.385	0.433	0.527	0.639	0.527	1.286	1.294	1.273	0.191	0.204	1.28	0.297	0.333	1.296	1.339	1.386	1.36	0.494	0.485	0.478	1.016	0.984	0.99	1.25	1.255	1.294	1.095	1.248	1.15	1.192	1.233	1.205	1.233	1.217	1.261	0.15	0.142	0.144	0.149	0.157	0.148	1.298	1.267	1.266	0.129	0.13	0.134	1.113	1.154	1.148	0.145	0.148	0.151	1.056	1.228	1.215	0.164	0.165	0.158	1.298	1.267	1.266	0.168	0.167	0.158	0.934	0.966	0.968	1.298	1.267	1.266	0.97	1.008	0.993	0.51	0.511	0.52	1.298	1.267	1.266	1.156	1.244	1.257	1.147	1.171	1.221	0.38	0.448	0.387	0.662	0.692	0.764	1.161	1.152	1.163	0.831	0.787	0.78	0.767	0.789	0.764	1.091	1.07	1.061	0.565	0.604	0.579	0.78	0.795	0.787	1.055	1.06	1.055	1.046	1.044	1.052	0.43	0.405	0.397	0.775	0.772	0.778	0.585	0.574	0.613	0.903	0.932	0.945	1.057	1.034	1.055	0.754	0.734	0.713	0.958	0.9	0.937	1.06	1.057	1.073	0.744	0.717	0.731	1.016	0.95	0.99	1.332	1.287	1.294	0.596	0.605	0.592	0.967	0.983	1.015	1.261	1.262	1.257	1.252	1.249	1.247	0.18	0.182	0.18	0.191	0.199	0.221	0.354	0.324	0.289	0.324	0.33	0.428	1.228	1.188	1.153	0.452	0.469	0.433	0.456	0.448	0.49	1.188	1.186	1.215	0.135	0.135	0.123	0.152	0.155	0.142	1.25	1.273	1.299	0.133	0.123	0.116	0.141	0.142	0.125	1.186	1.219	1.2	0.135	0.152	0.137	0.148	0.168	0.144	1.267	1.244	1.233	1.095	1.106	1.162	0.586	0.625	0.597	1.299	1.298	1.284	1.308	1.315	1.305	0.812	0.824	1.218	1.278	0.866	0.898	0.778	1.293	0.882	1.297	1.281	1.319	0.664	0.652	0.711	0.835	0.788	0.786	1.286	1.29	1.302	1.277	1.292	1.265	1.296	1.263	1.268	1.262	1.242	1.232	1.268	1.27	1.263	1.262	1.243	1.243	1.339	1.386	1.36	1.259	1.264	1.23	1.249	1.258	1.252	1.26	1.274	1.274	1.313	1.291	1.308	1.262	1.253	1.245	1.208	1.142	1.151	1.254	1.238	1.24	1.252	1.254	1.269	1.142	1.178	1.171	1.141	1.149	1.168	0.824	0.806	0.968	1.193	1.127	1.164	0.213	0.266	0.248	1.196	1.154	1.138	1.149	1.142	1.121	1.134	1.15	1.121	1.187	1.204	1.123	1.207	1.177	1.193	1.118	1.108	1.122	1.218	1.245	1.202	1.156	1.108	1.095	1.17	1.195	1.274	1.111	1.158	1.113	1.149	1.187	1.161	1.2	1.209	1.211	1.206	1.21	1.226	1.142	1.178	1.171	0.657	0.642	0.65	0.571	0.557	0.561	1.142	1.178	1.171	0.952	1.001	0.993
12.17	1.245	1.243	1.238	1.238	1.234	1.222	1.213	1.205	1.221	0.599	0.764	0.77	0.244	0.247	0.26	0.433	0.403	0.41	0.927	0.974	1.002	0.229	0.275	0.259	0.438	0.424	0.394	1.238	1.234	1.222	1.264	1.24	1.267	0.482	0.513	0.473	0.191	0.197	0.184	0.682	0.707	0.693	0.292	0.293	0.232	1.238	1.234	1.222	1.139	1.152	1.175	0.191	0.26	0.211	0.178	0.18	0.173	0.248	0.21	0.245	0.28	0.292	0.223	1.186	1.147	1.161	1.168	1.143	1.174	1.159	1.153	1.2	0.195	0.29	0.229	0.186	0.185	0.186	0.221	0.217	0.207	0.215	0.3	0.305	0.223	0.216	0.199	0.292	0.23	0.22	1.261	1.224	1.198	1.238	1.234	1.222	0.103	0.102	0.105	0.568	0.609	0.587	0.103	0.104	0.103	0.25	0.237	0.245	1.27	1.269	1.242	1.27	1.242	1.236	0.182	0.22	0.202	0.199	0.215	0.237	0.307	0.529	0.432	0.537	0.504	0.499	1.238	1.234	1.222	1.238	1.234	1.222	0.357	0.43	0.455	0.675	0.648	0.644	0.564	0.571	0.569	0.638	0.633	0.651	1.311	1.336	1.368	0.673	0.66	0.725	1.238	1.234	1.222	0.757	0.712	0.735	1.305	1.324	1.302	1.024	1.176	1.25	1.2	1.355	1.273	1.266	1.24	1.243	0.741	0.845	0.881	0.741	0.845	0.881	1.343	1.33	1.311	0.466	0.645	0.482	1.051	1.011	0.996	1.328	1.385	1.357	0.461	0.455	0.392	0.951	1.063	0.785	1.34	1.342	1.363	0.45	0.381	0.431	0.519	0.622	0.52	1.296	1.296	1.27	0.191	0.203	1.281	0.295	0.331	1.29	1.328	1.385	1.357	0.495	0.489	0.482	1.007	0.975	0.978	1.251	1.253	1.294	1.098	1.246	1.15	1.188	1.235	1.203	1.233	1.218	1.263	0.153	0.143	0.147	0.15	0.159	0.15	1.3	1.274	1.269	0.131	0.133	0.137	1.109	1.152	1.147	0.146	0.149	0.155	1.052	1.227	1.217	0.165	0.165	0.158	1.3	1.274	1.269	0.168	0.167	0.157	0.922	0.957	0.959	1.3	1.274	1.269	0.977	1.018	1.0	0.519	0.519	0.528	1.3	1.274	1.269	1.156	1.243	1.26	1.138	1.162	1.227	0.368	0.431	0.373	0.637	0.668	0.741	1.16	1.149	1.155	0.838	0.785	0.78	0.763	0.774	0.762	1.093	1.071	1.059	0.553	0.576	0.55	0.782	0.797	0.787	1.055	1.062	1.046	1.035	1.038	1.047	0.414	0.396	0.393	0.767	0.766	0.772	0.582	0.571	0.612	0.894	0.924	0.938	1.057	1.018	1.049	0.749	0.73	0.71	0.952	0.893	0.929	1.053	1.053	1.07	0.739	0.713	0.729	1.019	0.946	0.989	1.348	1.292	1.308	0.575	0.589	0.573	0.955	0.975	1.009	1.26	1.26	1.257	1.254	1.252	1.249	0.181	0.184	0.181	0.193	0.2	0.223	0.351	0.32	0.284	0.319	0.327	0.426	1.211	1.183	1.148	0.452	0.472	0.433	0.463	0.455	0.489	1.192	1.191	1.217	0.136	0.137	0.125	0.153	0.156	0.143	1.258	1.278	1.301	0.135	0.124	0.117	0.142	0.144	0.126	1.191	1.224	1.202	0.136	0.155	0.138	0.148	0.171	0.144	1.271	1.25	1.238	1.093	1.101	1.159	0.568	0.609	0.587	1.3	1.31	1.296	1.317	1.313	1.308	0.811	0.813	1.215	1.282	0.864	0.89	0.777	1.296	0.875	1.299	1.287	1.317	0.673	0.66	0.725	0.828	0.783	0.777	1.295	1.308	1.303	1.282	1.294	1.27	1.283	1.268	1.276	1.264	1.244	1.232	1.275	1.274	1.269	1.264	1.247	1.245	1.328	1.385	1.357	1.261	1.269	1.235	1.255	1.261	1.26	1.261	1.283	1.283	1.329	1.305	1.333	1.262	1.254	1.254	1.21	1.145	1.153	1.252	1.238	1.245	1.256	1.257	1.269	1.147	1.178	1.173	1.143	1.154	1.172	0.823	0.804	0.972	1.194	1.124	1.175	0.229	0.275	0.259	1.193	1.16	1.145	1.154	1.146	1.125	1.138	1.175	1.123	1.201	1.224	1.133	1.23	1.181	1.215	1.122	1.106	1.125	1.257	1.249	1.214	1.187	1.125	1.1	1.186	1.189	1.319	1.121	1.175	1.117	1.163	1.192	1.155	1.215	1.214	1.212	1.235	1.216	1.214	1.147	1.178	1.173	0.655	0.64	0.649	0.57	0.555	0.559	1.147	1.178	1.173	0.964	1.028	1.017
12.33	1.255	1.252	1.242	1.241	1.232	1.218	1.221	1.21	1.226	0.595	0.76	0.763	0.26	0.258	0.266	0.461	0.421	0.426	0.926	0.978	1.006	0.244	0.285	0.266	0.463	0.446	0.41	1.241	1.232	1.218	1.276	1.251	1.284	0.466	0.495	0.457	0.189	0.195	0.183	0.677	0.703	0.689	0.286	0.287	0.229	1.241	1.232	1.218	1.138	1.152	1.174	0.19	0.302	0.256	0.177	0.179	0.173	0.243	0.24	0.263	0.272	0.285	0.219	1.188	1.153	1.167	1.167	1.143	1.177	1.159	1.153	1.201	0.216	0.307	0.253	0.186	0.185	0.186	0.257	0.224	0.233	0.226	0.306	0.285	0.221	0.213	0.197	0.299	0.261	0.246	1.277	1.235	1.201	1.241	1.232	1.218	0.103	0.103	0.105	0.55	0.592	0.574	0.103	0.104	0.103	0.248	0.236	0.243	1.279	1.279	1.248	1.271	1.248	1.242	0.181	0.215	0.199	0.195	0.212	0.231	0.298	0.513	0.418	0.522	0.491	0.484	1.241	1.232	1.218	1.241	1.232	1.218	0.373	0.446	0.47	0.693	0.666	0.66	0.578	0.58	0.578	0.647	0.636	0.653	1.318	1.345	1.38	0.682	0.67	0.737	1.241	1.232	1.218	0.775	0.729	0.754	1.31	1.331	1.311	1.029	1.183	1.257	1.217	1.358	1.278	1.27	1.241	1.252	0.721	0.83	0.873	0.721	0.83	0.873	1.352	1.331	1.316	0.474	0.61	0.475	1.035	1.031	1.019	1.322	1.384	1.359	0.475	0.464	0.389	0.932	1.04	0.755	1.349	1.342	1.366	0.447	0.378	0.426	0.512	0.605	0.514	1.301	1.289	1.272	0.19	0.203	1.281	0.294	0.33	1.292	1.322	1.384	1.359	0.497	0.493	0.487	0.998	0.965	0.97	1.251	1.251	1.292	1.097	1.245	1.15	1.185	1.237	1.202	1.234	1.222	1.262	0.157	0.145	0.151	0.15	0.16	0.152	1.306	1.28	1.271	0.133	0.137	0.141	1.107	1.151	1.144	0.147	0.15	0.16	1.052	1.225	1.215	0.165	0.166	0.158	1.306	1.28	1.271	0.167	0.167	0.157	0.909	0.944	0.949	1.306	1.28	1.271	0.99	1.027	1.01	0.531	0.522	0.532	1.306	1.28	1.271	1.16	1.239	1.262	1.13	1.16	1.235	0.355	0.416	0.36	0.612	0.643	0.717	1.156	1.143	1.148	0.843	0.779	0.782	0.762	0.763	0.76	1.095	1.069	1.057	0.544	0.554	0.527	0.783	0.798	0.788	1.05	1.06	1.047	1.037	1.02	1.046	0.402	0.391	0.388	0.758	0.762	0.767	0.58	0.568	0.612	0.886	0.916	0.929	1.053	1.023	1.037	0.745	0.726	0.708	0.944	0.887	0.922	1.05	1.049	1.067	0.735	0.711	0.726	1.019	0.941	0.99	1.343	1.294	1.319	0.557	0.569	0.557	0.943	0.966	1.002	1.259	1.258	1.257	1.254	1.257	1.253	0.185	0.206	0.186	0.196	0.201	0.226	0.348	0.318	0.282	0.315	0.324	0.42	1.204	1.177	1.146	0.453	0.475	0.434	0.47	0.462	0.491	1.198	1.199	1.22	0.137	0.138	0.127	0.154	0.158	0.145	1.263	1.28	1.306	0.138	0.126	0.119	0.142	0.145	0.128	1.197	1.232	1.202	0.137	0.158	0.139	0.149	0.175	0.145	1.275	1.258	1.245	1.094	1.095	1.159	0.55	0.592	0.574	1.304	1.323	1.307	1.321	1.312	1.313	0.81	0.8	1.215	1.283	0.858	0.876	0.778	1.301	0.866	1.3	1.292	1.319	0.682	0.67	0.737	0.819	0.777	0.77	1.323	1.331	1.308	1.289	1.297	1.277	1.285	1.273	1.28	1.266	1.248	1.233	1.282	1.273	1.271	1.264	1.251	1.249	1.322	1.384	1.359	1.272	1.276	1.241	1.262	1.263	1.264	1.269	1.294	1.288	1.347	1.317	1.363	1.264	1.256	1.26	1.214	1.147	1.153	1.252	1.241	1.253	1.262	1.258	1.268	1.15	1.18	1.178	1.141	1.157	1.175	0.827	0.806	0.974	1.191	1.122	1.182	0.244	0.285	0.266	1.189	1.168	1.153	1.155	1.15	1.128	1.143	1.196	1.124	1.212	1.239	1.145	1.255	1.184	1.234	1.127	1.107	1.127	1.285	1.26	1.223	1.196	1.136	1.107	1.202	1.177	1.361	1.128	1.194	1.124	1.175	1.195	1.149	1.226	1.216	1.212	1.254	1.219	1.206	1.15	1.18	1.178	0.654	0.638	0.648	0.568	0.554	0.556	1.15	1.18	1.178	0.978	1.053	1.045
12.5	1.266	1.255	1.251	1.245	1.231	1.213	1.229	1.22	1.231	0.59	0.753	0.772	0.275	0.27	0.279	0.484	0.441	0.442	0.923	0.981	1.009	0.26	0.296	0.274	0.493	0.473	0.427	1.245	1.231	1.213	1.283	1.258	1.301	0.45	0.479	0.442	0.188	0.194	0.182	0.672	0.7	0.685	0.28	0.283	0.226	1.245	1.231	1.213	1.136	1.152	1.174	0.191	0.316	0.298	0.176	0.179	0.173	0.24	0.268	0.281	0.267	0.279	0.215	1.189	1.146	1.175	1.167	1.147	1.18	1.161	1.153	1.202	0.241	0.324	0.27	0.185	0.185	0.187	0.27	0.242	0.263	0.243	0.317	0.31	0.218	0.211	0.196	0.308	0.278	0.281	1.293	1.245	1.205	1.245	1.231	1.213	0.103	0.103	0.105	0.53	0.574	0.56	0.104	0.104	0.103	0.246	0.234	0.241	1.289	1.284	1.255	1.275	1.251	1.248	0.181	0.21	0.195	0.192	0.208	0.226	0.289	0.499	0.404	0.508	0.477	0.471	1.245	1.231	1.213	1.245	1.231	1.213	0.389	0.461	0.485	0.714	0.685	0.677	0.593	0.587	0.586	0.657	0.638	0.654	1.324	1.354	1.386	0.692	0.681	0.749	1.245	1.231	1.213	0.789	0.746	0.771	1.317	1.34	1.317	1.033	1.193	1.266	1.232	1.359	1.281	1.276	1.241	1.256	0.699	0.813	0.862	0.699	0.813	0.862	1.359	1.335	1.323	0.48	0.579	0.469	1.017	1.057	1.046	1.32	1.379	1.36	0.494	0.487	0.392	0.902	1.007	0.722	1.344	1.335	1.36	0.443	0.375	0.424	0.506	0.587	0.509	1.304	1.287	1.278	0.19	0.202	1.281	0.292	0.328	1.293	1.32	1.379	1.36	0.499	0.496	0.492	0.995	0.956	0.964	1.249	1.249	1.292	1.099	1.242	1.149	1.182	1.238	1.2	1.239	1.225	1.263	0.16	0.148	0.155	0.151	0.163	0.154	1.309	1.282	1.273	0.136	0.141	0.145	1.103	1.15	1.141	0.148	0.151	0.165	1.05	1.226	1.215	0.166	0.167	0.158	1.309	1.282	1.273	0.168	0.167	0.157	0.895	0.933	0.939	1.309	1.282	1.273	1.002	1.041	1.022	0.54	0.526	0.536	1.309	1.282	1.273	1.164	1.241	1.261	1.131	1.174	1.24	0.344	0.401	0.349	0.588	0.618	0.692	1.151	1.137	1.142	0.847	0.775	0.785	0.761	0.755	0.759	1.093	1.069	1.051	0.539	0.536	0.51	0.785	0.8	0.789	1.045	1.062	1.048	1.04	1.022	1.043	0.398	0.383	0.381	0.751	0.757	0.763	0.578	0.567	0.611	0.877	0.908	0.921	1.049	1.024	1.042	0.742	0.723	0.706	0.936	0.881	0.913	1.048	1.047	1.067	0.731	0.708	0.724	1.018	0.936	0.987	1.341	1.3	1.324	0.542	0.551	0.537	0.93	0.956	0.994	1.257	1.258	1.259	1.256	1.258	1.26	0.214	0.22	0.214	0.198	0.203	0.228	0.343	0.315	0.278	0.31	0.323	0.414	1.205	1.17	1.148	0.455	0.479	0.434	0.477	0.469	0.493	1.199	1.205	1.223	0.139	0.141	0.129	0.156	0.159	0.147	1.272	1.283	1.311	0.142	0.129	0.121	0.144	0.148	0.129	1.201	1.235	1.206	0.138	0.163	0.141	0.15	0.179	0.146	1.28	1.269	1.254	1.092	1.091	1.156	0.53	0.574	0.56	1.31	1.331	1.316	1.321	1.312	1.315	0.807	0.786	1.214	1.287	0.85	0.865	0.779	1.304	0.857	1.304	1.297	1.324	0.692	0.681	0.749	0.81	0.77	0.766	1.362	1.353	1.312	1.294	1.299	1.284	1.29	1.276	1.286	1.27	1.254	1.236	1.285	1.272	1.275	1.265	1.253	1.258	1.32	1.379	1.36	1.279	1.281	1.244	1.272	1.265	1.269	1.274	1.309	1.295	1.356	1.328	1.361	1.269	1.262	1.266	1.218	1.152	1.155	1.252	1.245	1.261	1.27	1.261	1.27	1.15	1.18	1.182	1.134	1.157	1.177	0.829	0.809	0.974	1.185	1.119	1.188	0.26	0.296	0.274	1.182	1.173	1.154	1.153	1.149	1.132	1.151	1.214	1.126	1.222	1.249	1.151	1.275	1.186	1.25	1.132	1.11	1.129	1.303	1.276	1.229	1.202	1.133	1.112	1.213	1.173	1.379	1.133	1.204	1.132	1.185	1.198	1.146	1.227	1.216	1.213	1.266	1.222	1.198	1.15	1.18	1.182	0.654	0.638	0.646	0.566	0.552	0.553	1.15	1.18	1.182	0.994	1.075	1.07
12.67	1.276	1.258	1.263	1.248	1.229	1.206	1.241	1.235	1.235	0.582	0.745	0.768	0.289	0.282	0.293	0.509	0.461	0.462	0.919	0.984	1.012	0.275	0.306	0.281	0.516	0.5	0.448	1.248	1.229	1.206	1.28	1.267	1.319	0.434	0.462	0.426	0.186	0.193	0.18	0.668	0.697	0.682	0.275	0.277	0.223	1.248	1.229	1.206	1.135	1.156	1.174	0.191	0.314	0.294	0.175	0.178	0.172	0.236	0.273	0.286	0.262	0.273	0.213	1.195	1.149	1.177	1.17	1.146	1.188	1.165	1.156	1.2	0.267	0.369	0.28	0.186	0.185	0.187	0.301	0.263	0.293	0.275	0.335	0.341	0.217	0.21	0.196	0.334	0.294	0.288	1.308	1.254	1.218	1.248	1.229	1.206	0.103	0.103	0.105	0.512	0.556	0.546	0.104	0.104	0.103	0.245	0.233	0.239	1.296	1.286	1.257	1.278	1.254	1.253	0.18	0.207	0.192	0.189	0.205	0.22	0.281	0.484	0.389	0.493	0.462	0.456	1.248	1.229	1.206	1.248	1.229	1.206	0.407	0.476	0.498	0.737	0.703	0.691	0.606	0.595	0.593	0.669	0.642	0.656	1.326	1.357	1.387	0.701	0.691	0.761	1.248	1.229	1.206	0.802	0.762	0.79	1.328	1.349	1.32	1.039	1.195	1.274	1.246	1.36	1.282	1.282	1.243	1.26	0.678	0.797	0.85	0.678	0.797	0.85	1.361	1.337	1.329	0.487	0.552	0.464	0.994	1.088	1.068	1.325	1.376	1.362	0.506	0.501	0.4	0.875	0.971	0.695	1.339	1.331	1.35	0.44	0.371	0.42	0.499	0.571	0.505	1.31	1.288	1.278	0.19	0.202	1.281	0.29	0.326	1.296	1.325	1.376	1.362	0.503	0.5	0.497	0.991	0.944	0.959	1.246	1.249	1.292	1.098	1.239	1.146	1.179	1.239	1.196	1.243	1.232	1.262	0.165	0.151	0.16	0.153	0.166	0.157	1.314	1.283	1.274	0.14	0.146	0.15	1.099	1.149	1.14	0.148	0.152	0.17	1.049	1.226	1.215	0.166	0.168	0.158	1.314	1.283	1.274	0.168	0.167	0.156	0.88	0.919	0.928	1.314	1.283	1.274	1.014	1.051	1.039	0.536	0.532	0.544	1.314	1.283	1.274	1.17	1.24	1.259	1.147	1.194	1.252	0.336	0.388	0.34	0.565	0.594	0.668	1.146	1.132	1.139	0.851	0.779	0.789	0.761	0.751	0.76	1.089	1.067	1.046	0.533	0.524	0.496	0.788	0.802	0.79	1.042	1.061	1.048	1.039	1.022	1.037	0.392	0.374	0.373	0.744	0.752	0.759	0.576	0.565	0.611	0.868	0.9	0.914	1.043	1.023	1.041	0.738	0.72	0.704	0.929	0.874	0.905	1.049	1.046	1.071	0.728	0.706	0.722	1.017	0.928	0.985	1.34	1.313	1.331	0.528	0.533	0.519	0.918	0.946	0.984	1.26	1.262	1.261	1.255	1.261	1.267	0.226	0.229	0.225	0.202	0.205	0.23	0.339	0.311	0.274	0.309	0.321	0.413	1.2	1.166	1.145	0.456	0.483	0.436	0.484	0.477	0.497	1.197	1.211	1.229	0.141	0.143	0.132	0.158	0.161	0.149	1.277	1.286	1.315	0.145	0.132	0.124	0.145	0.151	0.131	1.204	1.238	1.209	0.14	0.167	0.144	0.152	0.183	0.148	1.28	1.275	1.257	1.087	1.088	1.154	0.512	0.556	0.546	1.315	1.336	1.325	1.321	1.313	1.316	0.802	0.772	1.205	1.287	0.844	0.852	0.779	1.308	0.848	1.312	1.302	1.322	0.701	0.691	0.761	0.803	0.765	0.761	1.375	1.342	1.319	1.298	1.303	1.29	1.294	1.28	1.289	1.276	1.259	1.238	1.289	1.273	1.279	1.264	1.255	1.265	1.325	1.376	1.362	1.286	1.286	1.246	1.28	1.268	1.272	1.278	1.321	1.302	1.342	1.341	1.331	1.271	1.268	1.272	1.226	1.153	1.159	1.255	1.25	1.267	1.277	1.263	1.27	1.151	1.181	1.184	1.131	1.157	1.179	0.832	0.808	0.976	1.18	1.118	1.19	0.275	0.306	0.281	1.175	1.175	1.153	1.151	1.153	1.134	1.158	1.226	1.13	1.228	1.255	1.157	1.286	1.185	1.261	1.137	1.112	1.138	1.306	1.285	1.229	1.198	1.125	1.12	1.22	1.185	1.379	1.138	1.206	1.139	1.192	1.201	1.151	1.229	1.215	1.214	1.27	1.221	1.193	1.151	1.181	1.184	0.652	0.637	0.645	0.564	0.551	0.551	1.151	1.181	1.184	1.016	1.092	1.093
12.83	1.286	1.266	1.268	1.248	1.225	1.199	1.252	1.25	1.244	0.573	0.734	0.701	0.297	0.295	0.31	0.528	0.482	0.484	0.918	0.987	1.016	0.291	0.318	0.293	0.537	0.52	0.468	1.248	1.225	1.199	1.277	1.277	1.33	0.417	0.442	0.412	0.185	0.192	0.18	0.663	0.695	0.679	0.271	0.273	0.221	1.248	1.225	1.199	1.134	1.156	1.173	0.192	0.32	0.301	0.175	0.178	0.172	0.233	0.292	0.3	0.257	0.268	0.21	1.2	1.157	1.182	1.168	1.147	1.197	1.168	1.15	1.2	0.287	0.4	0.303	0.187	0.186	0.189	0.312	0.283	0.326	0.306	0.35	0.344	0.216	0.209	0.195	0.361	0.309	0.311	1.325	1.265	1.228	1.248	1.225	1.199	0.103	0.103	0.105	0.492	0.538	0.532	0.104	0.104	0.103	0.243	0.232	0.237	1.305	1.287	1.26	1.282	1.252	1.258	0.181	0.203	0.19	0.186	0.202	0.216	0.271	0.468	0.374	0.476	0.447	0.442	1.248	1.225	1.199	1.248	1.225	1.199	0.425	0.491	0.51	0.761	0.714	0.705	0.619	0.601	0.599	0.682	0.647	0.657	1.329	1.365	1.385	0.708	0.698	0.769	1.248	1.225	1.199	0.815	0.78	0.806	1.334	1.358	1.32	1.043	1.196	1.281	1.258	1.363	1.286	1.287	1.244	1.262	0.656	0.779	0.838	0.656	0.779	0.838	1.366	1.346	1.321	0.494	0.531	0.461	0.964	1.118	1.074	1.333	1.372	1.364	0.51	0.603	0.405	0.844	0.93	0.668	1.341	1.334	1.345	0.438	0.369	0.416	0.492	0.557	0.499	1.312	1.289	1.278	0.19	0.201	1.28	0.289	0.324	1.297	1.333	1.372	1.364	0.506	0.504	0.501	0.99	0.935	0.947	1.245	1.249	1.294	1.101	1.237	1.143	1.177	1.239	1.192	1.246	1.24	1.262	0.169	0.156	0.165	0.154	0.17	0.16	1.322	1.285	1.273	0.144	0.152	0.157	1.096	1.147	1.135	0.15	0.154	0.176	1.046	1.226	1.216	0.167	0.169	0.159	1.322	1.285	1.273	0.168	0.168	0.157	0.864	0.904	0.915	1.322	1.285	1.273	1.029	1.071	1.058	0.544	0.54	0.551	1.322	1.285	1.273	1.179	1.245	1.256	1.179	1.208	1.26	0.328	0.376	0.33	0.543	0.569	0.643	1.144	1.128	1.137	0.852	0.783	0.792	0.762	0.751	0.761	1.084	1.063	1.042	0.526	0.514	0.486	0.791	0.805	0.792	1.036	1.057	1.043	1.035	1.023	1.031	0.384	0.366	0.367	0.738	0.746	0.755	0.575	0.563	0.611	0.858	0.893	0.906	1.036	1.021	1.038	0.737	0.717	0.702	0.923	0.868	0.898	1.054	1.049	1.086	0.725	0.704	0.72	1.018	0.922	0.986	1.34	1.321	1.333	0.51	0.511	0.503	0.903	0.933	0.973	1.26	1.267	1.265	1.255	1.26	1.272	0.234	0.238	0.234	0.208	0.208	0.233	0.335	0.308	0.27	0.306	0.317	0.41	1.197	1.159	1.142	0.458	0.486	0.438	0.492	0.485	0.5	1.198	1.214	1.234	0.144	0.147	0.135	0.161	0.164	0.151	1.279	1.287	1.319	0.149	0.135	0.127	0.147	0.153	0.133	1.205	1.238	1.216	0.143	0.172	0.147	0.153	0.187	0.149	1.286	1.279	1.262	1.08	1.083	1.151	0.492	0.538	0.532	1.317	1.342	1.331	1.321	1.313	1.317	0.795	0.757	1.194	1.287	0.835	0.836	0.778	1.309	0.839	1.313	1.301	1.319	0.708	0.698	0.769	0.796	0.76	0.756	1.358	1.307	1.331	1.308	1.311	1.301	1.296	1.285	1.288	1.281	1.268	1.244	1.296	1.275	1.281	1.265	1.256	1.27	1.333	1.372	1.364	1.292	1.291	1.248	1.288	1.274	1.276	1.284	1.333	1.309	1.333	1.336	1.333	1.273	1.276	1.28	1.229	1.155	1.161	1.26	1.255	1.277	1.282	1.263	1.271	1.152	1.186	1.188	1.131	1.155	1.18	0.838	0.807	0.972	1.176	1.118	1.193	0.291	0.318	0.293	1.167	1.173	1.149	1.151	1.161	1.135	1.162	1.237	1.135	1.233	1.255	1.161	1.285	1.182	1.269	1.141	1.115	1.145	1.302	1.286	1.226	1.2	1.114	1.133	1.224	1.196	1.366	1.143	1.204	1.144	1.199	1.198	1.165	1.228	1.21	1.214	1.271	1.217	1.189	1.152	1.186	1.188	0.65	0.635	0.643	0.562	0.549	0.549	1.152	1.186	1.188	1.042	1.109	1.113
13.0	1.296	1.275	1.272	1.247	1.221	1.195	1.251	1.268	1.254	0.562	0.699	0.639	0.312	0.304	0.329	0.546	0.508	0.508	0.916	0.989	1.018	0.306	0.331	0.305	0.554	0.545	0.491	1.247	1.221	1.195	1.279	1.285	1.331	0.399	0.424	0.399	0.185	0.191	0.179	0.658	0.692	0.676	0.267	0.269	0.218	1.247	1.221	1.195	1.134	1.157	1.175	0.194	0.329	0.334	0.175	0.178	0.173	0.23	0.328	0.329	0.254	0.263	0.208	1.203	1.159	1.185	1.166	1.148	1.201	1.173	1.149	1.202	0.303	0.378	0.324	0.189	0.187	0.19	0.32	0.297	0.362	0.313	0.381	0.349	0.215	0.208	0.195	0.398	0.328	0.347	1.339	1.273	1.237	1.247	1.221	1.195	0.103	0.103	0.105	0.473	0.519	0.518	0.105	0.104	0.104	0.242	0.231	0.235	1.311	1.287	1.265	1.283	1.255	1.265	0.181	0.2	0.188	0.184	0.199	0.211	0.262	0.451	0.359	0.459	0.432	0.426	1.247	1.221	1.195	1.247	1.221	1.195	0.445	0.505	0.519	0.788	0.72	0.715	0.632	0.607	0.605	0.695	0.653	0.658	1.33	1.369	1.385	0.712	0.704	0.773	1.247	1.221	1.195	0.827	0.798	0.823	1.338	1.364	1.317	1.045	1.197	1.289	1.269	1.367	1.295	1.291	1.247	1.264	0.633	0.759	0.823	0.633	0.759	0.823	1.369	1.355	1.315	0.499	0.51	0.461	0.93	1.141	1.065	1.335	1.37	1.361	0.542	0.532	0.391	0.815	0.881	0.646	1.337	1.347	1.343	0.435	0.365	0.412	0.485	0.542	0.493	1.309	1.291	1.28	0.191	0.201	1.28	0.288	0.322	1.298	1.335	1.37	1.361	0.51	0.508	0.506	0.986	0.924	0.936	1.242	1.247	1.297	1.099	1.236	1.14	1.176	1.235	1.189	1.255	1.244	1.266	0.173	0.161	0.168	0.157	0.173	0.163	1.329	1.289	1.273	0.148	0.16	0.165	1.092	1.145	1.132	0.152	0.156	0.182	1.044	1.226	1.218	0.167	0.17	0.159	1.329	1.289	1.273	0.169	0.168	0.157	0.846	0.888	0.902	1.329	1.289	1.273	1.044	1.087	1.072	0.549	0.547	0.56	1.329	1.289	1.273	1.19	1.248	1.258	1.201	1.218	1.263	0.322	0.366	0.323	0.522	0.546	0.619	1.142	1.125	1.139	0.852	0.789	0.795	0.764	0.753	0.763	1.08	1.056	1.038	0.519	0.509	0.479	0.793	0.807	0.794	1.03	1.052	1.038	1.029	1.021	1.025	0.375	0.356	0.362	0.731	0.741	0.751	0.574	0.562	0.611	0.85	0.885	0.897	1.029	1.018	1.033	0.735	0.713	0.701	0.917	0.863	0.89	1.068	1.059	1.107	0.721	0.702	0.718	1.019	0.918	0.987	1.338	1.333	1.334	0.487	0.489	0.484	0.889	0.921	0.961	1.26	1.271	1.27	1.256	1.26	1.279	0.242	0.244	0.24	0.223	0.211	0.237	0.332	0.306	0.268	0.306	0.313	0.408	1.196	1.154	1.135	0.461	0.49	0.44	0.5	0.493	0.505	1.198	1.216	1.238	0.148	0.151	0.139	0.165	0.168	0.154	1.282	1.29	1.32	0.154	0.138	0.131	0.149	0.157	0.135	1.205	1.238	1.217	0.146	0.178	0.15	0.155	0.192	0.15	1.291	1.28	1.265	1.074	1.078	1.149	0.473	0.519	0.518	1.32	1.345	1.336	1.319	1.313	1.317	0.787	0.74	1.181	1.286	0.824	0.819	0.775	1.311	0.825	1.312	1.304	1.316	0.712	0.704	0.773	0.789	0.756	0.75	1.363	1.3	1.344	1.302	1.327	1.308	1.293	1.292	1.29	1.288	1.271	1.256	1.3	1.282	1.285	1.268	1.263	1.276	1.335	1.37	1.361	1.297	1.29	1.251	1.287	1.279	1.282	1.293	1.34	1.315	1.324	1.348	1.332	1.278	1.282	1.291	1.233	1.159	1.164	1.267	1.259	1.286	1.28	1.263	1.272	1.157	1.185	1.188	1.135	1.155	1.18	0.844	0.808	0.971	1.171	1.117	1.196	0.306	0.331	0.305	1.162	1.167	1.143	1.157	1.171	1.137	1.163	1.245	1.137	1.232	1.254	1.166	1.281	1.179	1.273	1.144	1.117	1.151	1.307	1.277	1.218	1.202	1.107	1.147	1.228	1.197	1.336	1.147	1.205	1.147	1.196	1.195	1.184	1.219	1.206	1.212	1.27	1.213	1.184	1.157	1.185	1.188	0.649	0.635	0.642	0.561	0.548	0.548	1.157	1.185	1.188	1.073	1.127	1.129
13.17	1.302	1.28	1.275	1.25	1.215	1.191	1.253	1.273	1.264	0.552	0.658	0.619	0.329	0.321	0.348	0.563	0.542	0.53	0.916	0.992	1.021	0.322	0.346	0.32	0.57	0.565	0.513	1.25	1.215	1.191	1.276	1.296	1.326	0.382	0.407	0.386	0.184	0.19	0.18	0.654	0.688	0.671	0.263	0.266	0.216	1.25	1.215	1.191	1.135	1.159	1.179	0.196	0.357	0.311	0.176	0.179	0.173	0.228	0.373	0.351	0.25	0.259	0.205	1.208	1.162	1.189	1.166	1.15	1.205	1.181	1.15	1.206	0.318	0.383	0.341	0.19	0.189	0.193	0.351	0.315	0.35	0.353	0.388	0.368	0.215	0.208	0.195	0.392	0.342	0.376	1.352	1.28	1.246	1.25	1.215	1.191	0.104	0.103	0.106	0.454	0.501	0.502	0.105	0.105	0.104	0.241	0.229	0.234	1.319	1.286	1.269	1.287	1.255	1.271	0.181	0.198	0.186	0.181	0.196	0.207	0.253	0.435	0.344	0.442	0.416	0.412	1.25	1.215	1.191	1.25	1.215	1.191	0.467	0.518	0.525	0.815	0.716	0.721	0.643	0.611	0.609	0.706	0.659	0.658	1.336	1.374	1.388	0.713	0.71	0.774	1.25	1.215	1.191	0.84	0.818	0.838	1.351	1.371	1.319	1.047	1.199	1.296	1.276	1.371	1.299	1.297	1.246	1.267	0.611	0.739	0.807	0.611	0.739	0.807	1.38	1.37	1.31	0.504	0.496	0.464	0.903	1.15	1.04	1.337	1.377	1.363	0.607	0.478	0.416	0.787	0.828	0.628	1.338	1.368	1.346	0.431	0.362	0.408	0.479	0.528	0.487	1.308	1.297	1.272	0.191	0.201	1.28	0.286	0.321	1.303	1.337	1.377	1.363	0.514	0.511	0.511	0.978	0.916	0.926	1.24	1.246	1.3	1.097	1.234	1.139	1.175	1.235	1.187	1.261	1.246	1.27	0.177	0.165	0.172	0.158	0.177	0.167	1.332	1.295	1.271	0.152	0.168	0.174	1.087	1.143	1.129	0.154	0.159	0.189	1.042	1.224	1.218	0.168	0.171	0.16	1.332	1.295	1.271	0.17	0.169	0.158	0.826	0.871	0.888	1.332	1.295	1.271	1.057	1.106	1.087	0.559	0.557	0.568	1.332	1.295	1.271	1.196	1.252	1.26	1.217	1.225	1.268	0.317	0.357	0.317	0.503	0.525	0.596	1.142	1.123	1.151	0.849	0.794	0.798	0.767	0.756	0.764	1.076	1.049	1.036	0.513	0.505	0.473	0.796	0.811	0.796	1.026	1.045	1.03	1.022	1.016	1.019	0.37	0.347	0.357	0.724	0.735	0.747	0.573	0.561	0.612	0.841	0.879	0.89	1.023	1.013	1.03	0.735	0.71	0.699	0.913	0.858	0.884	1.086	1.074	1.129	0.717	0.7	0.716	1.02	0.916	0.989	1.342	1.34	1.337	0.468	0.467	0.466	0.873	0.906	0.948	1.263	1.275	1.275	1.257	1.263	1.285	0.25	0.251	0.247	0.235	0.214	0.241	0.329	0.302	0.269	0.305	0.31	0.404	1.194	1.15	1.132	0.463	0.494	0.442	0.507	0.501	0.509	1.197	1.22	1.242	0.152	0.155	0.143	0.17	0.171	0.158	1.286	1.292	1.319	0.159	0.143	0.136	0.152	0.16	0.139	1.207	1.241	1.219	0.151	0.184	0.154	0.158	0.198	0.153	1.295	1.278	1.266	1.066	1.072	1.147	0.454	0.501	0.502	1.325	1.347	1.341	1.317	1.312	1.317	0.776	0.72	1.169	1.285	0.806	0.799	0.772	1.308	0.807	1.31	1.304	1.314	0.713	0.71	0.774	0.781	0.753	0.744	1.379	1.305	1.342	1.3	1.348	1.315	1.298	1.3	1.299	1.299	1.278	1.272	1.297	1.289	1.289	1.271	1.274	1.28	1.337	1.377	1.363	1.304	1.295	1.257	1.283	1.283	1.282	1.304	1.34	1.318	1.325	1.351	1.334	1.284	1.287	1.3	1.236	1.163	1.168	1.272	1.264	1.296	1.277	1.267	1.271	1.16	1.177	1.185	1.144	1.155	1.183	0.851	0.81	0.969	1.167	1.119	1.197	0.322	0.346	0.32	1.163	1.161	1.14	1.165	1.187	1.14	1.161	1.247	1.139	1.233	1.251	1.172	1.272	1.176	1.27	1.146	1.12	1.153	1.313	1.264	1.208	1.202	1.099	1.154	1.228	1.189	1.301	1.151	1.21	1.145	1.202	1.184	1.202	1.21	1.201	1.208	1.26	1.208	1.177	1.16	1.177	1.185	0.649	0.633	0.64	0.559	0.547	0.546	1.16	1.177	1.185	1.101	1.144	1.144
13.33	1.309	1.286	1.277	1.254	1.208	1.188	1.259	1.275	1.271	0.545	0.629	0.603	0.349	0.339	0.368	0.576	0.58	0.549	0.918	0.993	1.023	0.339	0.365	0.337	0.589	0.588	0.537	1.254	1.208	1.188	1.273	1.306	1.323	0.365	0.388	0.372	0.184	0.189	0.179	0.651	0.686	0.667	0.259	0.262	0.213	1.254	1.208	1.188	1.138	1.16	1.184	0.198	0.368	0.333	0.177	0.18	0.173	0.226	0.325	0.382	0.247	0.255	0.203	1.211	1.168	1.192	1.169	1.149	1.212	1.184	1.151	1.21	0.338	0.405	0.367	0.192	0.191	0.196	0.348	0.34	0.369	0.368	0.399	0.373	0.214	0.208	0.196	0.422	0.364	0.408	1.365	1.285	1.254	1.254	1.208	1.188	0.104	0.103	0.106	0.435	0.483	0.486	0.105	0.105	0.104	0.24	0.228	0.233	1.324	1.283	1.272	1.288	1.26	1.278	0.182	0.195	0.184	0.179	0.194	0.203	0.245	0.42	0.329	0.425	0.401	0.398	1.254	1.208	1.188	1.254	1.208	1.188	0.49	0.528	0.529	0.839	0.701	0.717	0.654	0.613	0.613	0.715	0.667	0.66	1.341	1.381	1.391	0.712	0.714	0.774	1.254	1.208	1.188	0.855	0.838	0.853	1.361	1.381	1.331	1.049	1.201	1.302	1.278	1.375	1.306	1.302	1.249	1.268	0.587	0.717	0.789	0.587	0.717	0.789	1.393	1.386	1.308	0.509	0.482	0.47	0.873	1.138	1.006	1.339	1.384	1.362	0.474	0.35	0.342	0.754	0.781	0.609	1.337	1.377	1.358	0.428	0.358	0.403	0.472	0.516	0.482	1.308	1.299	1.272	0.192	0.201	1.28	0.285	0.319	1.306	1.339	1.384	1.362	0.517	0.515	0.515	0.971	0.906	0.913	1.237	1.242	1.302	1.098	1.232	1.135	1.174	1.232	1.183	1.267	1.247	1.273	0.182	0.169	0.177	0.161	0.182	0.171	1.341	1.298	1.271	0.158	0.173	0.184	1.085	1.141	1.127	0.157	0.162	0.196	1.041	1.223	1.219	0.169	0.173	0.161	1.341	1.298	1.271	0.171	0.17	0.158	0.805	0.852	0.873	1.341	1.298	1.271	1.072	1.124	1.11	0.565	0.561	0.574	1.341	1.298	1.271	1.207	1.253	1.261	1.228	1.232	1.274	0.312	0.349	0.311	0.486	0.504	0.573	1.147	1.127	1.17	0.843	0.8	0.802	0.77	0.762	0.767	1.079	1.043	1.034	0.51	0.5	0.467	0.799	0.814	0.798	1.024	1.038	1.023	1.015	1.011	1.015	0.365	0.341	0.35	0.718	0.728	0.743	0.572	0.56	0.612	0.833	0.872	0.883	1.019	1.008	1.025	0.734	0.706	0.698	0.909	0.853	0.879	1.105	1.094	1.149	0.712	0.697	0.714	1.02	0.913	0.989	1.348	1.327	1.332	0.45	0.447	0.449	0.855	0.891	0.934	1.266	1.278	1.281	1.262	1.265	1.292	0.259	0.259	0.254	0.242	0.218	0.243	0.325	0.299	0.268	0.303	0.308	0.401	1.189	1.146	1.132	0.465	0.497	0.445	0.514	0.509	0.515	1.199	1.22	1.243	0.157	0.16	0.151	0.175	0.176	0.163	1.288	1.296	1.318	0.164	0.148	0.141	0.155	0.164	0.142	1.211	1.243	1.225	0.156	0.189	0.158	0.161	0.203	0.155	1.299	1.279	1.267	1.058	1.066	1.144	0.435	0.483	0.486	1.327	1.35	1.347	1.315	1.311	1.316	0.763	0.699	1.156	1.28	0.781	0.778	0.766	1.305	0.786	1.309	1.305	1.312	0.712	0.714	0.774	0.773	0.747	0.739	1.387	1.314	1.334	1.313	1.348	1.322	1.302	1.301	1.304	1.311	1.278	1.295	1.294	1.292	1.297	1.275	1.288	1.281	1.339	1.384	1.362	1.307	1.304	1.263	1.281	1.291	1.278	1.319	1.336	1.321	1.329	1.345	1.334	1.288	1.291	1.307	1.239	1.166	1.172	1.275	1.268	1.303	1.283	1.271	1.274	1.163	1.18	1.182	1.157	1.157	1.186	0.858	0.811	0.97	1.163	1.119	1.196	0.339	0.365	0.337	1.178	1.155	1.133	1.17	1.202	1.145	1.161	1.248	1.137	1.236	1.251	1.176	1.256	1.172	1.27	1.147	1.12	1.16	1.308	1.246	1.195	1.193	1.093	1.156	1.224	1.181	1.271	1.154	1.212	1.138	1.218	1.179	1.223	1.202	1.196	1.206	1.246	1.205	1.171	1.163	1.18	1.182	0.647	0.633	0.639	0.558	0.546	0.545	1.163	1.18	1.182	1.119	1.16	1.157
13.5	1.315	1.294	1.279	1.253	1.204	1.188	1.262	1.281	1.277	0.533	0.607	0.586	0.369	0.358	0.389	0.589	0.618	0.566	0.917	0.995	1.025	0.357	0.385	0.355	0.606	0.606	0.561	1.253	1.204	1.188	1.277	1.312	1.325	0.35	0.371	0.36	0.185	0.189	0.178	0.646	0.683	0.663	0.255	0.258	0.212	1.253	1.204	1.188	1.143	1.159	1.188	0.201	0.381	0.348	0.179	0.181	0.174	0.225	0.335	0.378	0.244	0.251	0.201	1.213	1.171	1.2	1.175	1.151	1.22	1.189	1.151	1.211	0.356	0.427	0.384	0.194	0.193	0.199	0.361	0.359	0.388	0.371	0.417	0.391	0.215	0.208	0.197	0.444	0.379	0.38	1.377	1.288	1.258	1.253	1.204	1.188	0.104	0.103	0.106	0.416	0.465	0.471	0.106	0.105	0.104	0.239	0.227	0.231	1.326	1.284	1.279	1.296	1.265	1.284	0.182	0.193	0.183	0.178	0.192	0.201	0.238	0.402	0.313	0.406	0.386	0.382	1.253	1.204	1.188	1.253	1.204	1.188	0.515	0.537	0.531	0.859	0.677	0.701	0.663	0.615	0.615	0.721	0.675	0.662	1.343	1.388	1.397	0.712	0.72	0.774	1.253	1.204	1.188	0.869	0.86	0.871	1.373	1.391	1.339	1.051	1.203	1.307	1.274	1.378	1.311	1.307	1.255	1.269	0.563	0.694	0.771	0.563	0.694	0.771	1.407	1.382	1.308	0.521	0.469	0.478	0.842	1.099	0.962	1.343	1.38	1.362	0.376	0.318	0.319	0.72	0.729	0.596	1.337	1.367	1.377	0.424	0.355	0.399	0.466	0.504	0.477	1.307	1.302	1.272	0.192	0.201	1.282	0.283	0.317	1.303	1.343	1.38	1.362	0.521	0.519	0.521	0.957	0.89	0.891	1.233	1.238	1.302	1.096	1.231	1.134	1.175	1.231	1.18	1.279	1.251	1.276	0.189	0.172	0.183	0.166	0.186	0.174	1.35	1.303	1.272	0.171	0.18	0.191	1.082	1.139	1.128	0.161	0.166	0.203	1.039	1.224	1.221	0.171	0.175	0.162	1.35	1.303	1.272	0.172	0.171	0.159	0.783	0.831	0.856	1.35	1.303	1.272	1.092	1.141	1.13	0.57	0.567	0.579	1.35	1.303	1.272	1.218	1.256	1.265	1.236	1.236	1.282	0.308	0.343	0.306	0.468	0.486	0.552	1.156	1.134	1.19	0.838	0.804	0.805	0.773	0.768	0.769	1.078	1.038	1.033	0.507	0.495	0.461	0.803	0.817	0.801	1.023	1.032	1.016	1.01	1.006	1.011	0.358	0.336	0.344	0.711	0.721	0.738	0.572	0.56	0.613	0.826	0.865	0.877	1.016	1.003	1.02	0.732	0.703	0.697	0.906	0.849	0.874	1.125	1.112	1.169	0.706	0.695	0.711	1.018	0.912	0.988	1.356	1.333	1.332	0.431	0.428	0.432	0.837	0.875	0.918	1.27	1.281	1.284	1.267	1.267	1.297	0.267	0.267	0.263	0.247	0.223	0.248	0.321	0.299	0.266	0.3	0.307	0.395	1.189	1.143	1.128	0.468	0.501	0.448	0.52	0.516	0.52	1.2	1.223	1.248	0.162	0.165	0.159	0.179	0.182	0.166	1.289	1.303	1.317	0.169	0.155	0.148	0.159	0.17	0.146	1.21	1.245	1.229	0.162	0.195	0.163	0.166	0.208	0.158	1.307	1.279	1.267	1.05	1.058	1.141	0.416	0.465	0.471	1.331	1.352	1.354	1.312	1.309	1.319	0.747	0.679	1.147	1.277	0.757	0.749	0.759	1.302	0.765	1.312	1.306	1.311	0.712	0.72	0.774	0.765	0.744	0.731	1.394	1.32	1.335	1.331	1.334	1.336	1.304	1.304	1.309	1.32	1.274	1.319	1.286	1.295	1.298	1.278	1.298	1.282	1.343	1.38	1.362	1.316	1.31	1.271	1.284	1.292	1.278	1.335	1.336	1.327	1.328	1.344	1.323	1.295	1.293	1.302	1.237	1.17	1.175	1.282	1.271	1.308	1.288	1.277	1.276	1.17	1.191	1.179	1.171	1.162	1.183	0.863	0.817	0.969	1.162	1.119	1.197	0.357	0.385	0.355	1.197	1.148	1.125	1.173	1.209	1.153	1.161	1.246	1.135	1.244	1.25	1.176	1.237	1.166	1.26	1.149	1.119	1.165	1.295	1.228	1.187	1.179	1.087	1.151	1.214	1.174	1.248	1.156	1.206	1.131	1.224	1.181	1.236	1.199	1.192	1.205	1.235	1.203	1.167	1.17	1.191	1.179	0.646	0.632	0.637	0.558	0.547	0.544	1.17	1.191	1.179	1.132	1.175	1.169
13.67	1.321	1.302	1.282	1.252	1.2	1.189	1.261	1.296	1.279	0.522	0.588	0.569	0.392	0.379	0.412	0.6	0.652	0.581	0.917	0.996	1.027	0.376	0.406	0.375	0.627	0.626	0.586	1.252	1.2	1.189	1.287	1.304	1.325	0.335	0.355	0.347	0.186	0.189	0.178	0.64	0.68	0.658	0.252	0.255	0.21	1.252	1.2	1.189	1.142	1.158	1.198	0.204	0.41	0.363	0.18	0.182	0.176	0.224	0.355	0.399	0.242	0.248	0.2	1.216	1.175	1.205	1.174	1.151	1.226	1.19	1.152	1.214	0.374	0.447	0.409	0.197	0.196	0.201	0.381	0.377	0.404	0.388	0.438	0.409	0.216	0.209	0.199	0.47	0.398	0.398	1.386	1.29	1.263	1.252	1.2	1.189	0.105	0.104	0.106	0.398	0.447	0.455	0.107	0.105	0.104	0.238	0.227	0.23	1.328	1.28	1.286	1.304	1.27	1.291	0.184	0.191	0.183	0.176	0.191	0.199	0.232	0.385	0.301	0.388	0.371	0.369	1.252	1.2	1.189	1.252	1.2	1.189	0.541	0.542	0.531	0.873	0.649	0.676	0.671	0.614	0.615	0.726	0.684	0.664	1.344	1.392	1.403	0.71	0.726	0.771	1.252	1.2	1.189	0.885	0.881	0.888	1.389	1.405	1.352	1.052	1.204	1.312	1.263	1.382	1.314	1.311	1.259	1.272	0.538	0.67	0.751	0.538	0.67	0.751	1.405	1.375	1.312	0.547	0.461	0.483	0.812	1.063	0.911	1.348	1.373	1.365	0.348	0.313	0.299	0.681	0.69	0.585	1.339	1.355	1.396	0.42	0.352	0.394	0.46	0.495	0.471	1.31	1.303	1.27	0.193	0.201	1.288	0.282	0.315	1.297	1.348	1.373	1.365	0.526	0.523	0.525	0.933	0.871	0.858	1.229	1.237	1.303	1.096	1.23	1.13	1.173	1.229	1.177	1.289	1.256	1.281	0.196	0.177	0.19	0.173	0.189	0.176	1.358	1.307	1.277	0.175	0.187	0.199	1.078	1.137	1.125	0.166	0.171	0.208	1.039	1.222	1.226	0.172	0.178	0.164	1.358	1.307	1.277	0.173	0.173	0.16	0.76	0.81	0.838	1.358	1.307	1.277	1.106	1.165	1.151	0.572	0.577	0.587	1.358	1.307	1.277	1.225	1.257	1.271	1.243	1.24	1.283	0.306	0.338	0.3	0.453	0.469	0.531	1.174	1.145	1.204	0.837	0.807	0.807	0.776	0.772	0.772	1.078	1.037	1.038	0.502	0.488	0.457	0.806	0.821	0.803	1.023	1.026	1.012	1.005	1.001	1.009	0.351	0.332	0.338	0.704	0.714	0.733	0.571	0.56	0.614	0.818	0.86	0.87	1.017	0.999	1.015	0.73	0.7	0.696	0.904	0.845	0.87	1.143	1.131	1.184	0.7	0.692	0.709	1.016	0.912	0.988	1.351	1.339	1.337	0.414	0.41	0.414	0.816	0.858	0.901	1.277	1.286	1.291	1.273	1.274	1.3	0.274	0.274	0.27	0.253	0.228	0.254	0.32	0.299	0.264	0.298	0.306	0.392	1.195	1.141	1.125	0.47	0.504	0.45	0.528	0.523	0.525	1.204	1.228	1.251	0.167	0.171	0.155	0.184	0.188	0.169	1.292	1.307	1.315	0.174	0.161	0.154	0.164	0.175	0.15	1.212	1.245	1.238	0.168	0.202	0.168	0.171	0.211	0.161	1.313	1.28	1.269	1.04	1.048	1.136	0.398	0.447	0.455	1.334	1.354	1.36	1.309	1.309	1.32	0.73	0.659	1.138	1.271	0.731	0.715	0.749	1.301	0.74	1.311	1.304	1.308	0.71	0.726	0.771	0.756	0.741	0.724	1.397	1.326	1.342	1.335	1.333	1.354	1.304	1.307	1.317	1.31	1.272	1.308	1.29	1.293	1.294	1.285	1.314	1.286	1.348	1.373	1.365	1.323	1.31	1.276	1.285	1.295	1.275	1.349	1.337	1.336	1.329	1.338	1.317	1.301	1.296	1.304	1.235	1.174	1.178	1.291	1.276	1.31	1.292	1.281	1.277	1.181	1.201	1.177	1.185	1.168	1.173	0.871	0.82	0.967	1.165	1.121	1.198	0.376	0.406	0.375	1.213	1.143	1.12	1.171	1.212	1.167	1.162	1.238	1.133	1.248	1.251	1.179	1.221	1.161	1.242	1.153	1.116	1.169	1.281	1.208	1.183	1.169	1.084	1.141	1.2	1.167	1.226	1.158	1.196	1.124	1.222	1.188	1.24	1.199	1.185	1.203	1.226	1.205	1.163	1.181	1.201	1.177	0.644	0.631	0.636	0.558	0.547	0.544	1.181	1.201	1.177	1.142	1.18	1.182
13.83	1.325	1.303	1.281	1.253	1.196	1.19	1.263	1.312	1.279	0.508	0.569	0.552	0.415	0.401	0.435	0.612	0.683	0.594	0.916	0.997	1.028	0.394	0.428	0.397	0.645	0.638	0.604	1.253	1.196	1.19	1.291	1.302	1.327	0.321	0.338	0.335	0.187	0.19	0.177	0.635	0.678	0.653	0.249	0.252	0.209	1.253	1.196	1.19	1.147	1.159	1.203	0.207	0.427	0.382	0.182	0.184	0.177	0.223	0.38	0.42	0.241	0.245	0.199	1.219	1.18	1.216	1.177	1.155	1.233	1.194	1.157	1.215	0.393	0.461	0.432	0.199	0.199	0.205	0.404	0.397	0.419	0.407	0.457	0.435	0.216	0.211	0.202	0.488	0.418	0.418	1.39	1.291	1.268	1.253	1.196	1.19	0.105	0.104	0.107	0.38	0.428	0.438	0.108	0.106	0.104	0.237	0.226	0.229	1.33	1.278	1.29	1.314	1.277	1.301	0.185	0.189	0.184	0.175	0.19	0.197	0.226	0.369	0.287	0.37	0.355	0.353	1.253	1.196	1.19	1.253	1.196	1.19	0.568	0.544	0.53	0.878	0.629	0.65	0.675	0.612	0.614	0.729	0.691	0.667	1.345	1.397	1.406	0.711	0.726	0.77	1.253	1.196	1.19	0.9	0.902	0.907	1.406	1.421	1.365	1.05	1.202	1.318	1.246	1.388	1.314	1.314	1.262	1.272	0.515	0.646	0.73	0.515	0.646	0.73	1.406	1.37	1.317	0.568	0.455	0.486	0.785	1.029	0.856	1.351	1.369	1.366	0.334	0.306	0.291	0.649	0.652	0.572	1.338	1.347	1.409	0.416	0.348	0.39	0.453	0.486	0.467	1.315	1.314	1.269	0.195	0.202	1.293	0.281	0.314	1.296	1.351	1.369	1.366	0.53	0.527	0.53	0.9	0.846	0.812	1.228	1.235	1.303	1.097	1.232	1.126	1.169	1.224	1.175	1.301	1.258	1.288	0.204	0.184	0.197	0.18	0.193	0.181	1.363	1.308	1.282	0.183	0.195	0.209	1.074	1.136	1.124	0.171	0.176	0.215	1.04	1.223	1.227	0.174	0.18	0.165	1.363	1.308	1.282	0.175	0.174	0.161	0.736	0.786	0.818	1.363	1.308	1.282	1.125	1.189	1.18	0.573	0.582	0.594	1.363	1.308	1.282	1.231	1.256	1.276	1.25	1.247	1.292	0.304	0.333	0.295	0.439	0.453	0.512	1.188	1.16	1.214	0.834	0.81	0.81	0.779	0.776	0.774	1.086	1.038	1.052	0.495	0.479	0.452	0.81	0.824	0.806	1.022	1.022	1.009	1.001	0.996	1.009	0.345	0.326	0.332	0.697	0.706	0.728	0.572	0.56	0.615	0.81	0.855	0.863	1.024	0.998	1.011	0.726	0.696	0.695	0.903	0.842	0.865	1.157	1.15	1.199	0.694	0.689	0.706	1.016	0.915	0.987	1.343	1.339	1.347	0.396	0.392	0.397	0.794	0.838	0.881	1.283	1.289	1.299	1.279	1.28	1.303	0.282	0.281	0.279	0.26	0.233	0.259	0.318	0.296	0.261	0.297	0.304	0.39	1.194	1.14	1.127	0.473	0.507	0.453	0.536	0.53	0.53	1.207	1.23	1.255	0.172	0.178	0.157	0.191	0.193	0.175	1.295	1.311	1.317	0.181	0.167	0.161	0.168	0.181	0.156	1.216	1.251	1.245	0.174	0.209	0.174	0.176	0.215	0.165	1.318	1.284	1.27	1.03	1.034	1.13	0.38	0.428	0.438	1.337	1.358	1.367	1.308	1.309	1.321	0.712	0.639	1.131	1.266	0.706	0.68	0.736	1.298	0.713	1.308	1.305	1.306	0.711	0.726	0.77	0.747	0.735	0.715	1.4	1.32	1.352	1.33	1.318	1.317	1.309	1.312	1.315	1.303	1.273	1.291	1.294	1.291	1.293	1.297	1.321	1.289	1.351	1.369	1.366	1.326	1.31	1.281	1.286	1.302	1.279	1.353	1.339	1.346	1.332	1.333	1.323	1.307	1.301	1.301	1.236	1.177	1.177	1.302	1.282	1.308	1.294	1.281	1.28	1.189	1.206	1.178	1.198	1.175	1.157	0.876	0.823	0.965	1.17	1.121	1.201	0.394	0.428	0.397	1.226	1.139	1.113	1.167	1.211	1.185	1.164	1.227	1.13	1.248	1.251	1.187	1.206	1.153	1.224	1.161	1.113	1.165	1.264	1.192	1.178	1.157	1.085	1.131	1.185	1.158	1.21	1.16	1.185	1.119	1.22	1.203	1.239	1.2	1.183	1.204	1.222	1.205	1.158	1.189	1.206	1.178	0.642	0.63	0.634	0.559	0.547	0.545	1.189	1.206	1.178	1.15	1.179	1.191
14.0	1.328	1.3	1.282	1.255	1.194	1.192	1.26	1.324	1.283	0.493	0.559	0.55	0.438	0.423	0.457	0.628	0.708	0.61	0.913	0.997	1.029	0.414	0.45	0.419	0.667	0.657	0.624	1.255	1.194	1.192	1.293	1.299	1.321	0.31	0.324	0.324	0.189	0.191	0.178	0.631	0.677	0.649	0.247	0.249	0.208	1.255	1.194	1.192	1.152	1.162	1.209	0.211	0.443	0.405	0.185	0.186	0.179	0.223	0.404	0.441	0.239	0.243	0.197	1.219	1.187	1.227	1.176	1.16	1.24	1.194	1.159	1.217	0.413	0.472	0.452	0.203	0.203	0.21	0.428	0.417	0.435	0.427	0.474	0.46	0.217	0.213	0.205	0.503	0.44	0.44	1.389	1.294	1.274	1.255	1.194	1.192	0.106	0.104	0.107	0.364	0.41	0.42	0.109	0.106	0.104	0.236	0.226	0.227	1.337	1.278	1.294	1.318	1.287	1.307	0.187	0.188	0.184	0.175	0.19	0.196	0.22	0.353	0.276	0.353	0.339	0.339	1.255	1.194	1.192	1.255	1.194	1.192	0.594	0.543	0.53	0.877	0.62	0.632	0.678	0.611	0.614	0.73	0.697	0.672	1.347	1.406	1.409	0.716	0.722	0.768	1.255	1.194	1.192	0.918	0.923	0.926	1.419	1.435	1.368	1.049	1.202	1.323	1.224	1.39	1.313	1.316	1.267	1.274	0.492	0.621	0.708	0.492	0.621	0.708	1.409	1.371	1.322	0.589	0.452	0.492	0.76	0.993	0.805	1.351	1.365	1.366	0.32	0.302	0.286	0.621	0.627	0.56	1.335	1.347	1.417	0.412	0.344	0.388	0.448	0.478	0.461	1.323	1.323	1.268	0.196	0.202	1.291	0.279	0.312	1.288	1.351	1.365	1.366	0.535	0.531	0.534	0.854	0.818	0.758	1.225	1.23	1.304	1.097	1.234	1.123	1.164	1.22	1.172	1.315	1.259	1.292	0.213	0.192	0.205	0.187	0.2	0.186	1.363	1.31	1.286	0.193	0.203	0.219	1.071	1.133	1.121	0.177	0.182	0.221	1.041	1.224	1.234	0.176	0.183	0.167	1.363	1.31	1.286	0.177	0.176	0.162	0.711	0.763	0.797	1.363	1.31	1.286	1.149	1.216	1.214	0.58	0.589	0.599	1.363	1.31	1.286	1.233	1.255	1.284	1.256	1.254	1.303	0.305	0.33	0.288	0.426	0.44	0.495	1.201	1.175	1.224	0.833	0.813	0.812	0.782	0.78	0.778	1.1	1.042	1.071	0.491	0.473	0.449	0.813	0.828	0.809	1.023	1.02	1.008	1.002	0.993	1.012	0.34	0.32	0.326	0.689	0.697	0.722	0.573	0.561	0.616	0.803	0.851	0.856	1.046	1.002	1.011	0.723	0.693	0.692	0.901	0.84	0.861	1.169	1.17	1.213	0.689	0.686	0.703	1.016	0.913	0.986	1.35	1.338	1.361	0.376	0.374	0.381	0.772	0.817	0.862	1.288	1.296	1.307	1.286	1.29	1.305	0.29	0.289	0.287	0.266	0.239	0.262	0.315	0.295	0.261	0.296	0.305	0.385	1.19	1.136	1.125	0.474	0.51	0.456	0.543	0.536	0.535	1.213	1.234	1.255	0.178	0.186	0.161	0.197	0.198	0.181	1.299	1.315	1.319	0.187	0.174	0.169	0.173	0.185	0.163	1.226	1.258	1.253	0.181	0.216	0.18	0.182	0.22	0.168	1.324	1.289	1.271	1.02	1.02	1.122	0.364	0.41	0.42	1.34	1.359	1.374	1.309	1.304	1.326	0.692	0.62	1.123	1.263	0.679	0.641	0.72	1.295	0.686	1.307	1.307	1.306	0.716	0.722	0.768	0.74	0.731	0.709	1.398	1.31	1.358	1.325	1.305	1.308	1.312	1.317	1.314	1.302	1.272	1.293	1.297	1.288	1.296	1.3	1.326	1.296	1.351	1.365	1.366	1.329	1.311	1.282	1.286	1.307	1.289	1.353	1.344	1.357	1.339	1.334	1.331	1.307	1.306	1.296	1.236	1.179	1.176	1.293	1.291	1.314	1.299	1.276	1.285	1.198	1.217	1.185	1.22	1.18	1.148	0.879	0.826	0.965	1.177	1.121	1.203	0.414	0.45	0.419	1.239	1.14	1.107	1.162	1.207	1.2	1.165	1.216	1.128	1.246	1.25	1.2	1.198	1.151	1.218	1.179	1.111	1.165	1.243	1.182	1.174	1.149	1.092	1.119	1.17	1.153	1.198	1.163	1.172	1.115	1.222	1.217	1.232	1.202	1.187	1.204	1.22	1.208	1.155	1.198	1.217	1.185	0.641	0.628	0.632	0.56	0.549	0.546	1.198	1.217	1.185	1.158	1.18	1.191
14.17	1.334	1.296	1.28	1.251	1.195	1.196	1.263	1.339	1.287	0.48	0.535	0.54	0.462	0.449	0.479	0.646	0.728	0.625	0.911	0.997	1.03	0.435	0.475	0.444	0.688	0.676	0.639	1.251	1.195	1.196	1.299	1.296	1.322	0.301	0.311	0.313	0.191	0.193	0.18	0.625	0.676	0.644	0.246	0.248	0.207	1.251	1.195	1.196	1.157	1.162	1.216	0.216	0.454	0.428	0.187	0.188	0.18	0.222	0.423	0.457	0.238	0.241	0.196	1.221	1.196	1.239	1.177	1.163	1.246	1.192	1.161	1.218	0.434	0.482	0.468	0.206	0.206	0.215	0.447	0.441	0.453	0.445	0.489	0.481	0.219	0.215	0.209	0.511	0.458	0.459	1.389	1.294	1.278	1.251	1.195	1.196	0.107	0.104	0.108	0.349	0.392	0.403	0.11	0.107	0.105	0.235	0.225	0.227	1.345	1.284	1.302	1.324	1.305	1.308	0.189	0.187	0.185	0.175	0.191	0.195	0.214	0.337	0.264	0.336	0.325	0.326	1.251	1.195	1.196	1.251	1.195	1.196	0.618	0.542	0.53	0.87	0.618	0.622	0.679	0.611	0.614	0.731	0.7	0.677	1.35	1.411	1.411	0.714	0.71	0.762	1.251	1.195	1.196	0.937	0.941	0.944	1.432	1.447	1.368	1.046	1.201	1.327	1.198	1.393	1.31	1.319	1.271	1.274	0.47	0.595	0.685	0.47	0.595	0.685	1.41	1.374	1.33	0.6	0.456	0.496	0.733	0.96	0.754	1.351	1.366	1.366	0.31	0.294	0.283	0.594	0.6	0.548	1.333	1.356	1.419	0.409	0.341	0.384	0.442	0.471	0.456	1.332	1.324	1.269	0.197	0.203	1.291	0.278	0.31	1.284	1.351	1.366	1.366	0.54	0.535	0.539	0.796	0.773	0.713	1.222	1.228	1.305	1.1	1.238	1.121	1.162	1.216	1.17	1.328	1.261	1.296	0.221	0.199	0.212	0.193	0.205	0.192	1.361	1.311	1.293	0.201	0.214	0.23	1.067	1.131	1.121	0.183	0.188	0.227	1.042	1.23	1.24	0.178	0.187	0.169	1.361	1.311	1.293	0.179	0.179	0.163	0.686	0.738	0.774	1.361	1.311	1.293	1.172	1.251	1.252	0.586	0.594	0.605	1.361	1.311	1.293	1.234	1.259	1.29	1.266	1.264	1.31	0.304	0.329	0.285	0.416	0.427	0.479	1.216	1.186	1.234	0.833	0.816	0.814	0.785	0.785	0.782	1.121	1.063	1.085	0.489	0.469	0.446	0.817	0.831	0.812	1.03	1.026	1.013	1.008	0.994	1.021	0.332	0.315	0.321	0.681	0.689	0.717	0.574	0.561	0.618	0.798	0.846	0.851	1.075	1.014	1.014	0.72	0.688	0.689	0.901	0.838	0.856	1.186	1.185	1.226	0.684	0.682	0.699	1.015	0.909	0.987	1.344	1.336	1.372	0.358	0.358	0.364	0.75	0.794	0.839	1.298	1.3	1.312	1.292	1.299	1.307	0.299	0.299	0.297	0.273	0.247	0.271	0.313	0.295	0.261	0.295	0.304	0.38	1.187	1.13	1.12	0.477	0.512	0.459	0.549	0.542	0.54	1.222	1.24	1.253	0.185	0.194	0.168	0.204	0.203	0.189	1.304	1.318	1.321	0.193	0.181	0.178	0.177	0.188	0.171	1.235	1.272	1.262	0.187	0.224	0.185	0.187	0.225	0.171	1.33	1.29	1.273	1.01	1.006	1.113	0.349	0.392	0.403	1.341	1.362	1.378	1.309	1.298	1.327	0.673	0.602	1.113	1.26	0.646	0.605	0.703	1.292	0.661	1.308	1.308	1.307	0.714	0.71	0.762	0.734	0.726	0.7	1.399	1.307	1.359	1.32	1.299	1.308	1.313	1.318	1.308	1.307	1.27	1.299	1.307	1.288	1.295	1.305	1.313	1.298	1.351	1.366	1.366	1.33	1.315	1.28	1.291	1.311	1.302	1.345	1.357	1.362	1.349	1.338	1.358	1.302	1.31	1.292	1.235	1.18	1.171	1.295	1.295	1.311	1.304	1.279	1.296	1.205	1.227	1.197	1.238	1.18	1.142	0.882	0.831	0.97	1.191	1.121	1.204	0.435	0.475	0.444	1.251	1.148	1.101	1.159	1.2	1.205	1.168	1.207	1.123	1.245	1.25	1.216	1.196	1.155	1.217	1.201	1.112	1.167	1.225	1.185	1.169	1.147	1.097	1.109	1.159	1.151	1.2	1.171	1.159	1.113	1.225	1.231	1.223	1.205	1.193	1.208	1.217	1.217	1.154	1.205	1.227	1.197	0.639	0.627	0.629	0.562	0.55	0.547	1.205	1.227	1.197	1.165	1.185	1.188
14.33	1.341	1.293	1.285	1.249	1.193	1.199	1.263	1.349	1.291	0.463	0.512	0.522	0.485	0.473	0.498	0.662	0.743	0.641	0.906	0.997	1.03	0.46	0.501	0.47	0.705	0.697	0.657	1.249	1.193	1.199	1.313	1.3	1.329	0.291	0.3	0.302	0.193	0.194	0.179	0.62	0.674	0.64	0.244	0.247	0.206	1.249	1.193	1.199	1.167	1.163	1.211	0.221	0.463	0.446	0.19	0.192	0.183	0.222	0.441	0.471	0.237	0.24	0.196	1.225	1.205	1.257	1.175	1.171	1.252	1.193	1.161	1.218	0.456	0.496	0.48	0.21	0.21	0.22	0.463	0.461	0.472	0.466	0.503	0.496	0.221	0.218	0.212	0.519	0.477	0.479	1.387	1.3	1.276	1.249	1.193	1.199	0.108	0.105	0.108	0.336	0.376	0.387	0.112	0.108	0.105	0.235	0.225	0.226	1.346	1.29	1.306	1.331	1.323	1.311	0.191	0.187	0.186	0.176	0.192	0.195	0.21	0.324	0.255	0.321	0.311	0.314	1.249	1.193	1.199	1.249	1.193	1.199	0.639	0.54	0.531	0.862	0.617	0.616	0.683	0.613	0.616	0.73	0.702	0.682	1.353	1.413	1.41	0.709	0.7	0.755	1.249	1.193	1.199	0.954	0.96	0.961	1.442	1.455	1.362	1.043	1.202	1.329	1.169	1.397	1.311	1.322	1.278	1.278	0.447	0.569	0.66	0.447	0.569	0.66	1.414	1.379	1.339	0.612	0.467	0.503	0.706	0.93	0.702	1.356	1.371	1.373	0.302	0.288	0.277	0.571	0.583	0.536	1.331	1.375	1.418	0.406	0.338	0.381	0.436	0.465	0.45	1.345	1.331	1.273	0.199	0.204	1.283	0.277	0.309	1.287	1.356	1.371	1.373	0.544	0.539	0.543	0.736	0.723	0.676	1.221	1.224	1.308	1.101	1.238	1.12	1.161	1.214	1.168	1.338	1.265	1.305	0.231	0.207	0.221	0.2	0.212	0.198	1.358	1.313	1.3	0.208	0.231	0.241	1.065	1.128	1.12	0.189	0.194	0.233	1.044	1.236	1.246	0.18	0.19	0.172	1.358	1.313	1.3	0.182	0.181	0.165	0.662	0.712	0.75	1.358	1.313	1.3	1.202	1.271	1.274	0.598	0.597	0.61	1.358	1.313	1.3	1.233	1.261	1.295	1.276	1.271	1.32	0.308	0.328	0.28	0.406	0.416	0.465	1.226	1.196	1.242	0.834	0.819	0.815	0.788	0.789	0.786	1.138	1.091	1.1	0.488	0.465	0.444	0.82	0.835	0.816	1.049	1.043	1.024	1.021	0.997	1.032	0.327	0.31	0.318	0.673	0.681	0.71	0.575	0.563	0.619	0.791	0.841	0.846	1.108	1.039	1.027	0.716	0.684	0.686	0.9	0.835	0.853	1.2	1.203	1.236	0.679	0.678	0.696	1.014	0.909	0.986	1.341	1.334	1.347	0.34	0.341	0.347	0.725	0.769	0.815	1.308	1.302	1.312	1.3	1.305	1.309	0.307	0.309	0.305	0.278	0.26	0.277	0.312	0.296	0.261	0.294	0.304	0.381	1.185	1.129	1.117	0.479	0.515	0.462	0.555	0.549	0.545	1.236	1.253	1.256	0.193	0.202	0.175	0.213	0.209	0.196	1.309	1.321	1.324	0.199	0.187	0.188	0.182	0.192	0.175	1.244	1.292	1.268	0.194	0.233	0.191	0.193	0.231	0.174	1.335	1.292	1.275	0.999	0.991	1.103	0.336	0.376	0.387	1.343	1.363	1.381	1.308	1.288	1.325	0.653	0.587	1.109	1.258	0.615	0.572	0.683	1.285	0.635	1.305	1.308	1.303	0.709	0.7	0.755	0.726	0.721	0.691	1.4	1.309	1.346	1.315	1.295	1.305	1.313	1.323	1.295	1.312	1.267	1.301	1.314	1.289	1.294	1.312	1.303	1.297	1.356	1.371	1.373	1.328	1.319	1.279	1.298	1.317	1.31	1.315	1.371	1.363	1.355	1.339	1.37	1.303	1.314	1.288	1.236	1.186	1.166	1.308	1.294	1.313	1.313	1.281	1.305	1.21	1.245	1.208	1.248	1.184	1.138	0.888	0.831	0.968	1.213	1.124	1.206	0.46	0.501	0.47	1.251	1.157	1.097	1.158	1.193	1.208	1.17	1.199	1.121	1.25	1.254	1.239	1.199	1.167	1.232	1.23	1.115	1.171	1.214	1.201	1.163	1.147	1.101	1.101	1.151	1.153	1.202	1.184	1.147	1.114	1.217	1.243	1.214	1.214	1.2	1.215	1.216	1.235	1.155	1.21	1.245	1.208	0.638	0.626	0.627	0.564	0.552	0.548	1.21	1.245	1.208	1.172	1.193	1.194
14.5	1.344	1.304	1.292	1.246	1.193	1.199	1.26	1.353	1.293	0.445	0.489	0.499	0.509	0.496	0.517	0.677	0.756	0.656	0.9	0.996	1.029	0.485	0.525	0.497	0.719	0.715	0.67	1.246	1.193	1.199	1.331	1.302	1.331	0.284	0.289	0.293	0.195	0.196	0.179	0.614	0.672	0.637	0.244	0.247	0.205	1.246	1.193	1.199	1.167	1.168	1.206	0.225	0.471	0.46	0.194	0.195	0.186	0.222	0.456	0.485	0.236	0.238	0.196	1.229	1.209	1.28	1.173	1.181	1.255	1.195	1.163	1.216	0.478	0.512	0.493	0.215	0.215	0.226	0.477	0.478	0.492	0.487	0.518	0.507	0.224	0.221	0.216	0.527	0.493	0.497	1.385	1.309	1.274	1.246	1.193	1.199	0.109	0.105	0.109	0.323	0.361	0.37	0.113	0.109	0.105	0.234	0.225	0.225	1.346	1.305	1.31	1.338	1.33	1.314	0.193	0.187	0.188	0.177	0.193	0.195	0.206	0.311	0.245	0.307	0.298	0.302	1.246	1.193	1.199	1.246	1.193	1.199	0.658	0.538	0.532	0.852	0.616	0.613	0.693	0.617	0.619	0.728	0.702	0.688	1.357	1.41	1.409	0.707	0.691	0.745	1.246	1.193	1.199	0.97	0.978	0.979	1.449	1.458	1.353	1.042	1.206	1.333	1.137	1.401	1.312	1.324	1.284	1.282	0.426	0.543	0.635	0.426	0.543	0.635	1.418	1.384	1.332	0.594	0.477	0.51	0.683	0.903	0.662	1.364	1.377	1.381	0.298	0.286	0.274	0.551	0.563	0.526	1.332	1.382	1.415	0.401	0.334	0.378	0.43	0.459	0.443	1.347	1.333	1.274	0.201	0.205	1.274	0.275	0.307	1.288	1.364	1.377	1.381	0.549	0.544	0.548	0.699	0.682	0.646	1.22	1.221	1.31	1.103	1.241	1.116	1.161	1.209	1.165	1.343	1.271	1.314	0.242	0.215	0.23	0.209	0.22	0.205	1.351	1.32	1.315	0.215	0.247	0.252	1.061	1.126	1.117	0.195	0.201	0.239	1.049	1.242	1.252	0.183	0.194	0.175	1.351	1.32	1.315	0.185	0.183	0.167	0.638	0.687	0.725	1.351	1.32	1.315	1.22	1.269	1.245	0.597	0.601	0.616	1.351	1.32	1.315	1.234	1.264	1.298	1.287	1.285	1.325	0.31	0.328	0.274	0.398	0.406	0.452	1.236	1.206	1.249	0.834	0.822	0.816	0.791	0.794	0.79	1.151	1.108	1.112	0.485	0.462	0.445	0.824	0.839	0.819	1.075	1.067	1.05	1.049	1.006	1.052	0.324	0.306	0.313	0.665	0.673	0.704	0.577	0.564	0.619	0.785	0.836	0.841	1.137	1.069	1.052	0.712	0.68	0.683	0.898	0.833	0.849	1.21	1.21	1.242	0.673	0.674	0.692	1.018	0.909	0.986	1.338	1.331	1.337	0.323	0.326	0.332	0.7	0.744	0.789	1.313	1.307	1.314	1.304	1.31	1.312	0.315	0.319	0.32	0.286	0.27	0.287	0.311	0.296	0.261	0.292	0.302	0.378	1.183	1.13	1.115	0.481	0.517	0.466	0.561	0.556	0.551	1.259	1.268	1.261	0.2	0.21	0.184	0.221	0.216	0.204	1.312	1.323	1.329	0.206	0.195	0.198	0.186	0.195	0.181	1.254	1.311	1.274	0.203	0.242	0.199	0.2	0.237	0.179	1.34	1.296	1.278	0.988	0.977	1.091	0.323	0.361	0.37	1.345	1.363	1.384	1.306	1.277	1.306	0.633	0.57	1.089	1.256	0.585	0.54	0.662	1.282	0.608	1.3	1.309	1.303	0.707	0.691	0.745	0.72	0.716	0.684	1.402	1.307	1.343	1.309	1.295	1.305	1.317	1.33	1.286	1.311	1.265	1.3	1.321	1.295	1.291	1.321	1.3	1.295	1.364	1.377	1.381	1.321	1.321	1.272	1.302	1.321	1.31	1.316	1.372	1.361	1.354	1.337	1.356	1.301	1.318	1.288	1.235	1.196	1.161	1.317	1.29	1.31	1.317	1.281	1.313	1.215	1.26	1.227	1.256	1.193	1.133	0.891	0.828	0.96	1.236	1.128	1.205	0.485	0.525	0.497	1.243	1.161	1.096	1.159	1.187	1.209	1.172	1.194	1.122	1.272	1.255	1.255	1.206	1.187	1.227	1.262	1.119	1.173	1.209	1.217	1.161	1.15	1.101	1.096	1.148	1.161	1.195	1.194	1.14	1.117	1.211	1.253	1.207	1.224	1.204	1.225	1.22	1.25	1.159	1.215	1.26	1.227	0.636	0.624	0.625	0.566	0.554	0.55	1.215	1.26	1.227	1.178	1.202	1.203
14.67	1.337	1.308	1.302	1.243	1.193	1.199	1.261	1.351	1.299	0.425	0.468	0.48	0.532	0.517	0.536	0.691	0.765	0.669	0.891	0.994	1.028	0.507	0.544	0.52	0.732	0.734	0.685	1.243	1.193	1.199	1.341	1.306	1.333	0.278	0.28	0.284	0.198	0.199	0.181	0.609	0.664	0.631	0.244	0.246	0.204	1.243	1.193	1.199	1.171	1.175	1.199	0.23	0.481	0.472	0.197	0.198	0.19	0.224	0.471	0.496	0.235	0.236	0.196	1.234	1.216	1.3	1.17	1.19	1.26	1.2	1.167	1.217	0.501	0.531	0.504	0.22	0.22	0.232	0.489	0.493	0.513	0.507	0.532	0.519	0.227	0.223	0.221	0.537	0.507	0.518	1.378	1.327	1.276	1.243	1.193	1.199	0.111	0.106	0.11	0.312	0.347	0.353	0.115	0.11	0.105	0.234	0.225	0.224	1.347	1.328	1.317	1.343	1.329	1.313	0.196	0.188	0.19	0.178	0.196	0.196	0.203	0.299	0.237	0.294	0.285	0.293	1.243	1.193	1.199	1.243	1.193	1.199	0.674	0.538	0.533	0.841	0.614	0.61	0.707	0.621	0.624	0.725	0.7	0.693	1.36	1.407	1.41	0.697	0.681	0.739	1.243	1.193	1.199	0.985	0.996	0.997	1.455	1.461	1.348	1.041	1.209	1.335	1.109	1.406	1.311	1.329	1.285	1.288	0.406	0.516	0.609	0.406	0.516	0.609	1.425	1.389	1.322	0.361	0.488	0.52	0.661	0.87	0.627	1.375	1.38	1.394	0.295	0.284	0.269	0.536	0.542	0.518	1.332	1.387	1.411	0.397	0.33	0.373	0.425	0.454	0.437	1.342	1.327	1.277	0.203	0.207	1.267	0.275	0.305	1.289	1.375	1.38	1.394	0.553	0.548	0.553	0.666	0.645	0.623	1.219	1.217	1.312	1.103	1.242	1.114	1.163	1.202	1.161	1.346	1.277	1.324	0.253	0.223	0.24	0.218	0.227	0.213	1.349	1.322	1.328	0.223	0.255	0.262	1.056	1.124	1.118	0.2	0.206	0.245	1.049	1.251	1.26	0.186	0.198	0.178	1.349	1.322	1.328	0.188	0.186	0.169	0.614	0.66	0.698	1.349	1.322	1.328	1.228	1.289	1.244	0.602	0.607	0.62	1.349	1.322	1.328	1.24	1.266	1.298	1.294	1.294	1.333	0.318	0.329	0.268	0.39	0.397	0.44	1.246	1.214	1.256	0.834	0.823	0.817	0.793	0.799	0.794	1.16	1.122	1.126	0.482	0.462	0.449	0.828	0.841	0.822	1.093	1.092	1.08	1.077	1.03	1.074	0.32	0.302	0.308	0.658	0.664	0.697	0.578	0.565	0.62	0.781	0.83	0.836	1.164	1.099	1.089	0.708	0.675	0.68	0.896	0.832	0.846	1.214	1.217	1.244	0.669	0.67	0.689	1.028	0.912	0.984	1.333	1.333	1.331	0.308	0.311	0.317	0.676	0.718	0.763	1.317	1.309	1.313	1.309	1.313	1.313	0.325	0.318	0.331	0.295	0.274	0.294	0.311	0.296	0.26	0.293	0.3	0.376	1.183	1.129	1.113	0.482	0.518	0.469	0.567	0.564	0.556	1.283	1.293	1.268	0.208	0.218	0.192	0.23	0.223	0.212	1.317	1.327	1.333	0.213	0.204	0.207	0.19	0.2	0.188	1.264	1.298	1.278	0.212	0.252	0.206	0.206	0.244	0.184	1.346	1.304	1.284	0.977	0.963	1.079	0.312	0.347	0.353	1.348	1.361	1.383	1.308	1.264	1.291	0.613	0.555	1.068	1.254	0.557	0.51	0.639	1.276	0.579	1.296	1.309	1.302	0.697	0.681	0.739	0.712	0.71	0.678	1.407	1.301	1.347	1.306	1.296	1.31	1.323	1.34	1.281	1.315	1.264	1.297	1.318	1.296	1.289	1.314	1.292	1.294	1.375	1.38	1.394	1.316	1.313	1.271	1.302	1.323	1.305	1.316	1.366	1.359	1.355	1.341	1.359	1.296	1.323	1.294	1.232	1.201	1.156	1.319	1.285	1.308	1.324	1.275	1.32	1.217	1.266	1.255	1.26	1.209	1.126	0.893	0.826	0.953	1.263	1.135	1.203	0.507	0.544	0.52	1.232	1.164	1.098	1.161	1.183	1.199	1.182	1.195	1.124	1.294	1.26	1.258	1.228	1.22	1.203	1.276	1.125	1.171	1.212	1.22	1.162	1.147	1.101	1.099	1.152	1.173	1.194	1.191	1.133	1.122	1.208	1.264	1.203	1.237	1.213	1.231	1.232	1.247	1.162	1.217	1.266	1.255	0.635	0.623	0.623	0.568	0.555	0.551	1.217	1.266	1.255	1.184	1.214	1.214
14.83	1.327	1.319	1.317	1.24	1.194	1.201	1.265	1.343	1.304	0.405	0.447	0.461	0.555	0.537	0.557	0.706	0.77	0.682	0.881	0.992	1.027	0.53	0.559	0.537	0.742	0.751	0.698	1.24	1.194	1.201	1.34	1.317	1.338	0.271	0.271	0.275	0.201	0.201	0.183	0.605	0.659	0.624	0.243	0.245	0.204	1.24	1.194	1.201	1.175	1.179	1.196	0.236	0.493	0.482	0.201	0.202	0.195	0.226	0.484	0.508	0.235	0.236	0.197	1.242	1.222	1.318	1.167	1.197	1.259	1.203	1.172	1.219	0.523	0.549	0.517	0.225	0.226	0.238	0.505	0.509	0.533	0.528	0.548	0.528	0.23	0.227	0.226	0.549	0.522	0.537	1.377	1.335	1.279	1.24	1.194	1.201	0.113	0.106	0.111	0.302	0.335	0.338	0.117	0.112	0.106	0.233	0.225	0.224	1.35	1.36	1.325	1.346	1.327	1.323	0.199	0.189	0.193	0.18	0.197	0.197	0.2	0.288	0.23	0.283	0.276	0.285	1.24	1.194	1.201	1.24	1.194	1.201	0.686	0.538	0.534	0.83	0.611	0.607	0.723	0.627	0.629	0.72	0.697	0.697	1.362	1.407	1.412	0.69	0.674	0.733	1.24	1.194	1.201	1.0	1.015	1.014	1.461	1.466	1.345	1.036	1.213	1.335	1.087	1.411	1.311	1.334	1.278	1.297	0.388	0.491	0.582	0.388	0.491	0.582	1.428	1.391	1.319	0.314	0.493	0.537	0.643	0.842	0.601	1.38	1.389	1.41	0.293	0.282	0.269	0.525	0.526	0.512	1.336	1.392	1.412	0.393	0.327	0.37	0.419	0.45	0.431	1.34	1.315	1.279	0.206	0.209	1.266	0.274	0.304	1.294	1.38	1.389	1.41	0.557	0.552	0.558	0.64	0.616	0.608	1.216	1.212	1.313	1.104	1.242	1.11	1.165	1.197	1.158	1.338	1.286	1.333	0.263	0.232	0.25	0.227	0.235	0.222	1.349	1.327	1.337	0.233	0.263	0.27	1.053	1.122	1.117	0.205	0.213	0.252	1.046	1.265	1.267	0.19	0.202	0.182	1.349	1.327	1.337	0.191	0.189	0.171	0.591	0.635	0.67	1.349	1.327	1.337	1.239	1.318	1.268	0.604	0.61	0.625	1.349	1.327	1.337	1.243	1.272	1.3	1.301	1.304	1.343	0.322	0.332	0.266	0.384	0.39	0.429	1.256	1.223	1.262	0.833	0.825	0.816	0.797	0.805	0.799	1.165	1.137	1.139	0.481	0.463	0.447	0.832	0.845	0.825	1.11	1.116	1.108	1.097	1.056	1.086	0.316	0.299	0.305	0.651	0.656	0.69	0.578	0.566	0.621	0.776	0.826	0.832	1.187	1.127	1.123	0.705	0.67	0.677	0.895	0.829	0.843	1.213	1.218	1.246	0.664	0.666	0.684	1.035	0.912	0.983	1.33	1.34	1.328	0.295	0.298	0.304	0.652	0.691	0.737	1.321	1.312	1.316	1.315	1.315	1.316	0.335	0.329	0.343	0.304	0.278	0.302	0.309	0.296	0.261	0.296	0.298	0.374	1.186	1.128	1.112	0.484	0.519	0.472	0.572	0.568	0.561	1.272	1.31	1.283	0.216	0.228	0.201	0.239	0.231	0.22	1.32	1.329	1.336	0.221	0.212	0.217	0.195	0.205	0.194	1.284	1.291	1.285	0.221	0.261	0.214	0.213	0.252	0.19	1.35	1.31	1.294	0.967	0.95	1.069	0.302	0.335	0.338	1.351	1.36	1.381	1.311	1.256	1.281	0.592	0.539	1.053	1.253	0.53	0.484	0.616	1.273	0.549	1.298	1.309	1.3	0.69	0.674	0.733	0.704	0.703	0.672	1.413	1.298	1.351	1.307	1.294	1.314	1.325	1.347	1.277	1.319	1.26	1.299	1.314	1.283	1.288	1.309	1.291	1.288	1.38	1.389	1.41	1.313	1.307	1.269	1.296	1.314	1.299	1.318	1.365	1.361	1.354	1.351	1.355	1.301	1.332	1.31	1.232	1.202	1.148	1.319	1.274	1.31	1.326	1.268	1.324	1.216	1.264	1.294	1.265	1.223	1.123	0.894	0.824	0.942	1.286	1.148	1.199	0.53	0.559	0.537	1.223	1.167	1.105	1.17	1.182	1.194	1.195	1.209	1.126	1.308	1.267	1.262	1.256	1.248	1.185	1.288	1.134	1.168	1.222	1.222	1.162	1.143	1.106	1.108	1.167	1.192	1.217	1.188	1.13	1.134	1.208	1.278	1.203	1.253	1.222	1.235	1.255	1.233	1.17	1.216	1.264	1.294	0.633	0.621	0.621	0.569	0.558	0.553	1.216	1.264	1.294	1.19	1.226	1.242
15.0	1.319	1.323	1.322	1.239	1.195	1.204	1.271	1.327	1.311	0.383	0.426	0.438	0.578	0.558	0.58	0.724	0.777	0.697	0.872	0.988	1.025	0.552	0.576	0.557	0.758	0.763	0.71	1.239	1.195	1.204	1.339	1.321	1.346	0.266	0.263	0.269	0.204	0.203	0.185	0.602	0.658	0.62	0.242	0.245	0.205	1.239	1.195	1.204	1.18	1.187	1.195	0.241	0.506	0.492	0.206	0.206	0.2	0.228	0.495	0.52	0.235	0.236	0.199	1.249	1.228	1.336	1.167	1.205	1.258	1.207	1.18	1.218	0.543	0.566	0.53	0.231	0.232	0.245	0.519	0.526	0.552	0.547	0.565	0.539	0.234	0.23	0.232	0.564	0.537	0.557	1.373	1.341	1.28	1.239	1.195	1.204	0.116	0.107	0.113	0.293	0.323	0.322	0.12	0.114	0.106	0.232	0.225	0.224	1.349	1.391	1.332	1.355	1.308	1.334	0.203	0.195	0.197	0.182	0.2	0.199	0.197	0.277	0.223	0.273	0.269	0.277	1.239	1.195	1.204	1.239	1.195	1.204	0.699	0.538	0.537	0.817	0.606	0.603	0.74	0.631	0.633	0.715	0.692	0.7	1.364	1.41	1.418	0.688	0.666	0.733	1.239	1.195	1.204	1.015	1.037	1.029	1.463	1.469	1.348	1.034	1.216	1.337	1.065	1.414	1.312	1.336	1.27	1.311	0.37	0.467	0.555	0.37	0.467	0.555	1.426	1.389	1.318	0.298	0.498	0.562	0.628	0.819	0.582	1.385	1.394	1.409	0.292	0.279	0.269	0.522	0.503	0.506	1.337	1.391	1.415	0.389	0.325	0.367	0.414	0.445	0.424	1.338	1.313	1.279	0.208	0.211	1.269	0.273	0.302	1.298	1.385	1.394	1.409	0.562	0.556	0.562	0.623	0.598	0.593	1.213	1.208	1.315	1.107	1.244	1.106	1.168	1.195	1.157	1.336	1.293	1.339	0.275	0.241	0.263	0.235	0.244	0.231	1.354	1.33	1.34	0.243	0.273	0.28	1.052	1.121	1.117	0.21	0.22	0.259	1.045	1.283	1.272	0.193	0.206	0.185	1.354	1.33	1.34	0.195	0.192	0.174	0.57	0.611	0.641	1.354	1.33	1.34	1.233	1.345	1.302	0.608	0.614	0.629	1.354	1.33	1.34	1.249	1.281	1.302	1.304	1.313	1.347	0.332	0.337	0.265	0.378	0.383	0.421	1.264	1.228	1.265	0.831	0.826	0.817	0.801	0.811	0.803	1.174	1.154	1.164	0.478	0.46	0.442	0.836	0.849	0.829	1.127	1.129	1.127	1.108	1.075	1.099	0.311	0.297	0.301	0.643	0.648	0.682	0.579	0.565	0.622	0.772	0.824	0.829	1.209	1.143	1.145	0.701	0.666	0.674	0.895	0.828	0.842	1.215	1.219	1.251	0.659	0.662	0.681	1.041	0.911	0.984	1.325	1.334	1.323	0.282	0.288	0.294	0.629	0.664	0.709	1.324	1.311	1.321	1.319	1.32	1.321	0.349	0.349	0.356	0.315	0.284	0.31	0.309	0.295	0.261	0.296	0.296	0.371	1.192	1.127	1.113	0.485	0.519	0.475	0.577	0.573	0.567	1.278	1.282	1.284	0.225	0.238	0.211	0.248	0.239	0.229	1.328	1.328	1.338	0.228	0.222	0.226	0.201	0.21	0.199	1.3	1.302	1.289	0.236	0.272	0.226	0.221	0.26	0.197	1.357	1.315	1.297	0.957	0.936	1.056	0.293	0.323	0.322	1.358	1.361	1.379	1.312	1.252	1.282	0.574	0.525	1.043	1.251	0.509	0.46	0.594	1.271	0.522	1.298	1.31	1.299	0.688	0.666	0.733	0.698	0.695	0.666	1.416	1.302	1.357	1.311	1.29	1.317	1.325	1.353	1.273	1.314	1.257	1.299	1.309	1.276	1.292	1.301	1.288	1.283	1.385	1.394	1.409	1.304	1.304	1.263	1.287	1.302	1.292	1.317	1.363	1.359	1.351	1.358	1.354	1.3	1.328	1.34	1.236	1.204	1.142	1.315	1.269	1.316	1.319	1.262	1.323	1.213	1.248	1.286	1.271	1.229	1.123	0.892	0.823	0.933	1.3	1.176	1.193	0.552	0.576	0.557	1.215	1.167	1.113	1.183	1.187	1.192	1.212	1.221	1.132	1.307	1.277	1.266	1.28	1.221	1.175	1.3	1.15	1.163	1.23	1.224	1.164	1.145	1.114	1.122	1.19	1.226	1.243	1.187	1.135	1.158	1.214	1.288	1.211	1.27	1.229	1.235	1.28	1.23	1.184	1.213	1.248	1.286	0.632	0.62	0.618	0.571	0.56	0.555	1.213	1.248	1.286	1.198	1.238	1.434
15.17	1.316	1.315	1.317	1.239	1.194	1.204	1.276	1.326	1.314	0.36	0.404	0.419	0.599	0.581	0.602	0.75	0.779	0.71	0.861	0.985	1.022	0.572	0.594	0.576	0.783	0.772	0.723	1.239	1.194	1.204	1.338	1.327	1.355	0.261	0.258	0.264	0.207	0.206	0.188	0.601	0.657	0.618	0.243	0.245	0.206	1.239	1.194	1.204	1.184	1.19	1.196	0.248	0.522	0.505	0.21	0.211	0.204	0.23	0.511	0.536	0.235	0.235	0.201	1.254	1.234	1.36	1.167	1.21	1.259	1.211	1.192	1.214	0.559	0.588	0.546	0.237	0.238	0.252	0.535	0.541	0.57	0.566	0.583	0.552	0.238	0.234	0.238	0.579	0.552	0.578	1.376	1.344	1.284	1.239	1.194	1.204	0.123	0.108	0.115	0.284	0.312	0.309	0.125	0.116	0.106	0.232	0.225	0.224	1.352	1.411	1.337	1.366	1.302	1.334	0.206	0.196	0.2	0.185	0.203	0.201	0.194	0.266	0.217	0.263	0.263	0.271	1.239	1.194	1.204	1.239	1.194	1.204	0.71	0.541	0.541	0.804	0.6	0.598	0.758	0.633	0.633	0.707	0.684	0.702	1.365	1.415	1.426	0.684	0.656	0.723	1.239	1.194	1.204	1.03	1.06	1.045	1.467	1.471	1.361	1.031	1.218	1.338	1.047	1.418	1.315	1.339	1.266	1.326	0.355	0.444	0.525	0.355	0.444	0.525	1.423	1.382	1.318	0.287	0.503	0.581	0.615	0.797	0.567	1.385	1.393	1.391	0.292	0.277	0.265	0.521	0.491	0.503	1.34	1.386	1.422	0.385	0.322	0.363	0.408	0.441	0.418	1.33	1.313	1.283	0.211	0.213	1.273	0.272	0.301	1.298	1.385	1.393	1.391	0.568	0.56	0.566	0.608	0.588	0.585	1.21	1.206	1.317	1.109	1.245	1.103	1.171	1.193	1.156	1.334	1.305	1.339	0.286	0.251	0.277	0.243	0.252	0.241	1.363	1.336	1.333	0.252	0.284	0.293	1.051	1.121	1.115	0.215	0.227	0.267	1.043	1.292	1.273	0.197	0.21	0.189	1.363	1.336	1.333	0.198	0.196	0.178	0.55	0.587	0.612	1.363	1.336	1.333	1.234	1.351	1.346	0.611	0.619	0.634	1.363	1.336	1.333	1.257	1.292	1.306	1.309	1.322	1.354	0.339	0.341	0.264	0.373	0.378	0.412	1.272	1.234	1.266	0.83	0.828	0.817	0.805	0.817	0.808	1.191	1.172	1.189	0.476	0.457	0.437	0.84	0.852	0.832	1.136	1.147	1.14	1.121	1.084	1.107	0.305	0.294	0.297	0.636	0.64	0.673	0.579	0.556	0.622	0.767	0.823	0.827	1.226	1.163	1.163	0.698	0.661	0.671	0.893	0.829	0.842	1.215	1.217	1.258	0.654	0.657	0.677	1.051	0.908	0.988	1.323	1.328	1.316	0.271	0.278	0.284	0.606	0.64	0.682	1.333	1.312	1.325	1.324	1.327	1.324	0.364	0.369	0.367	0.322	0.291	0.319	0.308	0.294	0.261	0.296	0.295	0.371	1.21	1.127	1.117	0.486	0.518	0.479	0.583	0.577	0.573	1.286	1.301	1.252	0.234	0.25	0.22	0.258	0.248	0.238	1.336	1.332	1.337	0.235	0.233	0.236	0.207	0.216	0.206	1.309	1.312	1.291	0.257	0.284	0.24	0.228	0.268	0.204	1.367	1.318	1.308	0.947	0.92	1.042	0.284	0.312	0.309	1.362	1.363	1.378	1.315	1.244	1.285	0.555	0.511	1.037	1.25	0.489	0.442	0.572	1.271	0.495	1.295	1.313	1.301	0.684	0.656	0.723	0.689	0.689	0.661	1.414	1.306	1.359	1.297	1.291	1.318	1.326	1.353	1.271	1.307	1.257	1.295	1.306	1.271	1.3	1.295	1.283	1.28	1.385	1.393	1.391	1.296	1.3	1.257	1.28	1.294	1.286	1.316	1.361	1.354	1.349	1.363	1.349	1.294	1.299	1.33	1.236	1.206	1.142	1.312	1.269	1.32	1.319	1.259	1.322	1.217	1.224	1.23	1.279	1.228	1.128	0.892	0.821	0.927	1.307	1.201	1.191	0.572	0.594	0.576	1.221	1.164	1.132	1.209	1.197	1.193	1.234	1.237	1.14	1.3	1.268	1.272	1.291	1.211	1.176	1.304	1.166	1.161	1.242	1.237	1.168	1.14	1.127	1.147	1.22	1.264	1.256	1.183	1.143	1.187	1.219	1.291	1.23	1.288	1.23	1.237	1.296	1.227	1.204	1.217	1.224	1.23	0.63	0.618	0.616	0.573	0.562	0.557	1.217	1.224	1.23	1.208	1.253	1.544
15.33	1.318	1.311	1.318	1.239	1.195	1.203	1.273	1.332	1.315	0.339	0.382	0.4	0.619	0.603	0.62	0.789	0.78	0.73	0.848	0.979	1.018	0.593	0.619	0.593	0.817	0.784	0.744	1.239	1.195	1.203	1.342	1.341	1.366	0.256	0.252	0.261	0.211	0.209	0.192	0.6	0.652	0.614	0.244	0.247	0.207	1.239	1.195	1.203	1.189	1.191	1.2	0.254	0.538	0.521	0.215	0.216	0.209	0.233	0.524	0.553	0.236	0.235	0.203	1.259	1.24	1.369	1.164	1.214	1.261	1.211	1.204	1.212	0.574	0.615	0.562	0.244	0.245	0.261	0.553	0.555	0.587	0.587	0.6	0.564	0.242	0.239	0.244	0.595	0.569	0.597	1.379	1.352	1.291	1.239	1.195	1.203	0.123	0.109	0.117	0.276	0.303	0.296	0.13	0.119	0.106	0.232	0.226	0.224	1.361	1.414	1.344	1.377	1.307	1.331	0.211	0.199	0.204	0.188	0.206	0.204	0.193	0.258	0.213	0.254	0.257	0.265	1.239	1.195	1.203	1.239	1.195	1.203	0.718	0.543	0.547	0.79	0.594	0.593	0.777	0.634	0.629	0.699	0.671	0.702	1.369	1.418	1.432	0.677	0.652	0.719	1.239	1.195	1.203	1.051	1.089	1.061	1.465	1.472	1.388	1.028	1.225	1.336	1.032	1.422	1.316	1.343	1.27	1.327	0.343	0.422	0.499	0.343	0.422	0.499	1.423	1.377	1.315	0.284	0.51	0.597	0.605	0.772	0.556	1.379	1.392	1.374	0.29	0.273	0.262	0.525	0.485	0.504	1.349	1.382	1.424	0.382	0.319	0.36	0.403	0.437	0.412	1.323	1.308	1.279	0.214	0.215	1.272	0.272	0.299	1.29	1.379	1.392	1.374	0.574	0.564	0.57	0.601	0.582	0.581	1.208	1.203	1.319	1.111	1.247	1.098	1.171	1.189	1.153	1.334	1.295	1.338	0.299	0.261	0.293	0.251	0.262	0.251	1.375	1.341	1.325	0.261	0.295	0.306	1.05	1.121	1.114	0.221	0.234	0.276	1.041	1.281	1.272	0.2	0.213	0.191	1.375	1.341	1.325	0.203	0.199	0.183	0.53	0.565	0.584	1.375	1.341	1.325	1.249	1.365	1.384	0.616	0.623	0.637	1.375	1.341	1.325	1.267	1.304	1.307	1.314	1.326	1.36	0.347	0.34	0.262	0.369	0.372	0.406	1.281	1.235	1.265	0.828	0.829	0.819	0.807	0.823	0.812	1.206	1.187	1.206	0.471	0.455	0.435	0.844	0.856	0.835	1.154	1.165	1.156	1.137	1.093	1.12	0.302	0.291	0.293	0.63	0.632	0.665	0.58	0.536	0.62	0.759	0.822	0.825	1.242	1.181	1.182	0.695	0.657	0.667	0.887	0.83	0.843	1.216	1.217	1.26	0.649	0.653	0.674	1.06	0.904	0.993	1.32	1.327	1.308	0.262	0.268	0.276	0.584	0.616	0.657	1.339	1.315	1.327	1.328	1.331	1.329	0.386	0.391	0.449	0.33	0.302	0.325	0.306	0.294	0.261	0.296	0.294	0.371	1.229	1.13	1.123	0.486	0.517	0.482	0.589	0.581	0.58	1.281	1.307	1.247	0.244	0.263	0.23	0.268	0.257	0.248	1.341	1.338	1.337	0.243	0.247	0.245	0.213	0.223	0.213	1.314	1.311	1.296	0.273	0.298	0.255	0.236	0.277	0.212	1.376	1.32	1.315	0.937	0.904	1.029	0.276	0.303	0.296	1.367	1.367	1.378	1.317	1.241	1.288	0.537	0.498	1.034	1.248	0.472	0.428	0.55	1.271	0.472	1.295	1.315	1.303	0.677	0.652	0.719	0.681	0.684	0.655	1.403	1.303	1.365	1.291	1.296	1.317	1.332	1.355	1.268	1.304	1.252	1.29	1.305	1.267	1.305	1.29	1.28	1.277	1.379	1.392	1.374	1.289	1.296	1.249	1.278	1.288	1.281	1.314	1.359	1.352	1.345	1.367	1.347	1.292	1.288	1.316	1.238	1.204	1.141	1.309	1.268	1.319	1.312	1.257	1.321	1.231	1.211	1.197	1.289	1.221	1.135	0.893	0.819	0.922	1.308	1.222	1.197	0.593	0.619	0.593	1.232	1.16	1.176	1.23	1.213	1.197	1.265	1.265	1.154	1.297	1.254	1.298	1.293	1.211	1.179	1.307	1.18	1.164	1.253	1.246	1.173	1.146	1.14	1.162	1.259	1.282	1.264	1.18	1.155	1.226	1.227	1.291	1.248	1.303	1.225	1.234	1.301	1.223	1.233	1.231	1.211	1.197	0.628	0.616	0.614	0.575	0.564	0.558	1.231	1.211	1.197	1.215	1.269	1.636
15.5	1.317	1.308	1.318	1.238	1.196	1.204	1.262	1.332	1.312	0.319	0.36	0.382	0.64	0.622	0.644	0.829	0.783	0.756	0.833	0.972	1.014	0.612	0.644	0.609	0.854	0.813	0.762	1.238	1.196	1.204	1.348	1.355	1.374	0.25	0.247	0.255	0.215	0.213	0.196	0.598	0.649	0.615	0.246	0.25	0.208	1.238	1.196	1.204	1.193	1.196	1.207	0.262	0.555	0.541	0.221	0.221	0.214	0.236	0.54	0.571	0.238	0.236	0.205	1.267	1.24	1.375	1.163	1.217	1.266	1.212	1.215	1.207	0.601	0.64	0.578	0.252	0.252	0.269	0.571	0.571	0.609	0.608	0.617	0.578	0.247	0.244	0.252	0.612	0.585	0.616	1.384	1.371	1.302	1.238	1.196	1.204	0.124	0.111	0.119	0.269	0.294	0.285	0.137	0.121	0.107	0.232	0.226	0.224	1.363	1.395	1.347	1.389	1.32	1.341	0.216	0.202	0.209	0.192	0.21	0.208	0.193	0.25	0.209	0.247	0.252	0.258	1.238	1.196	1.204	1.238	1.196	1.204	0.724	0.548	0.554	0.776	0.59	0.588	0.794	0.633	0.624	0.688	0.656	0.701	1.369	1.419	1.435	0.671	0.649	0.712	1.238	1.196	1.204	1.079	1.123	1.079	1.464	1.472	1.407	1.024	1.232	1.334	1.019	1.423	1.316	1.347	1.268	1.328	0.33	0.403	0.471	0.33	0.403	0.471	1.425	1.373	1.314	0.282	0.528	0.583	0.599	0.75	0.55	1.379	1.39	1.37	0.289	0.271	0.26	0.537	0.483	0.507	1.362	1.38	1.428	0.379	0.316	0.358	0.398	0.432	0.406	1.315	1.304	1.269	0.217	0.218	1.269	0.271	0.298	1.285	1.379	1.39	1.37	0.583	0.568	0.574	0.592	0.576	0.577	1.204	1.199	1.322	1.115	1.248	1.093	1.171	1.183	1.15	1.333	1.253	1.336	0.313	0.271	0.31	0.26	0.272	0.26	1.39	1.345	1.311	0.272	0.308	0.319	1.05	1.121	1.113	0.227	0.242	0.284	1.042	1.283	1.273	0.204	0.217	0.195	1.39	1.345	1.311	0.208	0.203	0.188	0.512	0.543	0.554	1.39	1.345	1.311	1.266	1.387	1.406	0.617	0.625	0.642	1.39	1.345	1.311	1.277	1.315	1.309	1.321	1.332	1.371	0.357	0.341	0.261	0.364	0.367	0.4	1.289	1.238	1.263	0.826	0.83	0.819	0.811	0.828	0.816	1.218	1.203	1.21	0.467	0.451	0.431	0.847	0.859	0.839	1.176	1.185	1.17	1.156	1.107	1.133	0.296	0.288	0.29	0.623	0.624	0.657	0.58	0.513	0.614	0.751	0.823	0.825	1.253	1.192	1.201	0.69	0.653	0.663	0.884	0.832	0.847	1.22	1.221	1.262	0.644	0.648	0.669	1.07	0.898	0.996	1.316	1.323	1.303	0.254	0.26	0.268	0.564	0.593	0.632	1.34	1.319	1.33	1.334	1.335	1.332	0.409	0.41	0.462	0.344	0.319	0.332	0.304	0.294	0.261	0.295	0.293	0.373	1.245	1.135	1.132	0.487	0.516	0.485	0.595	0.584	0.587	1.279	1.302	1.256	0.254	0.289	0.243	0.279	0.267	0.258	1.348	1.35	1.338	0.251	0.267	0.255	0.219	0.23	0.222	1.319	1.318	1.3	0.29	0.313	0.275	0.245	0.286	0.22	1.387	1.326	1.316	0.924	0.888	1.019	0.269	0.294	0.285	1.371	1.371	1.373	1.317	1.239	1.286	0.521	0.487	1.032	1.248	0.455	0.416	0.53	1.271	0.455	1.298	1.321	1.305	0.671	0.649	0.712	0.678	0.678	0.652	1.401	1.3	1.365	1.289	1.301	1.317	1.339	1.353	1.269	1.308	1.244	1.282	1.304	1.263	1.301	1.288	1.279	1.273	1.379	1.39	1.37	1.284	1.295	1.244	1.275	1.281	1.274	1.314	1.357	1.35	1.34	1.366	1.342	1.288	1.285	1.311	1.24	1.209	1.138	1.301	1.261	1.314	1.31	1.26	1.315	1.251	1.206	1.184	1.298	1.212	1.146	0.894	0.814	0.922	1.312	1.235	1.222	0.612	0.644	0.609	1.24	1.161	1.221	1.239	1.224	1.206	1.302	1.288	1.161	1.299	1.256	1.297	1.295	1.209	1.184	1.313	1.201	1.167	1.263	1.249	1.184	1.141	1.154	1.171	1.28	1.293	1.268	1.181	1.159	1.266	1.232	1.293	1.263	1.317	1.227	1.233	1.3	1.221	1.27	1.251	1.206	1.184	0.627	0.615	0.611	0.576	0.566	0.56	1.251	1.206	1.184	1.223	1.284	1.666
15.67	1.319	1.31	1.313	1.239	1.196	1.205	1.249	1.33	1.317	0.3	0.34	0.362	0.666	0.642	0.675	0.858	0.787	0.784	0.818	0.965	1.008	0.633	0.665	0.628	0.884	0.846	0.787	1.239	1.196	1.205	1.349	1.367	1.381	0.245	0.244	0.248	0.22	0.217	0.198	0.599	0.626	0.613	0.248	0.252	0.21	1.239	1.196	1.205	1.197	1.196	1.214	0.269	0.58	0.56	0.226	0.226	0.219	0.239	0.556	0.588	0.24	0.237	0.208	1.271	1.237	1.381	1.164	1.223	1.268	1.215	1.223	1.206	0.63	0.662	0.594	0.26	0.26	0.279	0.589	0.588	0.632	0.627	0.637	0.595	0.253	0.249	0.26	0.633	0.599	0.638	1.383	1.381	1.306	1.239	1.196	1.205	0.125	0.112	0.12	0.263	0.287	0.275	0.136	0.124	0.107	0.233	0.227	0.224	1.362	1.374	1.353	1.392	1.327	1.345	0.223	0.206	0.214	0.196	0.214	0.212	0.192	0.245	0.206	0.241	0.249	0.254	1.239	1.196	1.205	1.239	1.196	1.205	0.727	0.553	0.56	0.761	0.585	0.583	0.808	0.637	0.625	0.677	0.642	0.699	1.37	1.423	1.437	0.669	0.643	0.706	1.239	1.196	1.205	1.113	1.162	1.103	1.461	1.471	1.411	1.024	1.237	1.333	1.006	1.427	1.315	1.349	1.274	1.333	0.319	0.386	0.445	0.319	0.386	0.445	1.424	1.367	1.314	0.28	0.542	0.549	0.594	0.732	0.547	1.372	1.393	1.366	0.287	0.268	0.257	0.554	0.487	0.512	1.373	1.38	1.429	0.376	0.314	0.355	0.393	0.429	0.4	1.311	1.303	1.265	0.22	0.22	1.258	0.271	0.297	1.284	1.372	1.393	1.366	0.593	0.571	0.578	0.589	0.572	0.575	1.202	1.193	1.324	1.119	1.249	1.086	1.169	1.178	1.149	1.335	1.248	1.33	0.33	0.302	0.329	0.268	0.282	0.272	1.397	1.354	1.298	0.283	0.322	0.335	1.051	1.121	1.112	0.233	0.25	0.294	1.042	1.289	1.272	0.207	0.22	0.199	1.397	1.354	1.298	0.212	0.207	0.192	0.494	0.522	0.524	1.397	1.354	1.298	1.286	1.399	1.424	0.617	0.628	0.646	1.397	1.354	1.298	1.283	1.319	1.313	1.327	1.337	1.384	0.362	0.341	0.261	0.359	0.362	0.394	1.298	1.244	1.26	0.823	0.832	0.821	0.813	0.834	0.82	1.226	1.216	1.208	0.463	0.445	0.429	0.851	0.863	0.842	1.194	1.202	1.187	1.168	1.121	1.139	0.293	0.286	0.289	0.617	0.616	0.649	0.579	0.5	0.6	0.739	0.823	0.825	1.257	1.198	1.214	0.686	0.649	0.659	0.882	0.833	0.852	1.222	1.225	1.268	0.639	0.644	0.665	1.075	0.893	0.994	1.311	1.318	1.299	0.246	0.254	0.262	0.544	0.57	0.609	1.341	1.323	1.335	1.337	1.34	1.339	0.446	0.435	0.503	0.362	0.337	0.34	0.304	0.294	0.262	0.296	0.293	0.371	1.257	1.14	1.145	0.487	0.515	0.489	0.602	0.587	0.594	1.286	1.291	1.267	0.265	0.318	0.261	0.299	0.277	0.27	1.355	1.365	1.338	0.26	0.285	0.266	0.225	0.237	0.231	1.324	1.326	1.304	0.308	0.336	0.299	0.255	0.296	0.228	1.393	1.328	1.308	0.914	0.874	1.014	0.263	0.287	0.275	1.372	1.373	1.37	1.318	1.241	1.29	0.504	0.477	1.029	1.246	0.44	0.407	0.51	1.272	0.44	1.302	1.323	1.306	0.669	0.643	0.706	0.678	0.671	0.653	1.4	1.293	1.362	1.291	1.306	1.324	1.335	1.352	1.268	1.307	1.232	1.277	1.306	1.258	1.3	1.284	1.282	1.269	1.372	1.393	1.366	1.281	1.299	1.238	1.274	1.278	1.271	1.317	1.356	1.346	1.337	1.363	1.34	1.285	1.28	1.305	1.246	1.214	1.137	1.291	1.254	1.313	1.306	1.261	1.311	1.289	1.21	1.176	1.302	1.203	1.158	0.895	0.812	0.919	1.313	1.243	1.272	0.633	0.665	0.628	1.24	1.161	1.252	1.236	1.231	1.214	1.321	1.298	1.168	1.3	1.26	1.271	1.298	1.203	1.186	1.32	1.228	1.173	1.266	1.25	1.192	1.141	1.163	1.176	1.297	1.299	1.266	1.189	1.167	1.282	1.238	1.298	1.273	1.32	1.227	1.24	1.297	1.215	1.307	1.289	1.21	1.176	0.625	0.613	0.609	0.578	0.567	0.561	1.289	1.21	1.176	1.233	1.298	1.616
15.83	1.318	1.311	1.309	1.241	1.198	1.206	1.243	1.329	1.321	0.284	0.322	0.343	0.683	0.672	0.699	0.889	0.792	0.807	0.803	0.955	1.001	0.655	0.685	0.652	0.904	0.874	0.81	1.241	1.198	1.206	1.349	1.382	1.384	0.241	0.241	0.244	0.225	0.222	0.202	0.599	0.603	0.61	0.25	0.254	0.211	1.241	1.198	1.206	1.202	1.199	1.222	0.277	0.604	0.579	0.232	0.232	0.225	0.242	0.57	0.608	0.242	0.238	0.211	1.278	1.239	1.382	1.169	1.224	1.273	1.217	1.232	1.205	0.65	0.679	0.614	0.269	0.269	0.29	0.611	0.607	0.655	0.647	0.653	0.609	0.26	0.254	0.267	0.65	0.614	0.657	1.384	1.387	1.288	1.241	1.198	1.206	0.13	0.114	0.122	0.258	0.28	0.266	0.144	0.127	0.107	0.234	0.229	0.224	1.366	1.355	1.359	1.398	1.331	1.345	0.229	0.21	0.22	0.201	0.218	0.216	0.192	0.239	0.204	0.237	0.244	0.249	1.241	1.198	1.206	1.241	1.198	1.206	0.731	0.56	0.567	0.747	0.579	0.58	0.824	0.648	0.633	0.666	0.63	0.697	1.373	1.422	1.438	0.662	0.636	0.702	1.241	1.198	1.206	1.151	1.218	1.133	1.46	1.471	1.408	1.02	1.242	1.331	0.993	1.43	1.316	1.353	1.281	1.34	0.311	0.371	0.422	0.311	0.371	0.422	1.424	1.363	1.314	0.277	0.563	0.532	0.595	0.713	0.546	1.364	1.396	1.365	0.281	0.267	0.256	0.572	0.496	0.515	1.377	1.382	1.435	0.373	0.311	0.352	0.388	0.425	0.395	1.306	1.302	1.266	0.224	0.223	1.249	0.27	0.295	1.279	1.364	1.396	1.365	0.604	0.575	0.582	0.59	0.565	0.573	1.199	1.19	1.323	1.123	1.249	1.079	1.164	1.173	1.145	1.336	1.252	1.323	0.347	0.335	0.347	0.277	0.292	0.281	1.401	1.361	1.293	0.296	0.337	0.347	1.053	1.122	1.112	0.24	0.259	0.305	1.043	1.294	1.274	0.21	0.224	0.204	1.401	1.361	1.293	0.217	0.211	0.196	0.477	0.501	0.494	1.401	1.361	1.293	1.306	1.4	1.431	0.62	0.628	0.65	1.401	1.361	1.293	1.29	1.323	1.321	1.332	1.343	1.392	0.365	0.338	0.262	0.356	0.359	0.388	1.301	1.249	1.254	0.82	0.832	0.824	0.813	0.838	0.823	1.228	1.218	1.211	0.459	0.441	0.427	0.855	0.866	0.846	1.204	1.216	1.205	1.182	1.136	1.157	0.289	0.284	0.287	0.612	0.61	0.642	0.576	0.503	0.582	0.726	0.822	0.825	1.258	1.207	1.228	0.683	0.644	0.655	0.879	0.832	0.854	1.221	1.227	1.27	0.634	0.64	0.661	1.079	0.89	0.989	1.308	1.313	1.295	0.24	0.248	0.256	0.524	0.548	0.587	1.343	1.324	1.344	1.343	1.346	1.348	0.449	0.46	0.455	0.382	0.357	0.348	0.303	0.294	0.264	0.295	0.294	0.369	1.264	1.145	1.152	0.488	0.515	0.493	0.606	0.591	0.598	1.308	1.291	1.283	0.28	0.332	0.284	0.329	0.287	0.282	1.358	1.385	1.343	0.271	0.306	0.277	0.232	0.245	0.24	1.328	1.331	1.304	0.326	0.377	0.318	0.265	0.307	0.236	1.384	1.324	1.298	0.9	0.863	1.009	0.258	0.28	0.266	1.372	1.377	1.37	1.323	1.243	1.29	0.489	0.469	1.019	1.244	0.429	0.4	0.492	1.27	0.429	1.314	1.329	1.304	0.662	0.636	0.702	0.671	0.668	0.661	1.396	1.288	1.356	1.295	1.309	1.333	1.339	1.351	1.266	1.298	1.229	1.273	1.298	1.253	1.296	1.28	1.282	1.266	1.364	1.396	1.365	1.278	1.298	1.232	1.272	1.276	1.272	1.324	1.357	1.344	1.338	1.36	1.34	1.284	1.272	1.299	1.253	1.214	1.139	1.289	1.25	1.311	1.301	1.263	1.306	1.356	1.229	1.179	1.305	1.2	1.175	0.895	0.811	0.918	1.309	1.257	1.335	0.655	0.685	0.652	1.232	1.16	1.272	1.23	1.24	1.219	1.327	1.302	1.171	1.295	1.263	1.262	1.297	1.198	1.188	1.325	1.264	1.184	1.268	1.248	1.193	1.137	1.163	1.18	1.312	1.294	1.27	1.208	1.183	1.292	1.247	1.31	1.281	1.316	1.228	1.264	1.297	1.22	1.343	1.356	1.229	1.179	0.624	0.611	0.607	0.579	0.57	0.562	1.356	1.229	1.179	1.243	1.314	1.539
16.0	1.318	1.313	1.31	1.244	1.2	1.206	1.244	1.333	1.326	0.27	0.305	0.325	0.702	0.704	0.729	0.9	0.798	0.837	0.784	0.944	0.994	0.687	0.707	0.675	0.921	0.893	0.826	1.244	1.2	1.206	1.351	1.392	1.386	0.238	0.24	0.241	0.23	0.228	0.207	0.602	0.586	0.59	0.253	0.257	0.213	1.244	1.2	1.206	1.203	1.2	1.23	0.287	0.625	0.604	0.238	0.238	0.231	0.247	0.583	0.63	0.246	0.241	0.215	1.289	1.234	1.386	1.173	1.225	1.284	1.217	1.235	1.203	0.683	0.703	0.642	0.278	0.279	0.302	0.637	0.623	0.682	0.665	0.673	0.627	0.267	0.26	0.277	0.676	0.631	0.675	1.383	1.389	1.278	1.244	1.2	1.206	0.137	0.116	0.123	0.252	0.274	0.259	0.152	0.132	0.107	0.236	0.23	0.223	1.372	1.343	1.364	1.406	1.33	1.35	0.235	0.214	0.226	0.206	0.225	0.221	0.192	0.235	0.203	0.234	0.24	0.246	1.244	1.2	1.206	1.244	1.2	1.206	0.733	0.566	0.572	0.732	0.576	0.575	0.847	0.662	0.648	0.653	0.618	0.692	1.375	1.422	1.439	0.655	0.631	0.697	1.244	1.2	1.206	1.194	1.272	1.171	1.455	1.472	1.402	1.015	1.246	1.329	0.981	1.432	1.317	1.358	1.28	1.344	0.305	0.358	0.401	0.305	0.358	0.401	1.423	1.363	1.312	0.274	0.573	0.506	0.595	0.698	0.545	1.359	1.403	1.363	0.276	0.265	0.255	0.587	0.511	0.515	1.38	1.39	1.438	0.37	0.308	0.349	0.384	0.421	0.39	1.305	1.299	1.266	0.227	0.226	1.238	0.27	0.294	1.276	1.359	1.403	1.363	0.616	0.579	0.586	0.583	0.561	0.569	1.196	1.187	1.323	1.124	1.245	1.073	1.161	1.169	1.146	1.337	1.257	1.318	0.361	0.365	0.373	0.288	0.302	0.291	1.398	1.363	1.292	0.309	0.353	0.37	1.055	1.123	1.114	0.248	0.268	0.317	1.047	1.302	1.276	0.214	0.228	0.209	1.398	1.363	1.292	0.223	0.216	0.201	0.462	0.481	0.465	1.398	1.363	1.292	1.328	1.401	1.437	0.622	0.633	0.652	1.398	1.363	1.292	1.296	1.327	1.332	1.334	1.351	1.405	0.365	0.329	0.264	0.353	0.356	0.384	1.303	1.251	1.249	0.818	0.834	0.831	0.811	0.842	0.826	1.226	1.217	1.208	0.455	0.436	0.421	0.858	0.87	0.849	1.212	1.225	1.213	1.19	1.15	1.166	0.286	0.283	0.284	0.607	0.603	0.634	0.568	0.522	0.568	0.713	0.821	0.824	1.257	1.214	1.242	0.679	0.64	0.651	0.88	0.831	0.854	1.22	1.231	1.274	0.629	0.635	0.657	1.085	0.886	0.985	1.306	1.307	1.292	0.235	0.243	0.251	0.506	0.526	0.565	1.349	1.33	1.346	1.349	1.352	1.354	0.473	0.489	0.494	0.399	0.378	0.358	0.303	0.294	0.265	0.294	0.294	0.369	1.271	1.152	1.166	0.489	0.515	0.496	0.61	0.594	0.603	1.326	1.31	1.304	0.302	0.35	0.314	0.354	0.298	0.296	1.358	1.405	1.352	0.281	0.326	0.289	0.241	0.254	0.252	1.335	1.342	1.306	0.35	0.392	0.333	0.277	0.319	0.245	1.369	1.318	1.297	0.886	0.851	1.003	0.252	0.274	0.259	1.376	1.381	1.369	1.323	1.241	1.288	0.477	0.461	1.009	1.244	0.42	0.396	0.475	1.269	0.419	1.329	1.33	1.308	0.655	0.631	0.697	0.657	0.668	0.665	1.397	1.287	1.354	1.298	1.305	1.337	1.347	1.348	1.269	1.294	1.226	1.276	1.299	1.248	1.296	1.278	1.279	1.264	1.359	1.403	1.363	1.275	1.302	1.229	1.27	1.275	1.269	1.331	1.361	1.342	1.343	1.355	1.339	1.283	1.267	1.296	1.262	1.214	1.14	1.29	1.244	1.308	1.297	1.262	1.303	1.394	1.271	1.181	1.303	1.202	1.199	0.896	0.811	0.92	1.296	1.269	1.35	0.687	0.707	0.675	1.233	1.16	1.289	1.229	1.251	1.227	1.334	1.307	1.174	1.288	1.258	1.257	1.294	1.19	1.192	1.325	1.297	1.195	1.268	1.25	1.193	1.128	1.167	1.182	1.326	1.291	1.273	1.249	1.193	1.303	1.256	1.321	1.29	1.307	1.23	1.269	1.298	1.224	1.373	1.394	1.271	1.181	0.622	0.608	0.605	0.58	0.571	0.563	1.394	1.271	1.181	1.254	1.341	1.466
16.17	1.313	1.311	1.31	1.248	1.201	1.211	1.244	1.337	1.327	0.256	0.29	0.309	0.719	0.732	0.755	0.91	0.804	0.859	0.763	0.932	0.984	0.715	0.741	0.696	0.933	0.909	0.845	1.248	1.201	1.211	1.352	1.396	1.381	0.236	0.238	0.238	0.236	0.234	0.213	0.605	0.575	0.574	0.255	0.261	0.216	1.248	1.201	1.211	1.205	1.206	1.237	0.299	0.648	0.631	0.245	0.245	0.237	0.252	0.601	0.655	0.249	0.243	0.22	1.306	1.236	1.381	1.176	1.224	1.297	1.216	1.236	1.201	0.71	0.723	0.664	0.287	0.292	0.317	0.669	0.645	0.707	0.682	0.696	0.644	0.274	0.268	0.29	0.694	0.651	0.69	1.381	1.389	1.27	1.248	1.201	1.211	0.141	0.119	0.125	0.249	0.269	0.252	0.16	0.136	0.108	0.238	0.233	0.226	1.372	1.326	1.364	1.404	1.334	1.356	0.247	0.219	0.232	0.211	0.231	0.227	0.194	0.232	0.202	0.231	0.237	0.243	1.248	1.201	1.211	1.248	1.201	1.211	0.734	0.572	0.578	0.718	0.572	0.571	0.9	0.675	0.665	0.64	0.607	0.687	1.375	1.421	1.44	0.65	0.627	0.697	1.248	1.201	1.211	1.231	1.316	1.219	1.453	1.473	1.395	1.013	1.25	1.329	0.966	1.434	1.315	1.36	1.28	1.347	0.3	0.347	0.381	0.3	0.347	0.381	1.419	1.362	1.309	0.271	0.559	0.483	0.598	0.681	0.547	1.355	1.403	1.362	0.273	0.264	0.254	0.611	0.537	0.514	1.381	1.399	1.44	0.367	0.306	0.346	0.38	0.417	0.385	1.306	1.292	1.258	0.231	0.23	1.228	0.269	0.293	1.269	1.355	1.403	1.362	0.628	0.583	0.59	0.585	0.56	0.566	1.195	1.183	1.326	1.13	1.247	1.068	1.161	1.164	1.143	1.345	1.262	1.318	0.383	0.405	0.397	0.298	0.314	0.304	1.384	1.365	1.296	0.325	0.372	0.388	1.059	1.125	1.118	0.256	0.278	0.329	1.05	1.314	1.278	0.218	0.233	0.215	1.384	1.365	1.296	0.228	0.22	0.206	0.449	0.465	0.438	1.384	1.365	1.296	1.344	1.398	1.444	0.624	0.633	0.657	1.384	1.365	1.296	1.302	1.321	1.333	1.337	1.358	1.415	0.36	0.327	0.266	0.35	0.354	0.379	1.303	1.253	1.244	0.815	0.836	0.836	0.81	0.843	0.828	1.233	1.215	1.211	0.45	0.428	0.416	0.863	0.873	0.853	1.215	1.229	1.221	1.187	1.16	1.168	0.283	0.283	0.282	0.602	0.598	0.627	0.554	0.544	0.572	0.699	0.819	0.822	1.262	1.219	1.248	0.672	0.636	0.647	0.886	0.828	0.855	1.225	1.235	1.277	0.623	0.631	0.652	1.089	0.883	0.986	1.304	1.301	1.29	0.23	0.239	0.247	0.488	0.506	0.545	1.359	1.335	1.345	1.353	1.356	1.36	0.493	0.518	0.52	0.427	0.411	0.368	0.303	0.292	0.267	0.293	0.295	0.366	1.28	1.161	1.181	0.49	0.515	0.499	0.616	0.598	0.605	1.319	1.313	1.334	0.342	0.372	0.336	0.37	0.31	0.313	1.364	1.414	1.372	0.291	0.348	0.302	0.253	0.266	0.266	1.344	1.339	1.315	0.395	0.431	0.404	0.293	0.334	0.278	1.359	1.32	1.295	0.866	0.835	0.994	0.249	0.269	0.252	1.377	1.382	1.369	1.328	1.244	1.285	0.466	0.453	1.0	1.239	0.414	0.393	0.458	1.266	0.412	1.333	1.325	1.308	0.65	0.627	0.697	0.646	0.661	0.666	1.398	1.283	1.353	1.3	1.304	1.339	1.351	1.348	1.269	1.292	1.223	1.281	1.295	1.247	1.296	1.271	1.281	1.265	1.355	1.403	1.362	1.271	1.3	1.225	1.267	1.274	1.264	1.323	1.368	1.339	1.342	1.354	1.338	1.28	1.263	1.294	1.278	1.214	1.14	1.286	1.24	1.304	1.294	1.264	1.3	1.363	1.318	1.195	1.302	1.21	1.227	0.896	0.811	0.921	1.283	1.283	1.354	0.715	0.741	0.696	1.233	1.161	1.302	1.234	1.265	1.234	1.339	1.314	1.188	1.281	1.255	1.253	1.293	1.187	1.197	1.316	1.325	1.209	1.269	1.249	1.193	1.134	1.173	1.188	1.339	1.289	1.273	1.274	1.199	1.309	1.266	1.329	1.298	1.304	1.228	1.262	1.297	1.221	1.383	1.363	1.318	1.195	0.62	0.606	0.604	0.581	0.573	0.564	1.363	1.318	1.195	1.263	1.578	1.438
16.33	1.315	1.312	1.314	1.254	1.203	1.213	1.242	1.335	1.329	0.245	0.277	0.294	0.735	0.752	0.774	0.925	0.81	0.859	0.738	0.918	0.973	0.738	0.765	0.731	0.943	0.922	0.854	1.254	1.203	1.213	1.359	1.382	1.385	0.234	0.236	0.236	0.242	0.24	0.217	0.608	0.565	0.556	0.258	0.265	0.221	1.254	1.203	1.213	1.208	1.21	1.244	0.311	0.679	0.664	0.252	0.253	0.243	0.257	0.623	0.683	0.252	0.246	0.224	1.32	1.236	1.377	1.181	1.222	1.303	1.22	1.239	1.199	0.723	0.747	0.69	0.297	0.308	0.336	0.695	0.668	0.721	0.7	0.729	0.668	0.282	0.275	0.306	0.72	0.675	0.707	1.376	1.392	1.269	1.254	1.203	1.213	0.143	0.122	0.132	0.247	0.266	0.245	0.165	0.138	0.108	0.241	0.235	0.229	1.374	1.31	1.36	1.407	1.341	1.356	0.256	0.225	0.24	0.217	0.238	0.234	0.196	0.23	0.201	0.229	0.235	0.242	1.254	1.203	1.213	1.254	1.203	1.213	0.736	0.577	0.583	0.703	0.569	0.567	0.95	0.687	0.679	0.628	0.597	0.681	1.378	1.423	1.438	0.648	0.624	0.696	1.254	1.203	1.213	1.268	1.352	1.273	1.452	1.474	1.389	1.008	1.251	1.325	0.952	1.435	1.315	1.357	1.287	1.354	0.296	0.337	0.366	0.296	0.337	0.366	1.412	1.361	1.306	0.268	0.535	0.461	0.603	0.668	0.553	1.352	1.403	1.36	0.27	0.263	0.253	0.638	0.582	0.517	1.385	1.399	1.44	0.364	0.304	0.343	0.377	0.412	0.381	1.304	1.288	1.255	0.234	0.233	1.221	0.27	0.292	1.264	1.352	1.403	1.36	0.639	0.588	0.595	0.582	0.56	0.564	1.196	1.181	1.329	1.135	1.25	1.065	1.161	1.158	1.143	1.355	1.261	1.322	0.409	0.409	0.422	0.31	0.341	0.32	1.38	1.369	1.302	0.342	0.396	0.405	1.063	1.127	1.123	0.271	0.29	0.343	1.054	1.322	1.28	0.222	0.238	0.221	1.38	1.369	1.302	0.234	0.226	0.211	0.436	0.452	0.416	1.38	1.369	1.302	1.358	1.399	1.451	0.629	0.633	0.66	1.38	1.369	1.302	1.305	1.314	1.318	1.342	1.367	1.432	0.353	0.325	0.269	0.349	0.351	0.374	1.305	1.255	1.245	0.811	0.835	0.837	0.816	0.845	0.83	1.24	1.208	1.212	0.445	0.423	0.416	0.866	0.877	0.856	1.214	1.23	1.224	1.186	1.168	1.172	0.28	0.282	0.282	0.598	0.592	0.62	0.54	0.543	0.599	0.685	0.814	0.818	1.262	1.227	1.262	0.666	0.632	0.642	0.89	0.824	0.855	1.229	1.236	1.28	0.618	0.627	0.648	1.091	0.878	0.99	1.304	1.299	1.289	0.227	0.235	0.244	0.472	0.487	0.525	1.37	1.338	1.338	1.358	1.349	1.365	0.521	0.545	0.543	0.452	0.437	0.38	0.303	0.291	0.269	0.293	0.295	0.366	1.291	1.168	1.196	0.491	0.515	0.502	0.621	0.602	0.607	1.32	1.285	1.348	0.373	0.423	0.356	0.387	0.324	0.332	1.368	1.403	1.405	0.302	0.366	0.316	0.305	0.298	0.28	1.357	1.343	1.324	0.411	0.477	0.402	0.317	0.356	0.321	1.356	1.322	1.296	0.845	0.814	0.985	0.247	0.266	0.245	1.373	1.383	1.366	1.33	1.247	1.285	0.456	0.447	0.993	1.232	0.405	0.39	0.446	1.266	0.406	1.335	1.316	1.307	0.648	0.624	0.696	0.637	0.65	0.666	1.401	1.282	1.355	1.302	1.302	1.333	1.352	1.347	1.266	1.29	1.222	1.285	1.3	1.246	1.296	1.267	1.282	1.265	1.352	1.403	1.36	1.268	1.297	1.223	1.266	1.273	1.264	1.314	1.377	1.335	1.34	1.353	1.343	1.28	1.266	1.293	1.291	1.211	1.141	1.282	1.237	1.306	1.294	1.265	1.302	1.343	1.301	1.233	1.302	1.217	1.251	0.896	0.809	0.921	1.27	1.292	1.351	0.738	0.765	0.731	1.229	1.161	1.313	1.243	1.277	1.245	1.339	1.318	1.203	1.274	1.25	1.248	1.293	1.184	1.199	1.306	1.343	1.229	1.276	1.251	1.191	1.135	1.178	1.195	1.349	1.29	1.274	1.282	1.21	1.308	1.278	1.335	1.298	1.305	1.23	1.27	1.298	1.219	1.39	1.343	1.301	1.233	0.618	0.604	0.602	0.582	0.575	0.565	1.343	1.301	1.233	1.273	1.53	1.431
16.5	1.32	1.312	1.32	1.256	1.206	1.214	1.239	1.309	1.332	0.237	0.265	0.281	0.758	0.767	0.795	0.935	0.817	0.872	0.714	0.9	0.961	0.766	0.792	0.77	0.959	0.921	0.871	1.256	1.206	1.214	1.362	1.372	1.396	0.231	0.233	0.234	0.249	0.246	0.224	0.58	0.557	0.536	0.261	0.27	0.224	1.256	1.206	1.214	1.216	1.217	1.251	0.326	0.698	0.71	0.26	0.261	0.249	0.262	0.653	0.713	0.256	0.249	0.229	1.332	1.242	1.374	1.187	1.224	1.307	1.218	1.24	1.197	0.741	0.766	0.722	0.307	0.329	0.351	0.734	0.696	0.745	0.719	0.75	0.698	0.291	0.284	0.326	0.757	0.694	0.727	1.372	1.394	1.27	1.256	1.206	1.214	0.146	0.125	0.135	0.244	0.264	0.239	0.174	0.142	0.108	0.243	0.237	0.23	1.37	1.297	1.359	1.412	1.347	1.353	0.265	0.23	0.247	0.224	0.245	0.241	0.198	0.228	0.2	0.227	0.234	0.241	1.256	1.206	1.214	1.256	1.206	1.214	0.74	0.581	0.589	0.689	0.566	0.561	0.994	0.698	0.692	0.615	0.587	0.674	1.383	1.42	1.437	0.646	0.622	0.695	1.256	1.206	1.214	1.297	1.375	1.317	1.449	1.474	1.385	1.0	1.253	1.322	0.939	1.434	1.316	1.357	1.291	1.36	0.294	0.329	0.354	0.294	0.329	0.354	1.406	1.36	1.296	0.266	0.505	0.451	0.609	0.659	0.561	1.351	1.399	1.356	0.267	0.262	0.252	0.64	0.643	0.518	1.387	1.398	1.442	0.361	0.301	0.34	0.374	0.408	0.377	1.304	1.287	1.251	0.238	0.237	1.217	0.27	0.291	1.256	1.351	1.399	1.356	0.662	0.594	0.601	0.579	0.561	0.566	1.196	1.179	1.337	1.14	1.253	1.061	1.157	1.153	1.145	1.351	1.259	1.319	0.434	0.44	0.44	0.321	0.376	0.341	1.38	1.37	1.302	0.36	0.42	0.426	1.065	1.129	1.125	0.304	0.339	0.356	1.059	1.343	1.28	0.226	0.243	0.23	1.38	1.37	1.302	0.24	0.231	0.217	0.425	0.437	0.394	1.38	1.37	1.302	1.368	1.395	1.455	0.627	0.636	0.661	1.38	1.37	1.302	1.306	1.313	1.307	1.349	1.38	1.443	0.353	0.325	0.273	0.347	0.35	0.37	1.305	1.258	1.247	0.808	0.833	0.838	0.831	0.844	0.832	1.245	1.206	1.216	0.441	0.418	0.414	0.87	0.881	0.86	1.214	1.223	1.22	1.188	1.168	1.172	0.276	0.279	0.281	0.594	0.588	0.614	0.531	0.505	0.626	0.67	0.807	0.813	1.261	1.235	1.264	0.66	0.629	0.638	0.89	0.818	0.854	1.238	1.236	1.281	0.613	0.622	0.643	1.09	0.877	0.997	1.298	1.296	1.29	0.224	0.232	0.241	0.456	0.47	0.507	1.386	1.345	1.336	1.362	1.338	1.366	0.546	0.565	0.563	0.479	0.459	0.391	0.301	0.292	0.272	0.293	0.295	0.365	1.299	1.175	1.211	0.492	0.515	0.506	0.626	0.606	0.609	1.319	1.287	1.345	0.403	0.445	0.387	0.41	0.338	0.357	1.367	1.388	1.434	0.319	0.417	0.329	0.335	0.336	0.295	1.365	1.348	1.333	0.441	0.493	0.436	0.331	0.382	0.353	1.355	1.328	1.297	0.821	0.79	0.97	0.244	0.264	0.239	1.369	1.385	1.365	1.331	1.25	1.283	0.448	0.442	0.988	1.223	0.397	0.387	0.438	1.261	0.399	1.335	1.313	1.307	0.646	0.622	0.695	0.638	0.639	0.659	1.4	1.284	1.356	1.302	1.303	1.328	1.351	1.337	1.274	1.288	1.217	1.285	1.302	1.25	1.293	1.264	1.28	1.262	1.351	1.399	1.356	1.265	1.296	1.219	1.268	1.275	1.265	1.311	1.38	1.333	1.343	1.352	1.345	1.283	1.271	1.289	1.296	1.208	1.139	1.28	1.236	1.307	1.292	1.269	1.299	1.334	1.246	1.276	1.305	1.22	1.27	0.894	0.808	0.922	1.263	1.305	1.346	0.766	0.792	0.77	1.223	1.165	1.32	1.254	1.28	1.262	1.334	1.321	1.206	1.27	1.248	1.242	1.294	1.183	1.208	1.299	1.347	1.243	1.283	1.254	1.189	1.136	1.183	1.208	1.353	1.285	1.276	1.292	1.219	1.31	1.287	1.34	1.299	1.306	1.227	1.273	1.299	1.217	1.395	1.334	1.246	1.276	0.617	0.601	0.6	0.583	0.576	0.566	1.334	1.246	1.276	1.283	1.489	1.473
16.67	1.315	1.309	1.316	1.256	1.209	1.214	1.244	1.293	1.328	0.23	0.256	0.27	0.777	0.782	0.817	0.939	0.822	0.878	0.685	0.883	0.946	0.789	0.805	0.808	0.96	0.934	0.885	1.256	1.209	1.214	1.365	1.373	1.393	0.23	0.232	0.233	0.256	0.254	0.23	0.557	0.544	0.523	0.265	0.274	0.229	1.256	1.209	1.214	1.22	1.222	1.258	0.342	0.723	0.743	0.27	0.268	0.266	0.267	0.705	0.756	0.259	0.252	0.234	1.337	1.247	1.377	1.192	1.221	1.31	1.218	1.242	1.195	0.76	0.781	0.765	0.316	0.36	0.364	0.759	0.73	0.767	0.735	0.785	0.735	0.3	0.294	0.353	0.794	0.719	0.747	1.365	1.393	1.273	1.256	1.209	1.214	0.151	0.131	0.139	0.242	0.26	0.233	0.182	0.148	0.109	0.246	0.24	0.233	1.365	1.292	1.349	1.415	1.352	1.352	0.274	0.236	0.255	0.231	0.253	0.249	0.201	0.226	0.2	0.225	0.233	0.241	1.256	1.209	1.214	1.256	1.209	1.214	0.746	0.586	0.596	0.675	0.564	0.556	1.029	0.708	0.702	0.603	0.578	0.666	1.389	1.417	1.438	0.645	0.621	0.692	1.256	1.209	1.214	1.33	1.397	1.352	1.441	1.473	1.385	0.997	1.254	1.32	0.926	1.431	1.318	1.355	1.294	1.368	0.292	0.323	0.343	0.292	0.323	0.343	1.401	1.358	1.284	0.263	0.475	0.438	0.614	0.652	0.571	1.349	1.397	1.352	0.266	0.261	0.251	0.559	0.717	0.516	1.388	1.396	1.439	0.359	0.3	0.339	0.372	0.404	0.373	1.301	1.286	1.251	0.242	0.241	1.213	0.27	0.29	1.252	1.349	1.397	1.352	0.709	0.603	0.609	0.577	0.562	0.566	1.196	1.178	1.349	1.145	1.256	1.058	1.154	1.148	1.14	1.346	1.257	1.323	0.47	0.465	0.467	0.334	0.406	0.365	1.38	1.375	1.309	0.38	0.443	0.448	1.071	1.131	1.129	0.333	0.364	0.37	1.066	1.359	1.286	0.23	0.249	0.242	1.38	1.375	1.309	0.247	0.236	0.224	0.415	0.424	0.375	1.38	1.375	1.309	1.376	1.394	1.457	0.629	0.638	0.663	1.38	1.375	1.309	1.32	1.317	1.302	1.353	1.393	1.449	0.351	0.324	0.276	0.346	0.349	0.366	1.305	1.264	1.25	0.802	0.831	0.836	0.838	0.842	0.832	1.246	1.21	1.223	0.438	0.413	0.411	0.873	0.884	0.863	1.215	1.218	1.224	1.19	1.167	1.172	0.273	0.278	0.279	0.591	0.583	0.608	0.534	0.471	0.629	0.655	0.798	0.807	1.263	1.241	1.262	0.655	0.625	0.633	0.891	0.812	0.852	1.249	1.238	1.283	0.608	0.617	0.639	1.091	0.878	1.006	1.296	1.295	1.287	0.222	0.229	0.238	0.443	0.455	0.49	1.403	1.354	1.339	1.365	1.337	1.364	0.57	0.587	0.584	0.503	0.482	0.406	0.299	0.295	0.276	0.293	0.295	0.363	1.311	1.182	1.218	0.493	0.516	0.509	0.631	0.609	0.611	1.318	1.288	1.343	0.414	0.465	0.403	0.451	0.356	0.381	1.372	1.387	1.45	0.338	0.44	0.344	0.347	0.332	0.328	1.368	1.353	1.346	0.473	0.503	0.471	0.347	0.406	0.381	1.35	1.33	1.297	0.798	0.768	0.957	0.242	0.26	0.233	1.364	1.385	1.367	1.33	1.256	1.283	0.442	0.437	0.979	1.212	0.391	0.385	0.428	1.257	0.392	1.332	1.315	1.309	0.645	0.621	0.692	0.642	0.632	0.644	1.399	1.278	1.357	1.302	1.297	1.322	1.35	1.333	1.281	1.286	1.214	1.287	1.305	1.256	1.292	1.263	1.273	1.261	1.349	1.397	1.352	1.261	1.295	1.216	1.271	1.28	1.27	1.312	1.373	1.33	1.345	1.353	1.343	1.285	1.279	1.288	1.305	1.206	1.139	1.275	1.234	1.306	1.292	1.271	1.3	1.335	1.235	1.263	1.31	1.223	1.287	0.892	0.807	0.922	1.261	1.313	1.34	0.789	0.805	0.808	1.215	1.169	1.328	1.264	1.288	1.278	1.331	1.324	1.19	1.268	1.248	1.235	1.296	1.184	1.201	1.295	1.341	1.256	1.294	1.257	1.187	1.134	1.188	1.226	1.355	1.284	1.278	1.296	1.232	1.312	1.293	1.344	1.301	1.304	1.226	1.276	1.299	1.219	1.401	1.335	1.235	1.263	0.615	0.599	0.598	0.584	0.578	0.568	1.335	1.235	1.263	1.296	1.47	1.525
16.83	1.309	1.311	1.321	1.257	1.21	1.214	1.25	1.283	1.324	0.226	0.249	0.261	0.792	0.802	0.835	0.948	0.826	0.89	0.654	0.865	0.93	0.809	0.823	0.826	0.969	0.94	0.888	1.257	1.21	1.214	1.369	1.375	1.384	0.23	0.231	0.232	0.265	0.261	0.236	0.535	0.536	0.515	0.269	0.279	0.234	1.257	1.21	1.214	1.222	1.227	1.268	0.357	0.742	0.764	0.28	0.275	0.275	0.272	0.73	0.772	0.263	0.255	0.239	1.347	1.251	1.375	1.196	1.222	1.313	1.216	1.247	1.193	0.774	0.796	0.786	0.327	0.394	0.381	0.778	0.776	0.786	0.747	0.801	0.769	0.312	0.306	0.377	0.818	0.739	0.769	1.357	1.397	1.274	1.257	1.21	1.214	0.156	0.132	0.143	0.241	0.258	0.229	0.192	0.155	0.109	0.249	0.243	0.237	1.361	1.287	1.342	1.419	1.359	1.354	0.284	0.242	0.264	0.238	0.261	0.257	0.205	0.225	0.2	0.224	0.233	0.241	1.257	1.21	1.214	1.257	1.21	1.214	0.751	0.595	0.605	0.663	0.561	0.552	1.059	0.717	0.712	0.592	0.57	0.66	1.388	1.415	1.437	0.644	0.618	0.694	1.257	1.21	1.214	1.366	1.415	1.379	1.434	1.473	1.39	0.989	1.256	1.315	0.913	1.427	1.317	1.354	1.296	1.373	0.29	0.317	0.333	0.29	0.317	0.333	1.396	1.355	1.273	0.26	0.451	0.429	0.621	0.647	0.588	1.347	1.398	1.351	0.264	0.26	0.25	0.493	0.646	0.523	1.389	1.393	1.435	0.356	0.298	0.337	0.371	0.399	0.37	1.297	1.284	1.247	0.246	0.245	1.208	0.27	0.289	1.247	1.347	1.398	1.351	0.686	0.616	0.619	0.578	0.561	0.565	1.198	1.177	1.366	1.148	1.256	1.052	1.149	1.143	1.137	1.341	1.257	1.33	0.485	0.507	0.489	0.354	0.427	0.395	1.377	1.373	1.308	0.404	0.471	0.469	1.076	1.132	1.129	0.359	0.361	0.384	1.071	1.362	1.294	0.235	0.255	0.248	1.377	1.373	1.308	0.253	0.242	0.23	0.407	0.413	0.359	1.377	1.373	1.308	1.38	1.395	1.46	0.632	0.638	0.662	1.377	1.373	1.308	1.337	1.328	1.302	1.358	1.405	1.464	0.354	0.325	0.281	0.346	0.349	0.364	1.303	1.262	1.254	0.793	0.827	0.831	0.828	0.839	0.832	1.25	1.213	1.229	0.433	0.408	0.408	0.876	0.887	0.867	1.22	1.213	1.225	1.192	1.172	1.176	0.272	0.278	0.277	0.587	0.578	0.603	0.549	0.444	0.602	0.64	0.787	0.801	1.269	1.246	1.262	0.65	0.621	0.629	0.889	0.806	0.85	1.259	1.24	1.289	0.603	0.612	0.634	1.09	0.877	1.022	1.298	1.293	1.287	0.219	0.226	0.235	0.431	0.441	0.474	1.381	1.358	1.342	1.359	1.343	1.36	0.596	0.609	0.606	0.526	0.5	0.423	0.298	0.296	0.28	0.295	0.294	0.364	1.322	1.189	1.225	0.495	0.517	0.513	0.637	0.612	0.614	1.323	1.282	1.347	0.441	0.485	0.441	0.485	0.376	0.404	1.369	1.387	1.445	0.357	0.458	0.363	0.359	0.354	0.342	1.364	1.359	1.35	0.486	0.527	0.461	0.367	0.438	0.388	1.349	1.331	1.3	0.772	0.738	0.947	0.241	0.258	0.229	1.357	1.384	1.369	1.335	1.264	1.283	0.436	0.434	0.963	1.201	0.387	0.383	0.417	1.254	0.384	1.33	1.314	1.31	0.644	0.618	0.694	0.645	0.626	0.63	1.397	1.269	1.36	1.299	1.295	1.31	1.348	1.335	1.283	1.286	1.212	1.286	1.31	1.264	1.295	1.262	1.273	1.258	1.347	1.398	1.351	1.261	1.296	1.21	1.273	1.278	1.271	1.308	1.365	1.326	1.346	1.352	1.345	1.289	1.284	1.286	1.31	1.206	1.14	1.274	1.23	1.307	1.29	1.271	1.299	1.346	1.232	1.202	1.318	1.228	1.302	0.89	0.807	0.922	1.262	1.317	1.332	0.809	0.823	0.826	1.21	1.179	1.338	1.271	1.295	1.285	1.326	1.33	1.187	1.269	1.247	1.227	1.3	1.182	1.194	1.292	1.333	1.271	1.3	1.258	1.185	1.138	1.19	1.246	1.357	1.286	1.278	1.299	1.237	1.317	1.302	1.346	1.301	1.304	1.221	1.27	1.294	1.22	1.406	1.346	1.232	1.202	0.612	0.598	0.596	0.585	0.579	0.569	1.346	1.232	1.202	1.312	1.57	1.565
17.0	1.307	1.313	1.326	1.259	1.212	1.211	1.248	1.275	1.319	0.222	0.243	0.254	0.811	0.816	0.847	0.958	0.831	0.9	0.623	0.844	0.913	0.833	0.834	0.858	0.981	0.945	0.898	1.259	1.212	1.211	1.37	1.376	1.382	0.231	0.23	0.231	0.273	0.269	0.242	0.519	0.528	0.508	0.274	0.283	0.24	1.259	1.212	1.211	1.227	1.232	1.28	0.378	0.758	0.781	0.293	0.286	0.282	0.278	0.747	0.793	0.27	0.258	0.245	1.354	1.253	1.371	1.198	1.227	1.314	1.219	1.251	1.19	0.791	0.813	0.801	0.339	0.402	0.403	0.796	0.794	0.802	0.766	0.817	0.801	0.325	0.32	0.398	0.831	0.758	0.787	1.359	1.4	1.273	1.259	1.212	1.211	0.164	0.133	0.149	0.24	0.257	0.226	0.206	0.162	0.11	0.253	0.248	0.24	1.354	1.284	1.331	1.421	1.36	1.353	0.294	0.248	0.272	0.246	0.269	0.266	0.209	0.225	0.201	0.223	0.232	0.242	1.259	1.212	1.211	1.259	1.212	1.211	0.757	0.607	0.614	0.651	0.556	0.549	1.085	0.728	0.721	0.581	0.561	0.653	1.388	1.412	1.437	0.645	0.617	0.694	1.259	1.212	1.211	1.394	1.429	1.401	1.427	1.471	1.403	0.982	1.254	1.31	0.9	1.423	1.316	1.354	1.295	1.377	0.288	0.314	0.325	0.288	0.314	0.325	1.39	1.353	1.265	0.258	0.422	0.419	0.628	0.645	0.603	1.346	1.396	1.349	0.263	0.259	0.249	0.385	0.378	0.563	1.389	1.391	1.435	0.354	0.296	0.335	0.371	0.395	0.367	1.298	1.282	1.246	0.251	0.249	1.206	0.27	0.288	1.243	1.346	1.396	1.349	0.693	0.63	0.631	0.58	0.559	0.567	1.196	1.174	1.391	1.151	1.256	1.046	1.148	1.137	1.134	1.337	1.257	1.335	0.525	0.533	0.506	0.373	0.454	0.412	1.375	1.371	1.301	0.426	0.5	0.491	1.08	1.135	1.132	0.349	0.38	0.401	1.076	1.348	1.305	0.24	0.263	0.256	1.375	1.371	1.301	0.261	0.248	0.237	0.4	0.404	0.345	1.375	1.371	1.301	1.386	1.394	1.464	0.633	0.64	0.659	1.375	1.371	1.301	1.346	1.333	1.306	1.366	1.415	1.476	0.356	0.326	0.286	0.346	0.35	0.363	1.303	1.265	1.258	0.782	0.823	0.829	0.82	0.835	0.83	1.253	1.212	1.236	0.43	0.407	0.402	0.879	0.891	0.869	1.225	1.216	1.225	1.196	1.176	1.177	0.271	0.278	0.278	0.583	0.575	0.598	0.566	0.418	0.57	0.625	0.776	0.795	1.273	1.249	1.258	0.644	0.618	0.624	0.887	0.8	0.846	1.266	1.243	1.292	0.599	0.608	0.629	1.089	0.877	1.032	1.299	1.291	1.285	0.217	0.225	0.233	0.419	0.428	0.46	1.358	1.359	1.346	1.352	1.358	1.361	0.619	0.636	0.631	0.549	0.521	0.434	0.297	0.297	0.284	0.297	0.294	0.365	1.331	1.197	1.232	0.496	0.518	0.516	0.643	0.617	0.617	1.326	1.276	1.352	0.47	0.492	0.474	0.513	0.408	0.429	1.373	1.386	1.431	0.379	0.478	0.382	0.38	0.35	0.367	1.371	1.361	1.36	0.498	0.557	0.486	0.387	0.455	0.4	1.355	1.331	1.311	0.745	0.711	0.933	0.24	0.257	0.226	1.349	1.383	1.367	1.336	1.264	1.283	0.43	0.43	0.941	1.191	0.384	0.381	0.409	1.252	0.378	1.331	1.313	1.313	0.645	0.617	0.694	0.645	0.622	0.621	1.394	1.26	1.36	1.299	1.294	1.295	1.35	1.335	1.287	1.288	1.208	1.282	1.306	1.272	1.299	1.26	1.271	1.255	1.346	1.396	1.349	1.255	1.296	1.208	1.274	1.278	1.268	1.31	1.362	1.327	1.343	1.352	1.347	1.29	1.28	1.286	1.308	1.205	1.139	1.274	1.224	1.309	1.288	1.272	1.299	1.356	1.229	1.182	1.328	1.233	1.309	0.887	0.808	0.921	1.268	1.326	1.328	0.833	0.834	0.858	1.206	1.182	1.349	1.28	1.299	1.289	1.323	1.332	1.187	1.274	1.248	1.224	1.306	1.183	1.191	1.29	1.325	1.284	1.306	1.263	1.185	1.145	1.195	1.268	1.361	1.286	1.282	1.3	1.239	1.317	1.312	1.349	1.298	1.307	1.227	1.262	1.291	1.216	1.412	1.356	1.229	1.182	0.611	0.596	0.594	0.586	0.581	0.571	1.356	1.229	1.182	1.328	1.663	1.613
17.17	1.305	1.313	1.329	1.259	1.211	1.212	1.244	1.275	1.311	0.219	0.239	0.248	0.827	0.83	0.858	0.966	0.838	0.904	0.594	0.821	0.895	0.85	0.85	0.862	0.985	0.952	0.906	1.259	1.211	1.212	1.372	1.38	1.375	0.232	0.23	0.231	0.282	0.278	0.249	0.507	0.522	0.5	0.278	0.288	0.245	1.259	1.211	1.212	1.232	1.239	1.293	0.399	0.768	0.784	0.423	0.293	0.291	0.285	0.758	0.807	0.277	0.262	0.251	1.363	1.252	1.362	1.2	1.225	1.315	1.217	1.254	1.189	0.805	0.829	0.813	0.352	0.428	0.429	0.807	0.801	0.821	0.788	0.824	0.803	0.342	0.336	0.411	0.835	0.781	0.801	1.359	1.401	1.271	1.259	1.211	1.212	0.175	0.134	0.154	0.239	0.255	0.223	0.221	0.172	0.11	0.256	0.252	0.243	1.35	1.278	1.326	1.423	1.357	1.351	0.305	0.255	0.281	0.255	0.278	0.275	0.213	0.225	0.202	0.223	0.234	0.244	1.259	1.211	1.212	1.259	1.211	1.212	0.763	0.619	0.625	0.64	0.553	0.544	1.106	0.738	0.731	0.57	0.552	0.645	1.386	1.405	1.438	0.646	0.616	0.693	1.259	1.211	1.212	1.424	1.442	1.418	1.421	1.47	1.41	0.971	1.253	1.307	0.886	1.415	1.316	1.354	1.297	1.385	0.287	0.311	0.318	0.287	0.311	0.318	1.386	1.351	1.257	0.257	0.396	0.409	0.634	0.645	0.613	1.344	1.392	1.346	0.261	0.259	0.248	0.36	0.343	0.686	1.385	1.392	1.435	0.352	0.295	0.332	0.372	0.39	0.365	1.295	1.28	1.245	0.255	0.253	1.201	0.271	0.287	1.24	1.344	1.392	1.346	0.705	0.646	0.646	0.582	0.558	0.568	1.192	1.172	1.414	1.156	1.255	1.044	1.151	1.131	1.13	1.332	1.254	1.336	0.537	0.549	0.526	0.398	0.469	0.433	1.375	1.37	1.297	0.446	0.522	0.513	1.084	1.139	1.136	0.357	0.399	0.417	1.08	1.34	1.317	0.247	0.322	0.268	1.375	1.37	1.297	0.269	0.255	0.244	0.394	0.395	0.334	1.375	1.37	1.297	1.393	1.399	1.462	0.633	0.64	0.662	1.375	1.37	1.297	1.35	1.323	1.309	1.37	1.421	1.486	0.359	0.325	0.291	0.347	0.352	0.361	1.304	1.269	1.261	0.771	0.816	0.83	0.804	0.835	0.827	1.26	1.212	1.24	0.425	0.404	0.398	0.881	0.894	0.873	1.224	1.215	1.223	1.195	1.175	1.179	0.271	0.278	0.279	0.579	0.571	0.594	0.578	0.403	0.537	0.611	0.764	0.787	1.275	1.25	1.257	0.638	0.615	0.62	0.883	0.788	0.84	1.263	1.241	1.294	0.595	0.604	0.625	1.086	0.873	1.034	1.299	1.29	1.287	0.216	0.224	0.231	0.409	0.416	0.447	1.352	1.361	1.348	1.348	1.378	1.363	0.645	0.661	0.657	0.571	0.54	0.447	0.297	0.297	0.286	0.299	0.295	0.364	1.339	1.202	1.245	0.497	0.519	0.52	0.651	0.621	0.621	1.324	1.275	1.359	0.493	0.517	0.474	0.532	0.441	0.459	1.381	1.392	1.423	0.409	0.489	0.4	0.387	0.377	0.389	1.375	1.361	1.365	0.501	0.585	0.469	0.402	0.481	0.408	1.362	1.332	1.321	0.718	0.682	0.923	0.239	0.255	0.223	1.341	1.381	1.367	1.338	1.271	1.282	0.425	0.428	0.913	1.182	0.379	0.378	0.403	1.247	0.374	1.335	1.312	1.317	0.646	0.616	0.693	0.642	0.619	0.612	1.392	1.253	1.362	1.297	1.292	1.29	1.349	1.339	1.284	1.29	1.206	1.279	1.302	1.282	1.301	1.261	1.267	1.257	1.344	1.392	1.346	1.258	1.295	1.207	1.273	1.278	1.269	1.308	1.36	1.325	1.343	1.352	1.349	1.29	1.276	1.285	1.307	1.204	1.137	1.272	1.222	1.311	1.287	1.273	1.303	1.374	1.229	1.183	1.341	1.24	1.315	0.886	0.812	0.923	1.268	1.335	1.326	0.85	0.85	0.862	1.205	1.175	1.359	1.294	1.3	1.298	1.325	1.329	1.184	1.275	1.247	1.218	1.317	1.188	1.189	1.294	1.319	1.292	1.31	1.261	1.184	1.148	1.203	1.291	1.365	1.283	1.288	1.298	1.241	1.314	1.324	1.347	1.298	1.306	1.23	1.259	1.289	1.217	1.418	1.374	1.229	1.183	0.609	0.594	0.593	0.588	0.583	0.573	1.374	1.229	1.183	1.345	1.767	1.637
17.33	1.301	1.313	1.333	1.26	1.214	1.216	1.243	1.278	1.296	0.217	0.235	0.243	0.842	0.846	0.87	0.972	0.844	0.913	0.562	0.795	0.876	0.863	0.861	0.876	0.99	0.962	0.915	1.26	1.214	1.216	1.377	1.382	1.378	0.232	0.23	0.231	0.292	0.287	0.256	0.499	0.515	0.49	0.283	0.294	0.252	1.26	1.214	1.216	1.234	1.249	1.305	0.431	0.779	0.787	0.376	0.308	0.3	0.292	0.773	0.82	0.285	0.266	0.257	1.367	1.247	1.354	1.204	1.219	1.313	1.217	1.258	1.186	0.82	0.837	0.824	0.367	0.455	0.461	0.81	0.796	0.829	0.81	0.825	0.816	0.361	0.358	0.43	0.841	0.795	0.807	1.361	1.401	1.266	1.26	1.214	1.216	0.188	0.135	0.161	0.239	0.254	0.221	0.237	0.184	0.111	0.261	0.256	0.246	1.344	1.277	1.322	1.421	1.354	1.351	0.317	0.263	0.29	0.264	0.287	0.284	0.218	0.225	0.203	0.224	0.237	0.248	1.26	1.214	1.216	1.26	1.214	1.216	0.767	0.632	0.635	0.63	0.549	0.541	1.126	0.748	0.741	0.561	0.545	0.637	1.381	1.4	1.44	0.647	0.615	0.694	1.26	1.214	1.216	1.443	1.451	1.433	1.415	1.467	1.41	0.969	1.251	1.304	0.873	1.41	1.317	1.354	1.298	1.393	0.289	0.306	0.312	0.289	0.306	0.312	1.382	1.345	1.252	0.268	0.372	0.399	0.641	0.643	0.624	1.343	1.389	1.342	0.259	0.258	0.248	0.352	0.333	0.749	1.386	1.395	1.433	0.349	0.294	0.33	0.374	0.386	0.364	1.293	1.28	1.245	0.26	0.258	1.195	0.271	0.287	1.238	1.343	1.389	1.342	0.717	0.665	0.661	0.584	0.56	0.571	1.192	1.167	1.419	1.16	1.254	1.042	1.155	1.128	1.125	1.33	1.258	1.337	0.561	0.55	0.539	0.424	0.501	0.452	1.374	1.368	1.295	0.466	0.541	0.531	1.088	1.141	1.139	0.385	0.409	0.44	1.083	1.335	1.322	0.271	0.327	0.282	1.374	1.368	1.295	0.278	0.261	0.251	0.389	0.389	0.325	1.374	1.368	1.295	1.39	1.4	1.458	0.636	0.644	0.658	1.374	1.368	1.295	1.354	1.328	1.303	1.371	1.431	1.496	0.364	0.324	0.296	0.35	0.354	0.359	1.303	1.272	1.266	0.756	0.808	0.833	0.793	0.832	0.819	1.262	1.211	1.247	0.421	0.401	0.394	0.884	0.897	0.876	1.224	1.22	1.222	1.196	1.176	1.181	0.272	0.279	0.281	0.576	0.568	0.589	0.58	0.371	0.49	0.599	0.751	0.778	1.277	1.253	1.258	0.632	0.612	0.616	0.877	0.776	0.83	1.264	1.244	1.289	0.591	0.6	0.62	1.079	0.868	1.034	1.298	1.29	1.286	0.214	0.224	0.23	0.4	0.406	0.436	1.352	1.369	1.349	1.35	1.383	1.37	0.656	0.681	0.681	0.586	0.561	0.461	0.297	0.297	0.289	0.3	0.299	0.363	1.347	1.206	1.255	0.499	0.521	0.524	0.66	0.625	0.625	1.321	1.278	1.366	0.543	0.529	0.512	0.546	0.468	0.481	1.387	1.398	1.422	0.429	0.501	0.417	0.416	0.386	0.404	1.371	1.36	1.361	0.507	0.593	0.476	0.428	0.503	0.405	1.369	1.338	1.328	0.69	0.655	0.91	0.239	0.254	0.221	1.339	1.379	1.367	1.341	1.274	1.28	0.42	0.423	0.88	1.172	0.375	0.375	0.397	1.242	0.369	1.339	1.311	1.319	0.647	0.615	0.694	0.637	0.617	0.599	1.391	1.25	1.364	1.296	1.291	1.286	1.353	1.344	1.288	1.288	1.204	1.279	1.299	1.287	1.305	1.26	1.266	1.249	1.343	1.389	1.342	1.261	1.294	1.205	1.268	1.275	1.27	1.311	1.359	1.324	1.345	1.353	1.35	1.286	1.269	1.285	1.306	1.205	1.137	1.273	1.217	1.313	1.287	1.274	1.302	1.391	1.234	1.188	1.351	1.247	1.318	0.886	0.814	0.924	1.268	1.341	1.326	0.863	0.861	0.876	1.207	1.167	1.37	1.303	1.304	1.304	1.326	1.327	1.183	1.275	1.247	1.218	1.327	1.189	1.188	1.299	1.313	1.3	1.319	1.266	1.184	1.15	1.208	1.31	1.372	1.274	1.289	1.293	1.249	1.312	1.335	1.347	1.298	1.305	1.232	1.256	1.291	1.219	1.425	1.391	1.234	1.188	0.607	0.593	0.591	0.589	0.585	0.575	1.391	1.234	1.188	1.363	1.84	1.679
17.5	1.299	1.315	1.333	1.264	1.216	1.219	1.237	1.277	1.283	0.214	0.232	0.239	0.855	0.86	0.879	0.98	0.847	0.921	0.532	0.768	0.851	0.879	0.874	0.883	0.996	0.969	0.921	1.264	1.216	1.219	1.374	1.384	1.374	0.234	0.23	0.231	0.302	0.299	0.264	0.492	0.507	0.483	0.288	0.298	0.259	1.264	1.216	1.219	1.234	1.256	1.318	0.452	0.796	0.793	0.348	0.39	0.309	0.301	0.782	0.826	0.296	0.27	0.263	1.369	1.242	1.346	1.209	1.214	1.308	1.21	1.262	1.184	0.841	0.845	0.826	0.385	0.481	0.487	0.82	0.797	0.841	0.821	0.835	0.814	0.385	0.387	0.445	0.844	0.799	0.813	1.359	1.4	1.257	1.264	1.216	1.219	0.201	0.139	0.169	0.239	0.254	0.22	0.254	0.197	0.111	0.265	0.26	0.252	1.341	1.279	1.319	1.416	1.355	1.351	0.329	0.271	0.299	0.274	0.296	0.295	0.222	0.226	0.205	0.224	0.239	0.252	1.264	1.216	1.219	1.264	1.216	1.219	0.774	0.644	0.647	0.622	0.546	0.537	1.144	0.758	0.751	0.552	0.535	0.63	1.377	1.396	1.442	0.648	0.617	0.694	1.264	1.216	1.219	1.458	1.454	1.446	1.407	1.464	1.403	0.958	1.247	1.302	0.861	1.402	1.32	1.351	1.298	1.397	0.293	0.303	0.308	0.293	0.303	0.308	1.383	1.34	1.25	0.265	0.356	0.387	0.647	0.647	0.629	1.34	1.387	1.34	0.259	0.257	0.247	0.348	0.326	0.491	1.384	1.396	1.431	0.347	0.293	0.328	0.377	0.381	0.363	1.29	1.278	1.246	0.265	0.262	1.19	0.272	0.286	1.234	1.34	1.387	1.34	0.729	0.683	0.679	0.584	0.561	0.573	1.194	1.164	1.407	1.159	1.254	1.043	1.154	1.126	1.12	1.325	1.259	1.336	0.572	0.552	0.559	0.446	0.515	0.472	1.373	1.366	1.297	0.485	0.559	0.553	1.091	1.143	1.143	0.387	0.418	0.462	1.085	1.331	1.321	0.309	0.348	0.294	1.373	1.366	1.297	0.305	0.268	0.259	0.385	0.384	0.318	1.373	1.366	1.297	1.392	1.402	1.457	0.637	0.647	0.661	1.373	1.366	1.297	1.358	1.343	1.299	1.37	1.44	1.501	0.368	0.323	0.302	0.353	0.358	0.359	1.303	1.278	1.271	0.74	0.796	0.83	0.784	0.826	0.804	1.265	1.215	1.252	0.415	0.398	0.392	0.886	0.9	0.879	1.227	1.218	1.22	1.195	1.176	1.182	0.273	0.28	0.281	0.573	0.564	0.585	0.569	0.353	0.449	0.589	0.737	0.767	1.28	1.256	1.259	0.625	0.609	0.611	0.87	0.764	0.82	1.262	1.244	1.291	0.587	0.596	0.616	1.079	0.863	1.035	1.301	1.291	1.286	0.214	0.224	0.229	0.392	0.398	0.425	1.353	1.371	1.357	1.355	1.365	1.378	0.699	0.69	0.704	0.617	0.58	0.477	0.299	0.297	0.291	0.302	0.303	0.364	1.351	1.208	1.265	0.5	0.522	0.529	0.671	0.63	0.628	1.318	1.282	1.367	0.539	0.54	0.493	0.565	0.488	0.504	1.392	1.403	1.426	0.465	0.502	0.448	0.432	0.419	0.423	1.366	1.359	1.356	0.524	0.617	0.493	0.458	0.526	0.416	1.372	1.344	1.33	0.662	0.627	0.896	0.239	0.254	0.22	1.328	1.377	1.364	1.344	1.279	1.281	0.416	0.42	0.848	1.162	0.372	0.373	0.392	1.236	0.365	1.341	1.312	1.323	0.648	0.617	0.694	0.628	0.615	0.588	1.391	1.25	1.361	1.298	1.292	1.286	1.354	1.345	1.295	1.29	1.204	1.278	1.304	1.293	1.306	1.261	1.264	1.248	1.34	1.387	1.34	1.264	1.294	1.203	1.267	1.271	1.27	1.31	1.361	1.323	1.345	1.356	1.347	1.285	1.27	1.284	1.306	1.206	1.136	1.274	1.214	1.313	1.29	1.275	1.305	1.409	1.237	1.194	1.358	1.257	1.316	0.889	0.818	0.927	1.268	1.347	1.33	0.879	0.874	0.883	1.21	1.166	1.378	1.308	1.307	1.309	1.331	1.328	1.182	1.277	1.253	1.215	1.337	1.187	1.187	1.303	1.309	1.309	1.329	1.267	1.184	1.155	1.213	1.327	1.373	1.265	1.291	1.289	1.252	1.315	1.338	1.348	1.3	1.305	1.232	1.253	1.296	1.219	1.431	1.409	1.237	1.194	0.606	0.592	0.59	0.59	0.586	0.576	1.409	1.237	1.194	1.383	1.847	1.703
17.67	1.3	1.316	1.333	1.262	1.221	1.221	1.23	1.283	1.279	0.213	0.229	0.236	0.864	0.872	0.888	0.988	0.853	0.931	0.501	0.738	0.824	0.893	0.885	0.894	1.0	0.976	0.926	1.262	1.221	1.221	1.371	1.388	1.375	0.235	0.231	0.23	0.313	0.311	0.271	0.482	0.5	0.476	0.294	0.304	0.266	1.262	1.221	1.221	1.234	1.266	1.329	0.478	0.807	0.801	0.447	0.358	0.317	0.313	0.786	0.831	0.314	0.276	0.269	1.374	1.238	1.339	1.214	1.205	1.305	1.203	1.264	1.184	0.848	0.847	0.831	0.404	0.497	0.505	0.827	0.809	0.846	0.836	0.842	0.824	0.408	0.418	0.464	0.86	0.817	0.821	1.356	1.403	1.254	1.262	1.221	1.221	0.216	0.143	0.178	0.24	0.255	0.218	0.271	0.21	0.112	0.271	0.265	0.26	1.338	1.285	1.31	1.42	1.359	1.351	0.341	0.28	0.308	0.285	0.306	0.307	0.228	0.226	0.208	0.225	0.243	0.257	1.262	1.221	1.221	1.262	1.221	1.221	0.783	0.654	0.656	0.614	0.543	0.534	1.158	0.766	0.761	0.543	0.525	0.623	1.376	1.397	1.444	0.65	0.622	0.696	1.262	1.221	1.221	1.47	1.457	1.456	1.399	1.462	1.396	0.952	1.244	1.299	0.848	1.393	1.318	1.35	1.303	1.401	0.294	0.302	0.305	0.294	0.302	0.305	1.386	1.338	1.246	0.262	0.341	0.384	0.657	0.647	0.635	1.341	1.389	1.337	0.258	0.257	0.246	0.346	0.324	0.326	1.379	1.394	1.429	0.345	0.291	0.327	0.381	0.377	0.363	1.288	1.275	1.243	0.269	0.267	1.185	0.273	0.286	1.232	1.341	1.389	1.337	0.742	0.705	0.698	0.584	0.562	0.573	1.196	1.162	1.396	1.161	1.254	1.042	1.153	1.122	1.114	1.324	1.258	1.332	0.603	0.567	0.576	0.467	0.532	0.486	1.372	1.365	1.297	0.502	0.572	0.58	1.095	1.145	1.147	0.407	0.435	0.494	1.088	1.329	1.317	0.334	0.334	0.306	1.372	1.365	1.297	0.343	0.276	0.267	0.382	0.379	0.312	1.372	1.365	1.297	1.389	1.404	1.451	0.638	0.651	0.662	1.372	1.365	1.297	1.362	1.358	1.304	1.364	1.445	1.505	0.374	0.321	0.309	0.356	0.362	0.358	1.302	1.279	1.279	0.722	0.782	0.83	0.773	0.818	0.792	1.27	1.214	1.253	0.41	0.394	0.39	0.889	0.903	0.882	1.23	1.218	1.222	1.196	1.176	1.183	0.274	0.28	0.281	0.569	0.561	0.582	0.546	0.346	0.416	0.581	0.723	0.756	1.285	1.255	1.253	0.618	0.607	0.607	0.863	0.75	0.812	1.255	1.248	1.292	0.583	0.592	0.612	1.072	0.853	1.03	1.295	1.291	1.281	0.213	0.224	0.228	0.385	0.391	0.415	1.358	1.368	1.363	1.36	1.361	1.383	0.707	0.701	0.718	0.621	0.598	0.496	0.299	0.299	0.294	0.305	0.304	0.366	1.354	1.211	1.271	0.503	0.524	0.533	0.681	0.635	0.63	1.315	1.285	1.368	0.558	0.554	0.522	0.584	0.509	0.523	1.398	1.408	1.431	0.491	0.516	0.48	0.438	0.43	0.434	1.363	1.362	1.355	0.537	0.613	0.522	0.507	0.55	0.463	1.377	1.353	1.338	0.645	0.605	0.881	0.24	0.255	0.218	1.324	1.374	1.361	1.345	1.285	1.285	0.411	0.418	0.808	1.151	0.369	0.372	0.387	1.232	0.362	1.342	1.309	1.324	0.65	0.622	0.696	0.617	0.615	0.587	1.387	1.248	1.367	1.301	1.293	1.287	1.353	1.349	1.304	1.29	1.202	1.275	1.299	1.29	1.312	1.258	1.264	1.248	1.341	1.389	1.337	1.267	1.292	1.203	1.267	1.271	1.27	1.313	1.361	1.322	1.352	1.357	1.345	1.29	1.27	1.281	1.307	1.206	1.135	1.27	1.211	1.313	1.287	1.275	1.307	1.417	1.245	1.2	1.361	1.265	1.312	0.893	0.821	0.929	1.268	1.343	1.335	0.893	0.885	0.894	1.216	1.17	1.388	1.31	1.311	1.316	1.329	1.328	1.179	1.279	1.256	1.216	1.349	1.187	1.186	1.302	1.307	1.314	1.336	1.273	1.182	1.158	1.216	1.339	1.367	1.262	1.288	1.282	1.251	1.325	1.344	1.35	1.304	1.311	1.233	1.251	1.301	1.218	1.438	1.417	1.245	1.2	0.604	0.592	0.589	0.591	0.588	0.578	1.417	1.245	1.2	1.402	1.81	1.722
17.83	1.299	1.319	1.332	1.266	1.225	1.224	1.227	1.282	1.277	0.211	0.227	0.235	0.871	0.88	0.895	0.994	0.857	0.937	0.47	0.708	0.797	0.902	0.893	0.905	1.008	0.982	0.928	1.266	1.225	1.224	1.371	1.392	1.38	0.237	0.234	0.23	0.323	0.326	0.279	0.475	0.495	0.471	0.3	0.31	0.273	1.266	1.225	1.224	1.233	1.266	1.336	0.499	0.818	0.804	0.395	0.355	0.336	0.326	0.794	0.844	0.325	0.282	0.276	1.374	1.232	1.331	1.219	1.197	1.299	1.203	1.266	1.186	0.855	0.857	0.841	0.425	0.505	0.535	0.833	0.824	0.855	0.841	0.85	0.835	0.432	0.436	0.475	0.863	0.83	0.835	1.348	1.402	1.25	1.266	1.225	1.224	0.232	0.149	0.189	0.241	0.257	0.216	0.288	0.225	0.112	0.277	0.27	0.266	1.339	1.29	1.304	1.426	1.367	1.348	0.353	0.29	0.318	0.296	0.316	0.318	0.233	0.227	0.211	0.228	0.248	0.262	1.266	1.225	1.224	1.266	1.225	1.224	0.794	0.663	0.665	0.607	0.541	0.531	1.169	0.773	0.771	0.535	0.519	0.617	1.377	1.396	1.445	0.652	0.626	0.696	1.266	1.225	1.224	1.474	1.45	1.46	1.395	1.459	1.389	0.949	1.244	1.296	0.835	1.386	1.318	1.348	1.31	1.402	0.295	0.303	0.303	0.295	0.303	0.303	1.386	1.337	1.243	0.261	0.328	0.378	0.668	0.651	0.646	1.341	1.389	1.334	0.258	0.257	0.245	0.344	0.325	0.31	1.374	1.393	1.427	0.343	0.29	0.326	0.386	0.373	0.363	1.289	1.27	1.242	0.274	0.272	1.18	0.274	0.285	1.228	1.341	1.389	1.334	0.755	0.722	0.72	0.584	0.563	0.573	1.199	1.159	1.388	1.164	1.253	1.038	1.152	1.119	1.107	1.321	1.256	1.334	0.606	0.581	0.591	0.49	0.55	0.501	1.367	1.364	1.295	0.518	0.588	0.595	1.098	1.147	1.149	0.414	0.444	0.502	1.089	1.331	1.314	0.351	0.337	0.318	1.367	1.364	1.295	0.326	0.284	0.276	0.379	0.376	0.306	1.367	1.364	1.295	1.387	1.403	1.443	0.639	0.65	0.662	1.367	1.364	1.295	1.37	1.364	1.317	1.361	1.446	1.51	0.38	0.319	0.316	0.361	0.367	0.359	1.3	1.282	1.282	0.702	0.765	0.827	0.763	0.81	0.788	1.278	1.217	1.254	0.406	0.39	0.388	0.891	0.906	0.885	1.23	1.218	1.222	1.195	1.18	1.187	0.275	0.28	0.283	0.567	0.559	0.579	0.512	0.341	0.393	0.573	0.708	0.744	1.288	1.255	1.253	0.612	0.605	0.602	0.856	0.734	0.802	1.251	1.251	1.292	0.579	0.587	0.608	1.065	0.844	1.026	1.288	1.292	1.279	0.213	0.225	0.229	0.378	0.383	0.407	1.361	1.362	1.362	1.364	1.359	1.385	0.731	0.712	0.726	0.654	0.607	0.523	0.3	0.299	0.296	0.306	0.305	0.369	1.362	1.217	1.278	0.505	0.526	0.537	0.692	0.642	0.633	1.317	1.291	1.376	0.565	0.566	0.518	0.604	0.52	0.536	1.404	1.416	1.427	0.504	0.527	0.487	0.455	0.45	0.449	1.359	1.362	1.353	0.558	0.617	0.52	0.498	0.565	0.45	1.384	1.36	1.34	0.625	0.585	0.867	0.241	0.257	0.216	1.321	1.371	1.359	1.346	1.288	1.29	0.407	0.417	0.768	1.14	0.367	0.371	0.384	1.228	0.36	1.343	1.306	1.326	0.652	0.626	0.696	0.607	0.613	0.597	1.383	1.246	1.368	1.302	1.295	1.29	1.353	1.349	1.312	1.291	1.201	1.276	1.299	1.288	1.309	1.256	1.264	1.248	1.341	1.389	1.334	1.265	1.292	1.202	1.269	1.271	1.27	1.31	1.363	1.323	1.359	1.358	1.343	1.288	1.272	1.284	1.302	1.209	1.131	1.272	1.211	1.313	1.29	1.276	1.306	1.43	1.264	1.206	1.363	1.274	1.304	0.898	0.824	0.932	1.27	1.345	1.339	0.902	0.893	0.905	1.223	1.179	1.392	1.314	1.315	1.321	1.328	1.328	1.181	1.277	1.261	1.225	1.357	1.185	1.179	1.304	1.307	1.316	1.345	1.275	1.183	1.16	1.217	1.345	1.364	1.257	1.286	1.281	1.259	1.341	1.347	1.347	1.305	1.314	1.234	1.25	1.305	1.212	1.443	1.43	1.264	1.206	0.604	0.591	0.588	0.593	0.589	0.58	1.43	1.264	1.206	1.418	1.768	1.699
18.0	1.295	1.319	1.334	1.265	1.23	1.228	1.225	1.282	1.275	0.211	0.224	0.233	0.875	0.888	0.906	1.001	0.862	0.946	0.44	0.678	0.769	0.913	0.899	0.91	1.012	0.99	0.932	1.265	1.23	1.228	1.374	1.393	1.381	0.239	0.237	0.232	0.336	0.343	0.288	0.468	0.487	0.467	0.307	0.317	0.282	1.265	1.23	1.228	1.232	1.266	1.335	0.52	0.828	0.818	0.379	0.448	0.352	0.34	0.805	0.847	0.374	0.29	0.284	1.375	1.223	1.322	1.224	1.19	1.296	1.206	1.268	1.188	0.866	0.861	0.847	0.447	0.527	0.574	0.839	0.84	0.864	0.856	0.856	0.839	0.457	0.45	0.497	0.874	0.831	0.841	1.347	1.407	1.252	1.265	1.23	1.228	0.246	0.157	0.201	0.242	0.259	0.216	0.306	0.24	0.113	0.29	0.276	0.268	1.339	1.291	1.3	1.428	1.368	1.346	0.367	0.299	0.33	0.307	0.327	0.329	0.241	0.229	0.214	0.23	0.252	0.267	1.265	1.23	1.228	1.265	1.23	1.228	0.807	0.672	0.675	0.601	0.537	0.529	1.177	0.781	0.78	0.527	0.512	0.61	1.378	1.394	1.446	0.656	0.631	0.696	1.265	1.23	1.228	1.466	1.435	1.46	1.389	1.455	1.382	0.939	1.241	1.292	0.823	1.376	1.318	1.345	1.313	1.405	0.297	0.303	0.3	0.297	0.303	0.3	1.385	1.337	1.241	0.261	0.32	0.369	0.681	0.656	0.66	1.341	1.386	1.333	0.26	0.256	0.245	0.343	0.325	0.303	1.373	1.392	1.428	0.341	0.289	0.325	0.393	0.369	0.362	1.288	1.27	1.246	0.278	0.278	1.182	0.275	0.284	1.225	1.341	1.386	1.333	0.766	0.734	0.737	0.583	0.564	0.575	1.204	1.155	1.385	1.165	1.255	1.038	1.151	1.117	1.098	1.32	1.261	1.334	0.63	0.6	0.61	0.505	0.558	0.514	1.365	1.363	1.297	0.533	0.615	0.607	1.101	1.15	1.152	0.426	0.455	0.514	1.09	1.333	1.312	0.366	0.354	0.335	1.365	1.363	1.297	0.454	0.295	0.286	0.377	0.372	0.302	1.365	1.363	1.297	1.384	1.402	1.437	0.646	0.65	0.661	1.365	1.363	1.297	1.375	1.374	1.326	1.345	1.446	1.514	0.386	0.318	0.324	0.366	0.374	0.361	1.301	1.284	1.286	0.681	0.743	0.828	0.753	0.803	0.786	1.283	1.221	1.256	0.401	0.387	0.386	0.893	0.91	0.887	1.233	1.219	1.224	1.192	1.184	1.19	0.276	0.28	0.283	0.564	0.556	0.576	0.481	0.338	0.379	0.566	0.691	0.732	1.293	1.26	1.254	0.605	0.602	0.599	0.848	0.718	0.792	1.248	1.252	1.289	0.576	0.584	0.604	1.059	0.831	1.024	1.286	1.293	1.279	0.214	0.226	0.229	0.372	0.377	0.399	1.366	1.364	1.359	1.363	1.351	1.389	0.747	0.725	0.738	0.671	0.638	0.548	0.302	0.301	0.299	0.307	0.308	0.371	1.381	1.22	1.286	0.508	0.528	0.541	0.701	0.648	0.634	1.322	1.289	1.387	0.568	0.58	0.535	0.615	0.532	0.556	1.409	1.42	1.429	0.519	0.543	0.526	0.45	0.463	0.476	1.358	1.351	1.353	0.572	0.625	0.546	0.517	0.576	0.483	1.39	1.366	1.347	0.594	0.572	0.852	0.242	0.259	0.216	1.317	1.368	1.359	1.349	1.29	1.301	0.403	0.416	0.727	1.126	0.364	0.368	0.381	1.224	0.356	1.347	1.302	1.329	0.656	0.631	0.696	0.599	0.611	0.614	1.38	1.246	1.369	1.306	1.297	1.293	1.35	1.348	1.319	1.293	1.2	1.276	1.302	1.292	1.317	1.254	1.264	1.246	1.341	1.386	1.333	1.267	1.292	1.203	1.271	1.273	1.27	1.314	1.365	1.324	1.365	1.36	1.343	1.294	1.275	1.279	1.304	1.212	1.129	1.271	1.214	1.315	1.289	1.275	1.302	1.438	1.255	1.212	1.365	1.282	1.304	0.901	0.825	0.936	1.275	1.347	1.34	0.913	0.899	0.91	1.23	1.181	1.388	1.319	1.327	1.323	1.323	1.329	1.177	1.275	1.263	1.231	1.359	1.187	1.178	1.303	1.308	1.316	1.352	1.278	1.18	1.165	1.223	1.346	1.371	1.252	1.282	1.276	1.259	1.356	1.351	1.344	1.305	1.316	1.236	1.244	1.311	1.209	1.45	1.438	1.255	1.212	0.603	0.591	0.588	0.594	0.591	0.582	1.438	1.255	1.212	1.434	1.724	1.659
18.17	1.293	1.319	1.335	1.267	1.23	1.23	1.22	1.279	1.27	0.21	0.223	0.232	0.885	0.898	0.913	1.007	0.866	0.953	0.412	0.648	0.739	0.919	0.908	0.92	1.02	1.0	0.94	1.267	1.23	1.23	1.373	1.392	1.379	0.242	0.239	0.234	0.35	0.362	0.297	0.463	0.48	0.462	0.314	0.324	0.291	1.267	1.23	1.23	1.23	1.264	1.334	0.542	0.838	0.827	0.407	0.443	0.364	0.359	0.813	0.855	0.365	0.303	0.292	1.372	1.218	1.312	1.229	1.184	1.297	1.204	1.269	1.19	0.877	0.865	0.855	0.473	0.535	0.602	0.85	0.855	0.868	0.86	0.863	0.853	0.476	0.464	0.51	0.878	0.842	0.847	1.344	1.406	1.251	1.267	1.23	1.23	0.263	0.163	0.214	0.244	0.261	0.216	0.325	0.256	0.113	0.318	0.281	0.266	1.332	1.296	1.299	1.429	1.367	1.348	0.382	0.31	0.341	0.322	0.338	0.341	0.248	0.232	0.218	0.233	0.258	0.274	1.267	1.23	1.23	1.267	1.23	1.23	0.819	0.681	0.684	0.595	0.535	0.525	1.186	0.789	0.788	0.52	0.505	0.604	1.38	1.392	1.447	0.66	0.636	0.697	1.267	1.23	1.23	1.445	1.425	1.453	1.391	1.454	1.384	0.93	1.238	1.288	0.81	1.367	1.315	1.339	1.312	1.403	0.3	0.305	0.298	0.3	0.305	0.298	1.383	1.335	1.239	0.261	0.312	0.365	0.692	0.661	0.678	1.34	1.386	1.331	0.26	0.256	0.245	0.342	0.326	0.298	1.369	1.391	1.427	0.339	0.288	0.323	0.402	0.365	0.359	1.29	1.27	1.244	0.283	0.282	1.18	0.276	0.284	1.224	1.34	1.386	1.331	0.777	0.744	0.751	0.583	0.566	0.576	1.207	1.15	1.387	1.167	1.257	1.036	1.149	1.115	1.09	1.316	1.266	1.336	0.645	0.604	0.62	0.518	0.573	0.529	1.364	1.362	1.302	0.55	0.626	0.621	1.105	1.151	1.155	0.442	0.467	0.535	1.09	1.336	1.311	0.378	0.365	0.35	1.364	1.362	1.302	0.378	0.37	0.295	0.376	0.37	0.3	1.364	1.362	1.302	1.382	1.402	1.427	0.646	0.652	0.663	1.364	1.362	1.302	1.375	1.384	1.333	1.334	1.441	1.512	0.393	0.315	0.332	0.372	0.38	0.363	1.304	1.287	1.285	0.66	0.72	0.827	0.739	0.79	0.779	1.291	1.224	1.261	0.398	0.385	0.384	0.895	0.913	0.889	1.238	1.222	1.228	1.193	1.183	1.198	0.278	0.281	0.282	0.561	0.553	0.574	0.457	0.335	0.37	0.56	0.675	0.719	1.298	1.264	1.254	0.598	0.6	0.595	0.84	0.701	0.779	1.25	1.257	1.289	0.573	0.58	0.6	1.051	0.819	1.024	1.286	1.293	1.28	0.215	0.228	0.23	0.368	0.373	0.393	1.364	1.362	1.361	1.361	1.344	1.391	0.75	0.78	0.75	0.683	0.653	0.568	0.304	0.304	0.303	0.308	0.31	0.37	1.397	1.229	1.289	0.51	0.53	0.546	0.71	0.655	0.634	1.323	1.29	1.392	0.587	0.595	0.547	0.626	0.545	0.566	1.415	1.423	1.431	0.532	0.557	0.546	0.462	0.48	0.492	1.355	1.347	1.353	0.583	0.635	0.546	0.526	0.588	0.477	1.396	1.372	1.352	0.574	0.554	0.837	0.244	0.261	0.216	1.314	1.366	1.357	1.349	1.294	1.307	0.4	0.415	0.687	1.11	0.361	0.366	0.378	1.218	0.351	1.351	1.296	1.33	0.66	0.636	0.697	0.595	0.612	0.626	1.376	1.246	1.367	1.307	1.303	1.297	1.347	1.346	1.324	1.293	1.199	1.276	1.302	1.296	1.324	1.251	1.267	1.248	1.34	1.386	1.331	1.265	1.291	1.203	1.268	1.275	1.27	1.315	1.367	1.328	1.374	1.362	1.344	1.293	1.274	1.278	1.303	1.215	1.128	1.271	1.215	1.317	1.289	1.28	1.301	1.448	1.249	1.219	1.368	1.289	1.306	0.905	0.824	0.941	1.277	1.348	1.341	0.919	0.908	0.92	1.236	1.182	1.373	1.323	1.341	1.331	1.321	1.329	1.177	1.275	1.265	1.234	1.361	1.19	1.179	1.301	1.312	1.315	1.354	1.28	1.173	1.167	1.226	1.342	1.378	1.252	1.282	1.278	1.262	1.371	1.355	1.345	1.31	1.317	1.236	1.237	1.319	1.212	1.455	1.448	1.249	1.219	0.602	0.591	0.588	0.595	0.593	0.584	1.448	1.249	1.219	1.449	1.683	1.62
18.33	1.29	1.322	1.339	1.268	1.231	1.231	1.216	1.279	1.27	0.21	0.222	0.23	0.892	0.907	0.922	1.015	0.869	0.961	0.388	0.619	0.707	0.928	0.917	0.927	1.026	1.004	0.951	1.268	1.231	1.231	1.369	1.389	1.379	0.245	0.242	0.237	0.366	0.386	0.307	0.457	0.473	0.453	0.32	0.332	0.3	1.268	1.231	1.231	1.23	1.259	1.327	0.554	0.845	0.83	0.493	0.474	0.377	0.388	0.824	0.863	0.415	0.322	0.302	1.367	1.211	1.301	1.232	1.181	1.297	1.201	1.269	1.191	0.882	0.876	0.866	0.493	0.546	0.62	0.858	0.873	0.879	0.87	0.872	0.858	0.489	0.474	0.527	0.884	0.851	0.858	1.342	1.403	1.252	1.268	1.231	1.231	0.28	0.169	0.228	0.246	0.264	0.217	0.345	0.272	0.114	0.323	0.291	0.269	1.327	1.301	1.297	1.429	1.366	1.347	0.397	0.32	0.353	0.35	0.349	0.352	0.256	0.234	0.223	0.236	0.263	0.28	1.268	1.231	1.231	1.268	1.231	1.231	0.835	0.692	0.693	0.59	0.533	0.523	1.192	0.797	0.795	0.514	0.499	0.597	1.382	1.386	1.447	0.667	0.642	0.698	1.268	1.231	1.231	1.417	1.42	1.435	1.385	1.451	1.387	0.921	1.232	1.285	0.799	1.36	1.316	1.334	1.313	1.4	0.3	0.308	0.296	0.3	0.308	0.296	1.379	1.331	1.236	0.261	0.305	0.358	0.709	0.667	0.693	1.34	1.385	1.331	0.258	0.256	0.244	0.341	0.325	0.294	1.368	1.393	1.426	0.338	0.287	0.322	0.411	0.363	0.358	1.29	1.272	1.243	0.288	0.288	1.18	0.276	0.282	1.226	1.34	1.385	1.331	0.787	0.754	0.768	0.582	0.567	0.577	1.21	1.145	1.397	1.169	1.26	1.036	1.149	1.112	1.084	1.316	1.269	1.339	0.658	0.617	0.635	0.53	0.591	0.545	1.361	1.362	1.301	0.564	0.641	0.635	1.107	1.156	1.155	0.452	0.478	0.552	1.091	1.341	1.31	0.374	0.375	0.361	1.361	1.362	1.301	0.435	0.353	0.305	0.376	0.367	0.299	1.361	1.362	1.301	1.382	1.401	1.417	0.642	0.653	0.663	1.361	1.362	1.301	1.373	1.389	1.338	1.327	1.429	1.512	0.401	0.314	0.342	0.378	0.387	0.367	1.305	1.288	1.287	0.638	0.695	0.828	0.724	0.775	0.775	1.296	1.226	1.263	0.394	0.385	0.382	0.895	0.917	0.892	1.241	1.224	1.229	1.197	1.183	1.204	0.279	0.281	0.283	0.559	0.55	0.571	0.439	0.333	0.362	0.555	0.659	0.705	1.302	1.261	1.254	0.59	0.598	0.592	0.829	0.684	0.764	1.252	1.263	1.289	0.569	0.577	0.597	1.037	0.803	1.024	1.288	1.29	1.281	0.216	0.229	0.232	0.363	0.37	0.386	1.356	1.358	1.363	1.359	1.341	1.388	0.766	0.749	0.764	0.723	0.668	0.584	0.306	0.306	0.308	0.311	0.311	0.37	1.412	1.234	1.294	0.512	0.532	0.55	0.72	0.662	0.634	1.324	1.293	1.4	0.596	0.607	0.561	0.637	0.555	0.578	1.423	1.424	1.437	0.546	0.57	0.566	0.471	0.491	0.508	1.351	1.344	1.353	0.59	0.644	0.562	0.539	0.6	0.49	1.403	1.381	1.361	0.556	0.535	0.824	0.246	0.264	0.217	1.312	1.365	1.354	1.347	1.296	1.309	0.397	0.413	0.647	1.092	0.359	0.365	0.375	1.212	0.349	1.354	1.292	1.33	0.667	0.642	0.698	0.595	0.614	0.629	1.372	1.244	1.373	1.308	1.309	1.303	1.346	1.348	1.326	1.296	1.201	1.276	1.298	1.298	1.331	1.25	1.266	1.247	1.34	1.385	1.331	1.266	1.291	1.203	1.27	1.277	1.268	1.313	1.368	1.326	1.379	1.364	1.345	1.294	1.275	1.277	1.301	1.22	1.128	1.271	1.218	1.315	1.288	1.279	1.301	1.451	1.248	1.226	1.37	1.294	1.313	0.908	0.825	0.947	1.282	1.348	1.347	0.928	0.917	0.927	1.241	1.187	1.362	1.329	1.35	1.337	1.319	1.329	1.178	1.275	1.267	1.236	1.366	1.192	1.18	1.295	1.311	1.317	1.356	1.283	1.176	1.173	1.23	1.332	1.382	1.252	1.285	1.288	1.268	1.384	1.359	1.349	1.313	1.32	1.234	1.231	1.323	1.215	1.459	1.451	1.248	1.226	0.602	0.591	0.588	0.596	0.594	0.586	1.451	1.248	1.226	1.46	1.636	1.587
18.5	1.286	1.323	1.341	1.262	1.233	1.233	1.212	1.277	1.269	0.211	0.22	0.229	0.902	0.914	0.93	1.02	0.873	0.968	0.366	0.59	0.675	0.935	0.925	0.931	1.03	1.008	0.959	1.262	1.233	1.233	1.366	1.387	1.379	0.248	0.245	0.24	0.385	0.422	0.318	0.452	0.467	0.444	0.329	0.341	0.313	1.262	1.233	1.233	1.232	1.256	1.325	0.561	0.855	0.838	0.53	0.482	0.387	0.42	0.826	0.865	0.39	0.363	0.317	1.361	1.201	1.295	1.231	1.174	1.295	1.196	1.271	1.192	0.892	0.886	0.872	0.522	0.55	0.63	0.861	0.877	0.886	0.882	0.884	0.866	0.502	0.486	0.537	0.889	0.857	0.866	1.339	1.406	1.252	1.262	1.233	1.233	0.301	0.174	0.245	0.249	0.267	0.219	0.367	0.288	0.114	0.343	0.311	0.28	1.322	1.302	1.298	1.425	1.37	1.345	0.412	0.333	0.367	0.431	0.361	0.364	0.264	0.237	0.227	0.239	0.269	0.287	1.262	1.233	1.233	1.262	1.233	1.233	0.856	0.703	0.7	0.585	0.531	0.519	1.196	0.805	0.802	0.508	0.493	0.591	1.385	1.384	1.447	0.672	0.646	0.701	1.262	1.233	1.233	1.402	1.42	1.427	1.379	1.45	1.393	0.912	1.225	1.282	0.786	1.351	1.312	1.329	1.312	1.4	0.303	0.31	0.296	0.303	0.31	0.296	1.378	1.329	1.236	0.26	0.3	0.353	0.724	0.675	0.689	1.336	1.382	1.33	0.258	0.256	0.245	0.339	0.326	0.289	1.368	1.396	1.424	0.337	0.286	0.319	0.429	0.359	0.359	1.292	1.275	1.242	0.292	0.292	1.178	0.277	0.281	1.228	1.336	1.382	1.33	0.798	0.767	0.78	0.582	0.568	0.579	1.215	1.141	1.402	1.171	1.264	1.035	1.148	1.11	1.08	1.318	1.272	1.34	0.668	0.621	0.647	0.541	0.599	0.565	1.359	1.361	1.304	0.58	0.655	0.648	1.108	1.163	1.158	0.465	0.489	0.571	1.093	1.347	1.31	0.38	0.382	0.372	1.359	1.361	1.304	0.4	0.353	0.316	0.376	0.366	0.297	1.359	1.361	1.304	1.38	1.395	1.406	0.639	0.653	0.663	1.359	1.361	1.304	1.369	1.389	1.342	1.329	1.417	1.506	0.41	0.313	0.351	0.383	0.394	0.371	1.307	1.288	1.289	0.618	0.669	0.823	0.703	0.754	0.773	1.298	1.231	1.263	0.391	0.383	0.378	0.896	0.919	0.894	1.242	1.226	1.228	1.202	1.184	1.21	0.281	0.283	0.285	0.556	0.548	0.569	0.418	0.33	0.357	0.552	0.643	0.69	1.306	1.26	1.257	0.583	0.596	0.588	0.816	0.668	0.749	1.252	1.267	1.289	0.566	0.573	0.593	1.023	0.79	1.026	1.29	1.288	1.281	0.218	0.231	0.234	0.359	0.366	0.381	1.353	1.354	1.362	1.353	1.339	1.387	0.78	0.767	0.808	0.723	0.681	0.602	0.308	0.31	0.314	0.313	0.316	0.372	1.427	1.24	1.296	0.515	0.534	0.555	0.73	0.669	0.634	1.325	1.294	1.405	0.607	0.622	0.575	0.645	0.558	0.591	1.432	1.425	1.443	0.559	0.584	0.581	0.48	0.503	0.518	1.351	1.34	1.353	0.596	0.653	0.568	0.552	0.613	0.499	1.409	1.394	1.37	0.539	0.517	0.81	0.249	0.267	0.219	1.314	1.365	1.353	1.345	1.296	1.315	0.393	0.413	0.609	1.072	0.357	0.364	0.371	1.204	0.348	1.357	1.29	1.33	0.672	0.646	0.701	0.603	0.616	0.627	1.369	1.244	1.377	1.307	1.314	1.306	1.345	1.346	1.331	1.3	1.202	1.276	1.299	1.303	1.339	1.246	1.268	1.243	1.336	1.382	1.33	1.266	1.295	1.202	1.269	1.28	1.266	1.314	1.372	1.329	1.385	1.367	1.349	1.295	1.277	1.277	1.299	1.223	1.129	1.272	1.22	1.316	1.286	1.277	1.299	1.452	1.246	1.221	1.372	1.297	1.319	0.912	0.828	0.953	1.29	1.346	1.357	0.935	0.925	0.931	1.248	1.196	1.352	1.337	1.356	1.34	1.315	1.329	1.179	1.275	1.273	1.244	1.374	1.194	1.184	1.294	1.305	1.318	1.355	1.284	1.181	1.178	1.233	1.32	1.385	1.255	1.288	1.295	1.27	1.391	1.36	1.351	1.314	1.322	1.234	1.23	1.326	1.218	1.461	1.452	1.246	1.221	0.601	0.591	0.588	0.597	0.596	0.588	1.452	1.246	1.221	1.466	1.593	1.552
18.67	1.282	1.324	1.341	1.258	1.233	1.231	1.208	1.275	1.266	0.212	0.22	0.229	0.914	0.917	0.938	1.024	0.876	0.976	0.349	0.561	0.645	0.945	0.928	0.937	1.032	1.014	0.962	1.258	1.233	1.231	1.362	1.384	1.373	0.251	0.247	0.242	0.409	0.47	0.329	0.444	0.461	0.435	0.337	0.35	0.328	1.258	1.233	1.231	1.233	1.255	1.318	0.57	0.864	0.845	0.455	0.502	0.401	0.429	0.835	0.871	0.415	0.439	0.371	1.358	1.196	1.286	1.23	1.173	1.295	1.191	1.274	1.192	0.899	0.895	0.878	0.555	0.561	0.631	0.872	0.882	0.895	0.891	0.894	0.878	0.523	0.502	0.554	0.899	0.865	0.878	1.338	1.408	1.254	1.258	1.233	1.231	0.321	0.181	0.264	0.252	0.27	0.221	0.392	0.305	0.115	0.342	0.319	0.282	1.318	1.3	1.298	1.421	1.375	1.343	0.43	0.348	0.385	0.451	0.373	0.375	0.272	0.24	0.232	0.243	0.276	0.295	1.258	1.233	1.231	1.258	1.233	1.231	0.881	0.713	0.708	0.581	0.528	0.518	1.201	0.815	0.81	0.502	0.487	0.584	1.385	1.383	1.448	0.679	0.651	0.702	1.258	1.233	1.231	1.399	1.427	1.433	1.373	1.45	1.398	0.908	1.216	1.28	0.774	1.345	1.311	1.329	1.313	1.404	0.308	0.312	0.297	0.308	0.312	0.297	1.378	1.328	1.236	0.26	0.296	0.344	0.739	0.684	0.651	1.33	1.382	1.331	0.257	0.256	0.244	0.334	0.325	0.283	1.363	1.397	1.422	0.335	0.286	0.317	0.492	0.358	0.364	1.29	1.275	1.242	0.297	0.297	1.176	0.278	0.281	1.23	1.33	1.382	1.331	0.809	0.777	0.789	0.583	0.569	0.58	1.222	1.138	1.404	1.176	1.271	1.033	1.15	1.107	1.076	1.315	1.272	1.341	0.669	0.624	0.658	0.551	0.605	0.571	1.357	1.363	1.304	0.595	0.681	0.663	1.111	1.165	1.159	0.481	0.499	0.599	1.094	1.354	1.311	0.367	0.386	0.384	1.357	1.363	1.304	0.419	0.354	0.327	0.375	0.366	0.296	1.357	1.363	1.304	1.38	1.388	1.397	0.638	0.654	0.665	1.357	1.363	1.304	1.371	1.389	1.352	1.323	1.409	1.499	0.42	0.312	0.361	0.389	0.401	0.376	1.31	1.289	1.29	0.598	0.645	0.819	0.683	0.734	0.774	1.304	1.234	1.255	0.389	0.379	0.373	0.898	0.922	0.896	1.242	1.228	1.228	1.205	1.186	1.216	0.285	0.286	0.289	0.553	0.546	0.567	0.393	0.328	0.353	0.549	0.629	0.676	1.314	1.27	1.262	0.577	0.593	0.585	0.803	0.653	0.734	1.258	1.269	1.291	0.564	0.57	0.59	1.009	0.775	1.027	1.285	1.288	1.28	0.219	0.233	0.235	0.355	0.362	0.376	1.349	1.351	1.362	1.352	1.338	1.387	0.79	0.795	0.826	0.717	0.687	0.621	0.31	0.312	0.318	0.315	0.316	0.375	1.436	1.248	1.301	0.517	0.537	0.56	0.738	0.676	0.635	1.326	1.29	1.41	0.613	0.634	0.591	0.656	0.566	0.606	1.439	1.428	1.449	0.572	0.593	0.594	0.489	0.517	0.528	1.349	1.336	1.353	0.602	0.664	0.583	0.557	0.624	0.509	1.414	1.403	1.385	0.523	0.501	0.797	0.252	0.27	0.221	1.316	1.365	1.35	1.347	1.295	1.321	0.391	0.412	0.578	1.05	0.356	0.364	0.367	1.194	0.346	1.359	1.286	1.329	0.679	0.651	0.702	0.618	0.617	0.625	1.367	1.238	1.381	1.309	1.32	1.309	1.344	1.346	1.332	1.304	1.203	1.277	1.295	1.305	1.347	1.247	1.271	1.24	1.33	1.382	1.331	1.266	1.301	1.206	1.268	1.283	1.268	1.314	1.374	1.328	1.391	1.372	1.354	1.297	1.278	1.278	1.299	1.223	1.13	1.272	1.226	1.316	1.282	1.277	1.299	1.454	1.248	1.21	1.376	1.3	1.323	0.919	0.832	0.96	1.302	1.343	1.366	0.945	0.928	0.937	1.256	1.205	1.349	1.343	1.362	1.345	1.313	1.327	1.179	1.275	1.275	1.25	1.38	1.198	1.19	1.292	1.3	1.32	1.357	1.291	1.18	1.185	1.235	1.312	1.391	1.262	1.285	1.3	1.27	1.396	1.365	1.354	1.315	1.324	1.233	1.236	1.331	1.22	1.467	1.454	1.248	1.21	0.601	0.592	0.588	0.598	0.598	0.59	1.454	1.248	1.21	1.472	1.561	1.524
18.83	1.279	1.324	1.341	1.257	1.234	1.231	1.205	1.273	1.263	0.214	0.22	0.229	0.918	0.922	0.949	1.034	0.881	0.987	0.337	0.534	0.615	0.952	0.933	0.941	1.038	1.019	0.97	1.257	1.234	1.231	1.36	1.38	1.373	0.254	0.25	0.244	0.439	0.5	0.344	0.438	0.455	0.426	0.348	0.36	0.346	1.257	1.234	1.231	1.235	1.258	1.312	0.576	0.87	0.853	0.547	0.511	0.415	0.471	0.84	0.882	0.444	0.407	0.349	1.356	1.192	1.28	1.224	1.171	1.296	1.186	1.279	1.193	0.906	0.903	0.886	0.58	0.574	0.631	0.879	0.887	0.905	0.898	0.903	0.878	0.545	0.52	0.573	0.902	0.876	0.885	1.333	1.411	1.25	1.257	1.234	1.231	0.336	0.189	0.279	0.256	0.275	0.223	0.419	0.324	0.115	0.367	0.32	0.288	1.315	1.298	1.298	1.414	1.376	1.344	0.45	0.378	0.413	0.474	0.386	0.385	0.281	0.245	0.237	0.247	0.283	0.302	1.257	1.234	1.231	1.257	1.234	1.231	0.909	0.725	0.715	0.577	0.527	0.516	1.21	0.826	0.818	0.497	0.482	0.578	1.385	1.38	1.449	0.685	0.654	0.705	1.257	1.234	1.231	1.401	1.426	1.448	1.369	1.447	1.398	0.9	1.206	1.276	0.763	1.336	1.309	1.326	1.309	1.403	0.311	0.312	0.298	0.311	0.312	0.298	1.376	1.332	1.235	0.26	0.29	0.336	0.759	0.697	0.615	1.328	1.386	1.334	0.257	0.256	0.244	0.335	0.324	0.279	1.36	1.398	1.421	0.334	0.285	0.315	0.573	0.356	0.368	1.295	1.28	1.243	0.301	0.302	1.177	0.279	0.28	1.227	1.328	1.386	1.334	0.818	0.788	0.797	0.584	0.57	0.581	1.228	1.132	1.399	1.177	1.278	1.033	1.147	1.103	1.07	1.316	1.273	1.341	0.679	0.627	0.667	0.561	0.625	0.589	1.354	1.36	1.304	0.607	0.696	0.678	1.112	1.171	1.161	0.493	0.51	0.61	1.095	1.358	1.31	0.363	0.393	0.406	1.354	1.36	1.304	0.418	0.37	0.34	0.376	0.366	0.294	1.354	1.36	1.304	1.379	1.38	1.386	0.638	0.655	0.665	1.354	1.36	1.304	1.373	1.392	1.359	1.32	1.404	1.498	0.43	0.313	0.373	0.395	0.409	0.381	1.312	1.291	1.295	0.581	0.622	0.816	0.666	0.713	0.774	1.306	1.237	1.258	0.386	0.376	0.368	0.899	0.925	0.898	1.243	1.229	1.228	1.206	1.186	1.219	0.287	0.289	0.29	0.551	0.543	0.565	0.357	0.326	0.349	0.547	0.615	0.662	1.31	1.273	1.266	0.57	0.591	0.582	0.788	0.638	0.719	1.263	1.268	1.294	0.561	0.567	0.587	0.996	0.757	1.027	1.282	1.288	1.278	0.221	0.235	0.236	0.352	0.359	0.372	1.346	1.349	1.361	1.345	1.337	1.382	0.794	0.795	0.831	0.723	0.7	0.638	0.31	0.315	0.323	0.318	0.318	0.378	1.449	1.257	1.305	0.52	0.54	0.564	0.743	0.684	0.636	1.326	1.293	1.413	0.614	0.646	0.602	0.664	0.576	0.618	1.448	1.43	1.457	0.582	0.607	0.599	0.5	0.526	0.54	1.35	1.337	1.352	0.615	0.674	0.595	0.563	0.632	0.522	1.416	1.403	1.391	0.508	0.488	0.781	0.256	0.275	0.223	1.315	1.363	1.35	1.346	1.297	1.327	0.389	0.413	0.553	1.022	0.355	0.363	0.363	1.182	0.345	1.36	1.28	1.329	0.685	0.654	0.705	0.633	0.616	0.621	1.368	1.238	1.386	1.311	1.325	1.313	1.344	1.346	1.339	1.307	1.207	1.275	1.299	1.305	1.362	1.246	1.273	1.239	1.328	1.386	1.334	1.266	1.303	1.204	1.265	1.284	1.269	1.316	1.376	1.331	1.397	1.378	1.36	1.299	1.278	1.279	1.296	1.228	1.13	1.272	1.228	1.318	1.288	1.278	1.298	1.455	1.255	1.214	1.379	1.306	1.329	0.929	0.836	0.968	1.311	1.342	1.372	0.952	0.933	0.941	1.266	1.216	1.35	1.35	1.366	1.348	1.311	1.325	1.179	1.272	1.279	1.256	1.388	1.199	1.197	1.293	1.298	1.32	1.358	1.298	1.18	1.192	1.236	1.31	1.397	1.27	1.28	1.304	1.274	1.399	1.371	1.357	1.317	1.327	1.234	1.243	1.332	1.222	1.468	1.455	1.255	1.214	0.602	0.593	0.589	0.6	0.6	0.593	1.455	1.255	1.214	1.47	1.528	1.496
19.0	1.276	1.319	1.341	1.252	1.236	1.227	1.201	1.268	1.257	0.216	0.22	0.229	0.928	0.928	0.957	1.036	0.884	0.993	0.329	0.507	0.587	0.956	0.94	0.944	1.042	1.023	0.976	1.252	1.236	1.227	1.355	1.376	1.37	0.259	0.254	0.247	0.469	0.513	0.357	0.433	0.449	0.42	0.36	0.37	0.369	1.252	1.236	1.227	1.239	1.264	1.306	0.578	0.876	0.861	0.506	0.526	0.436	0.455	0.848	0.889	0.417	0.479	0.418	1.355	1.186	1.276	1.226	1.17	1.301	1.178	1.282	1.192	0.915	0.916	0.896	0.605	0.581	0.635	0.888	0.894	0.916	0.908	0.913	0.885	0.572	0.542	0.594	0.906	0.885	0.901	1.33	1.413	1.248	1.252	1.236	1.227	0.357	0.198	0.299	0.261	0.28	0.225	0.445	0.344	0.116	0.373	0.332	0.292	1.306	1.297	1.292	1.407	1.379	1.347	0.469	0.463	0.445	0.513	0.398	0.396	0.289	0.249	0.242	0.252	0.289	0.311	1.252	1.236	1.227	1.252	1.236	1.227	0.947	0.735	0.72	0.573	0.524	0.514	1.221	0.838	0.825	0.492	0.478	0.572	1.38	1.377	1.449	0.692	0.659	0.708	1.252	1.236	1.227	1.406	1.423	1.459	1.363	1.445	1.396	0.893	1.195	1.273	0.752	1.326	1.309	1.325	1.302	1.401	0.314	0.315	0.299	0.314	0.315	0.299	1.372	1.33	1.232	0.26	0.286	0.335	0.785	0.68	0.593	1.321	1.387	1.334	0.257	0.257	0.244	0.332	0.322	0.275	1.358	1.399	1.421	0.333	0.285	0.314	0.414	0.356	0.369	1.295	1.28	1.24	0.306	0.307	1.175	0.28	0.28	1.228	1.321	1.387	1.334	0.829	0.785	0.804	0.586	0.572	0.582	1.237	1.127	1.396	1.182	1.285	1.035	1.146	1.099	1.066	1.318	1.275	1.343	0.691	0.631	0.678	0.571	0.627	0.604	1.354	1.358	1.303	0.623	0.716	0.693	1.114	1.179	1.163	0.502	0.517	0.619	1.096	1.362	1.31	0.371	0.399	0.405	1.354	1.358	1.303	0.425	0.387	0.351	0.378	0.368	0.294	1.354	1.358	1.303	1.373	1.373	1.374	0.64	0.658	0.665	1.354	1.358	1.303	1.373	1.395	1.365	1.315	1.398	1.491	0.441	0.315	0.385	0.402	0.417	0.386	1.311	1.294	1.294	0.564	0.601	0.811	0.649	0.701	0.776	1.312	1.237	1.266	0.385	0.374	0.364	0.9	0.927	0.9	1.244	1.235	1.228	1.21	1.188	1.224	0.291	0.292	0.29	0.549	0.541	0.563	0.343	0.324	0.345	0.546	0.604	0.649	1.31	1.276	1.272	0.564	0.588	0.579	0.77	0.623	0.704	1.266	1.265	1.297	0.558	0.564	0.584	0.991	0.737	1.029	1.282	1.292	1.279	0.223	0.238	0.238	0.349	0.356	0.368	1.343	1.351	1.362	1.34	1.34	1.382	0.79	0.793	0.838	0.75	0.698	0.658	0.308	0.319	0.33	0.322	0.322	0.38	1.457	1.266	1.307	0.523	0.542	0.568	0.75	0.692	0.638	1.326	1.293	1.414	0.618	0.656	0.613	0.669	0.586	0.625	1.453	1.432	1.462	0.595	0.62	0.611	0.512	0.538	0.555	1.351	1.335	1.35	0.627	0.683	0.606	0.57	0.643	0.534	1.414	1.401	1.395	0.496	0.476	0.766	0.261	0.28	0.225	1.316	1.356	1.349	1.346	1.299	1.331	0.385	0.412	0.529	0.987	0.354	0.362	0.361	1.168	0.343	1.362	1.279	1.33	0.692	0.659	0.708	0.643	0.61	0.614	1.365	1.236	1.386	1.316	1.33	1.319	1.347	1.349	1.344	1.306	1.209	1.276	1.303	1.302	1.373	1.245	1.274	1.24	1.321	1.387	1.334	1.266	1.304	1.207	1.265	1.285	1.27	1.316	1.378	1.331	1.402	1.383	1.368	1.3	1.281	1.277	1.296	1.236	1.132	1.271	1.231	1.319	1.293	1.275	1.3	1.458	1.255	1.222	1.384	1.31	1.326	0.939	0.84	0.978	1.323	1.342	1.376	0.956	0.94	0.944	1.275	1.231	1.351	1.359	1.372	1.35	1.309	1.325	1.179	1.274	1.284	1.258	1.396	1.208	1.204	1.29	1.295	1.315	1.36	1.303	1.18	1.196	1.234	1.313	1.403	1.28	1.275	1.312	1.277	1.405	1.376	1.362	1.321	1.332	1.234	1.25	1.335	1.224	1.468	1.458	1.255	1.222	0.602	0.594	0.59	0.601	0.602	0.595	1.458	1.255	1.222	1.464	1.493	1.482
19.17	1.274	1.315	1.345	1.253	1.237	1.226	1.196	1.264	1.257	0.219	0.22	0.23	0.938	0.936	0.965	1.041	0.888	0.997	0.325	0.48	0.561	0.961	0.947	0.948	1.046	1.028	0.98	1.253	1.237	1.226	1.349	1.375	1.361	0.263	0.257	0.25	0.495	0.531	0.374	0.426	0.444	0.415	0.372	0.383	0.396	1.253	1.237	1.226	1.242	1.268	1.299	0.583	0.885	0.87	0.559	0.537	0.446	0.478	0.853	0.897	0.453	0.437	0.376	1.352	1.184	1.272	1.235	1.169	1.304	1.167	1.285	1.191	0.925	0.924	0.904	0.633	0.588	0.62	0.897	0.903	0.923	0.916	0.925	0.898	0.606	0.57	0.605	0.915	0.891	0.911	1.329	1.414	1.245	1.253	1.237	1.226	0.378	0.207	0.321	0.266	0.284	0.227	0.472	0.364	0.116	0.37	0.351	0.297	1.309	1.298	1.292	1.405	1.377	1.349	0.485	0.481	0.475	0.532	0.414	0.406	0.299	0.254	0.248	0.258	0.297	0.32	1.253	1.237	1.226	1.253	1.237	1.226	0.998	0.745	0.727	0.569	0.521	0.512	1.233	0.85	0.833	0.488	0.474	0.566	1.374	1.374	1.449	0.699	0.664	0.71	1.253	1.237	1.226	1.42	1.571	1.475	1.354	1.444	1.392	0.886	1.183	1.269	0.741	1.321	1.308	1.325	1.299	1.399	0.317	0.319	0.301	0.317	0.319	0.301	1.373	1.331	1.231	0.259	0.283	0.332	0.812	0.609	0.583	1.313	1.387	1.336	0.257	0.257	0.245	0.331	0.318	0.272	1.359	1.401	1.421	0.332	0.285	0.315	0.303	0.358	0.358	1.296	1.281	1.239	0.311	0.312	1.176	0.281	0.279	1.229	1.313	1.387	1.336	0.839	0.788	0.788	0.587	0.572	0.582	1.244	1.124	1.391	1.183	1.288	1.03	1.146	1.094	1.063	1.319	1.277	1.346	0.701	0.639	0.69	0.581	0.642	0.617	1.353	1.357	1.305	0.636	0.737	0.707	1.113	1.184	1.165	0.511	0.529	0.626	1.095	1.37	1.312	0.379	0.404	0.414	1.353	1.357	1.305	0.43	0.403	0.36	0.379	0.37	0.295	1.353	1.357	1.305	1.367	1.365	1.363	0.639	0.661	0.666	1.353	1.357	1.305	1.373	1.402	1.369	1.314	1.391	1.489	0.453	0.318	0.398	0.408	0.427	0.392	1.313	1.297	1.296	0.55	0.582	0.803	0.634	0.687	0.779	1.31	1.237	1.274	0.382	0.373	0.364	0.901	0.929	0.902	1.243	1.237	1.231	1.211	1.192	1.227	0.295	0.296	0.291	0.548	0.539	0.561	0.338	0.322	0.342	0.546	0.592	0.636	1.312	1.282	1.278	0.559	0.586	0.576	0.754	0.609	0.689	1.266	1.264	1.3	0.555	0.561	0.581	0.989	0.713	1.032	1.281	1.292	1.28	0.225	0.24	0.241	0.347	0.354	0.365	1.343	1.351	1.361	1.338	1.341	1.38	0.801	0.788	0.847	0.76	0.724	0.678	0.31	0.325	0.337	0.329	0.327	0.384	1.465	1.268	1.312	0.526	0.545	0.572	0.757	0.7	0.64	1.325	1.294	1.418	0.625	0.662	0.626	0.68	0.595	0.639	1.462	1.434	1.467	0.605	0.629	0.617	0.522	0.547	0.561	1.351	1.338	1.349	0.638	0.692	0.627	0.579	0.652	0.543	1.414	1.402	1.401	0.485	0.466	0.749	0.266	0.284	0.227	1.315	1.355	1.348	1.347	1.302	1.332	0.382	0.412	0.508	0.945	0.353	0.362	0.359	1.155	0.342	1.362	1.274	1.328	0.699	0.664	0.71	0.644	0.597	0.608	1.367	1.239	1.386	1.32	1.333	1.327	1.349	1.351	1.347	1.304	1.21	1.274	1.305	1.297	1.377	1.244	1.275	1.241	1.313	1.387	1.336	1.266	1.306	1.21	1.263	1.285	1.271	1.317	1.381	1.329	1.404	1.387	1.376	1.301	1.279	1.279	1.296	1.244	1.133	1.272	1.233	1.317	1.294	1.274	1.296	1.457	1.261	1.228	1.389	1.313	1.326	0.949	0.844	0.988	1.335	1.344	1.377	0.961	0.947	0.948	1.286	1.246	1.354	1.371	1.378	1.356	1.308	1.323	1.182	1.277	1.289	1.266	1.399	1.217	1.204	1.286	1.295	1.314	1.362	1.314	1.179	1.203	1.235	1.317	1.408	1.287	1.26	1.317	1.281	1.413	1.383	1.366	1.324	1.338	1.235	1.256	1.339	1.226	1.461	1.457	1.261	1.228	0.602	0.595	0.591	0.603	0.604	0.598	1.457	1.261	1.228	1.456	1.462	1.474
19.33	1.272	1.312	1.34	1.252	1.236	1.228	1.193	1.258	1.254	0.222	0.221	0.231	0.951	0.943	0.969	1.045	0.892	1.004	0.32	0.453	0.535	0.966	0.954	0.951	1.049	1.034	0.983	1.252	1.236	1.228	1.343	1.37	1.356	0.267	0.261	0.253	0.52	0.546	0.39	0.42	0.439	0.411	0.385	0.395	0.431	1.252	1.236	1.228	1.245	1.276	1.289	0.589	0.892	0.879	0.547	0.546	0.464	0.475	0.864	0.904	0.434	0.497	0.429	1.352	1.183	1.266	1.239	1.174	1.308	1.161	1.29	1.189	0.937	0.934	0.918	0.661	0.598	0.619	0.906	0.915	0.93	0.927	0.94	0.912	0.625	0.6	0.63	0.927	0.9	0.922	1.323	1.414	1.24	1.252	1.236	1.228	0.398	0.221	0.335	0.271	0.288	0.228	0.501	0.387	0.117	0.386	0.364	0.301	1.306	1.3	1.295	1.407	1.375	1.355	0.499	0.506	0.528	0.555	0.432	0.415	0.308	0.259	0.254	0.263	0.307	0.33	1.252	1.236	1.228	1.252	1.236	1.228	1.053	0.756	0.735	0.567	0.519	0.51	1.239	0.865	0.843	0.485	0.471	0.559	1.37	1.371	1.451	0.706	0.669	0.711	1.252	1.236	1.228	1.441	1.544	1.57	1.349	1.442	1.39	0.877	1.17	1.263	0.731	1.312	1.308	1.33	1.298	1.399	0.321	0.321	0.304	0.321	0.321	0.304	1.378	1.33	1.231	0.259	0.281	0.304	0.837	0.6	0.578	1.314	1.395	1.339	0.257	0.256	0.245	0.33	0.316	0.269	1.354	1.401	1.423	0.331	0.285	0.314	0.295	0.361	0.354	1.296	1.283	1.239	0.315	0.317	1.177	0.281	0.279	1.229	1.314	1.395	1.339	0.85	0.793	0.785	0.588	0.573	0.581	1.249	1.121	1.388	1.185	1.292	1.026	1.147	1.09	1.062	1.318	1.279	1.346	0.709	0.648	0.7	0.589	0.659	0.628	1.353	1.355	1.306	0.648	0.753	0.72	1.112	1.187	1.165	0.521	0.539	0.644	1.094	1.373	1.313	0.386	0.411	0.424	1.353	1.355	1.306	0.435	0.414	0.371	0.381	0.372	0.296	1.353	1.355	1.306	1.363	1.36	1.348	0.636	0.658	0.666	1.353	1.355	1.306	1.376	1.405	1.374	1.311	1.384	1.485	0.465	0.32	0.412	0.416	0.437	0.398	1.314	1.301	1.295	0.536	0.565	0.797	0.62	0.68	0.782	1.303	1.237	1.281	0.38	0.373	0.364	0.901	0.931	0.904	1.244	1.24	1.233	1.215	1.195	1.231	0.3	0.3	0.293	0.546	0.537	0.559	0.334	0.321	0.339	0.545	0.582	0.623	1.321	1.282	1.286	0.554	0.584	0.573	0.736	0.595	0.674	1.262	1.263	1.301	0.553	0.558	0.579	0.985	0.689	1.03	1.281	1.291	1.281	0.226	0.244	0.243	0.345	0.352	0.362	1.345	1.35	1.361	1.339	1.35	1.38	0.804	0.8	0.853	0.775	0.736	0.701	0.313	0.332	0.353	0.335	0.33	0.386	1.474	1.268	1.316	0.53	0.548	0.575	0.765	0.708	0.642	1.326	1.298	1.423	0.635	0.676	0.637	0.689	0.603	0.649	1.469	1.439	1.47	0.616	0.638	0.63	0.533	0.559	0.579	1.351	1.339	1.346	0.65	0.703	0.64	0.588	0.662	0.552	1.414	1.407	1.405	0.477	0.456	0.738	0.271	0.288	0.228	1.312	1.352	1.348	1.346	1.306	1.333	0.379	0.411	0.492	0.895	0.352	0.362	0.357	1.14	0.342	1.362	1.271	1.327	0.706	0.669	0.711	0.642	0.578	0.603	1.368	1.233	1.388	1.327	1.336	1.332	1.353	1.353	1.349	1.302	1.212	1.274	1.307	1.293	1.375	1.246	1.277	1.243	1.314	1.395	1.339	1.263	1.307	1.214	1.262	1.284	1.272	1.318	1.383	1.325	1.403	1.39	1.381	1.303	1.279	1.282	1.295	1.25	1.133	1.273	1.236	1.313	1.296	1.276	1.295	1.46	1.274	1.232	1.393	1.315	1.327	0.96	0.848	0.998	1.342	1.349	1.377	0.966	0.954	0.951	1.292	1.259	1.355	1.38	1.388	1.361	1.307	1.321	1.185	1.281	1.296	1.271	1.402	1.229	1.21	1.287	1.295	1.314	1.364	1.323	1.178	1.211	1.237	1.318	1.417	1.301	1.248	1.319	1.286	1.418	1.389	1.372	1.328	1.344	1.234	1.26	1.345	1.233	1.45	1.46	1.274	1.232	0.603	0.596	0.593	0.605	0.606	0.601	1.46	1.274	1.232	1.456	1.434	1.458
19.5	1.274	1.31	1.339	1.25	1.236	1.23	1.188	1.255	1.253	0.225	0.222	0.232	0.96	0.949	0.982	1.047	0.897	1.008	0.316	0.427	0.51	0.972	0.957	0.959	1.051	1.038	0.991	1.25	1.236	1.23	1.341	1.372	1.351	0.273	0.266	0.257	0.544	0.566	0.404	0.414	0.433	0.408	0.397	0.406	0.458	1.25	1.236	1.23	1.25	1.281	1.279	0.595	0.9	0.891	0.58	0.568	0.475	0.508	0.875	0.915	0.462	0.482	0.396	1.352	1.184	1.26	1.241	1.184	1.32	1.16	1.298	1.186	0.946	0.943	0.925	0.683	0.607	0.641	0.916	0.925	0.944	0.933	0.949	0.921	0.64	0.627	0.647	0.934	0.912	0.937	1.319	1.416	1.235	1.25	1.236	1.23	0.42	0.23	0.351	0.276	0.292	0.232	0.526	0.403	0.118	0.386	0.373	0.306	1.307	1.301	1.295	1.405	1.374	1.36	0.511	0.511	0.501	0.57	0.453	0.426	0.317	0.264	0.259	0.269	0.323	0.342	1.25	1.236	1.23	1.25	1.236	1.23	1.107	0.767	0.744	0.565	0.517	0.508	1.244	0.867	0.854	0.482	0.468	0.553	1.365	1.372	1.453	0.712	0.675	0.713	1.25	1.236	1.23	1.454	1.519	1.565	1.342	1.441	1.389	0.865	1.156	1.26	0.722	1.306	1.308	1.329	1.299	1.397	0.323	0.325	0.306	0.323	0.325	0.306	1.383	1.334	1.232	0.259	0.28	0.275	0.838	0.6	0.579	1.313	1.405	1.34	0.257	0.257	0.245	0.329	0.313	0.268	1.354	1.402	1.426	0.33	0.284	0.311	0.286	0.376	0.358	1.298	1.285	1.237	0.32	0.323	1.176	0.283	0.278	1.231	1.313	1.405	1.34	0.861	0.796	0.787	0.589	0.574	0.582	1.252	1.12	1.384	1.186	1.296	1.025	1.148	1.084	1.062	1.317	1.279	1.346	0.72	0.664	0.711	0.598	0.664	0.645	1.354	1.353	1.305	0.66	0.764	0.733	1.11	1.191	1.164	0.53	0.547	0.652	1.092	1.371	1.314	0.392	0.419	0.434	1.354	1.353	1.305	0.444	0.423	0.372	0.383	0.374	0.298	1.354	1.353	1.305	1.357	1.353	1.335	0.636	0.661	0.667	1.354	1.353	1.305	1.385	1.413	1.378	1.304	1.376	1.48	0.477	0.324	0.425	0.424	0.448	0.404	1.318	1.306	1.295	0.526	0.55	0.783	0.606	0.668	0.787	1.299	1.237	1.284	0.379	0.373	0.367	0.901	0.933	0.905	1.247	1.24	1.235	1.218	1.199	1.239	0.304	0.305	0.295	0.543	0.535	0.557	0.33	0.319	0.337	0.546	0.573	0.612	1.325	1.282	1.291	0.548	0.581	0.57	0.718	0.581	0.658	1.255	1.262	1.302	0.551	0.556	0.576	0.98	0.659	1.028	1.281	1.295	1.282	0.229	0.247	0.246	0.344	0.351	0.359	1.346	1.351	1.357	1.339	1.351	1.38	0.827	0.8	0.857	0.765	0.75	0.721	0.314	0.343	0.385	0.342	0.334	0.389	1.485	1.268	1.319	0.534	0.552	0.578	0.775	0.715	0.644	1.327	1.298	1.426	0.643	0.693	0.646	0.699	0.613	0.664	1.471	1.442	1.472	0.628	0.647	0.642	0.544	0.571	0.591	1.347	1.343	1.342	0.661	0.705	0.646	0.598	0.669	0.56	1.414	1.412	1.411	0.47	0.446	0.721	0.276	0.292	0.232	1.314	1.35	1.346	1.345	1.308	1.338	0.376	0.411	0.478	0.843	0.352	0.361	0.356	1.125	0.342	1.361	1.269	1.325	0.712	0.675	0.713	0.637	0.562	0.598	1.367	1.234	1.387	1.333	1.34	1.334	1.355	1.356	1.357	1.303	1.214	1.275	1.311	1.294	1.375	1.247	1.28	1.245	1.313	1.405	1.34	1.263	1.307	1.218	1.262	1.29	1.273	1.319	1.384	1.322	1.401	1.393	1.388	1.302	1.279	1.29	1.295	1.255	1.135	1.274	1.24	1.31	1.294	1.276	1.294	1.462	1.275	1.239	1.397	1.317	1.328	0.97	0.85	1.008	1.344	1.353	1.377	0.972	0.957	0.959	1.304	1.269	1.357	1.382	1.402	1.367	1.306	1.32	1.187	1.285	1.301	1.272	1.408	1.241	1.211	1.288	1.293	1.314	1.368	1.334	1.177	1.219	1.237	1.319	1.424	1.309	1.242	1.325	1.29	1.423	1.399	1.38	1.334	1.355	1.238	1.264	1.355	1.239	1.443	1.462	1.275	1.239	0.604	0.598	0.594	0.607	0.608	0.604	1.462	1.275	1.239	1.461	1.409	1.454
19.67	1.271	1.307	1.339	1.248	1.234	1.229	1.185	1.25	1.244	0.229	0.223	0.234	0.969	0.959	0.992	1.05	0.902	1.015	0.305	0.401	0.485	0.978	0.963	0.961	1.055	1.043	0.998	1.248	1.234	1.229	1.335	1.37	1.347	0.278	0.27	0.259	0.569	0.574	0.417	0.408	0.428	0.406	0.41	0.419	0.471	1.248	1.234	1.229	1.257	1.284	1.272	0.602	0.907	0.897	0.567	0.576	0.49	0.512	0.884	0.924	0.442	0.516	0.425	1.348	1.185	1.256	1.241	1.189	1.331	1.162	1.3	1.183	0.952	0.95	0.934	0.681	0.633	0.655	0.93	0.936	0.951	0.944	0.956	0.932	0.654	0.654	0.674	0.945	0.916	0.948	1.322	1.416	1.23	1.248	1.234	1.229	0.438	0.242	0.369	0.282	0.296	0.235	0.548	0.421	0.119	0.384	0.381	0.314	1.309	1.299	1.297	1.403	1.375	1.361	0.525	0.531	0.517	0.579	0.472	0.436	0.328	0.269	0.265	0.274	0.363	0.364	1.248	1.234	1.229	1.248	1.234	1.229	1.148	0.779	0.753	0.562	0.514	0.506	1.252	0.884	0.867	0.479	0.464	0.547	1.363	1.373	1.455	0.718	0.681	0.717	1.248	1.234	1.229	1.467	1.511	1.556	1.338	1.439	1.394	0.854	1.138	1.255	0.714	1.295	1.304	1.328	1.301	1.396	0.324	0.33	0.307	0.324	0.33	0.307	1.385	1.335	1.234	0.258	0.279	0.269	0.821	0.599	0.578	1.311	1.414	1.341	0.257	0.257	0.245	0.325	0.309	0.266	1.355	1.403	1.429	0.33	0.284	0.31	0.28	0.403	0.381	1.296	1.288	1.236	0.326	0.329	1.176	0.284	0.278	1.233	1.311	1.414	1.341	0.872	0.8	0.789	0.591	0.575	0.583	1.256	1.119	1.379	1.186	1.298	1.024	1.149	1.078	1.063	1.314	1.281	1.345	0.727	0.669	0.724	0.605	0.674	0.658	1.356	1.35	1.304	0.668	0.773	0.745	1.109	1.198	1.164	0.539	0.555	0.666	1.091	1.37	1.317	0.399	0.428	0.448	1.356	1.35	1.304	0.45	0.431	0.379	0.385	0.378	0.299	1.356	1.35	1.304	1.35	1.347	1.322	0.634	0.663	0.669	1.356	1.35	1.304	1.381	1.415	1.38	1.302	1.372	1.472	0.488	0.328	0.439	0.432	0.46	0.41	1.325	1.31	1.294	0.516	0.537	0.774	0.592	0.66	0.79	1.289	1.237	1.284	0.378	0.37	0.369	0.901	0.934	0.906	1.248	1.242	1.242	1.219	1.204	1.244	0.308	0.31	0.298	0.541	0.532	0.555	0.326	0.318	0.334	0.546	0.566	0.603	1.328	1.281	1.293	0.543	0.58	0.568	0.699	0.569	0.645	1.256	1.26	1.305	0.55	0.554	0.575	0.971	0.632	1.029	1.282	1.295	1.284	0.231	0.25	0.25	0.343	0.351	0.357	1.346	1.35	1.355	1.339	1.346	1.382	0.835	0.833	0.868	0.755	0.748	0.747	0.315	0.35	0.401	0.353	0.339	0.393	1.499	1.265	1.328	0.538	0.556	0.582	0.786	0.724	0.648	1.327	1.297	1.432	0.653	0.693	0.658	0.705	0.621	0.666	1.471	1.445	1.475	0.635	0.659	0.654	0.556	0.581	0.601	1.347	1.343	1.342	0.671	0.71	0.659	0.608	0.676	0.569	1.415	1.423	1.414	0.464	0.437	0.706	0.282	0.296	0.235	1.315	1.344	1.345	1.343	1.31	1.341	0.373	0.411	0.468	0.785	0.351	0.36	0.355	1.107	0.341	1.362	1.267	1.323	0.718	0.681	0.717	0.631	0.55	0.594	1.367	1.235	1.388	1.336	1.341	1.332	1.357	1.359	1.369	1.306	1.219	1.276	1.317	1.294	1.38	1.249	1.282	1.245	1.311	1.414	1.341	1.264	1.31	1.22	1.261	1.291	1.274	1.323	1.385	1.321	1.398	1.394	1.392	1.305	1.278	1.298	1.295	1.26	1.135	1.276	1.241	1.31	1.294	1.274	1.291	1.465	1.28	1.246	1.4	1.32	1.33	0.98	0.855	1.02	1.343	1.355	1.374	0.978	0.963	0.961	1.318	1.279	1.361	1.376	1.417	1.375	1.307	1.319	1.192	1.289	1.308	1.279	1.411	1.253	1.215	1.29	1.297	1.316	1.373	1.344	1.179	1.225	1.238	1.321	1.431	1.315	1.239	1.33	1.294	1.43	1.408	1.384	1.342	1.37	1.242	1.267	1.366	1.249	1.438	1.465	1.28	1.246	0.605	0.599	0.596	0.609	0.611	0.608	1.465	1.28	1.246	1.461	1.393	1.442
19.83	1.27	1.304	1.338	1.25	1.233	1.229	1.183	1.246	1.242	0.233	0.226	0.236	0.977	0.966	1.003	1.056	0.906	1.019	0.294	0.38	0.462	0.986	0.967	0.969	1.058	1.045	1.004	1.25	1.233	1.229	1.331	1.369	1.345	0.285	0.275	0.264	0.595	0.579	0.433	0.402	0.424	0.404	0.426	0.436	0.492	1.25	1.233	1.229	1.264	1.286	1.263	0.625	0.919	0.909	0.591	0.589	0.504	0.533	0.892	0.937	0.493	0.516	0.453	1.348	1.181	1.247	1.24	1.194	1.336	1.155	1.301	1.179	0.96	0.957	0.949	0.666	0.624	0.658	0.941	0.944	0.957	0.953	0.969	0.942	0.666	0.684	0.694	0.956	0.924	0.957	1.326	1.415	1.225	1.25	1.233	1.229	0.456	0.254	0.392	0.287	0.3	0.239	0.569	0.44	0.119	0.389	0.387	0.325	1.313	1.3	1.296	1.4	1.372	1.358	0.541	0.547	0.565	0.579	0.489	0.444	0.339	0.274	0.271	0.28	0.435	0.44	1.25	1.233	1.229	1.25	1.233	1.229	1.189	0.793	0.762	0.559	0.512	0.504	1.26	0.904	0.88	0.476	0.46	0.542	1.361	1.374	1.455	0.727	0.686	0.721	1.25	1.233	1.229	1.548	1.506	1.565	1.331	1.436	1.4	0.847	1.122	1.252	0.706	1.287	1.303	1.331	1.298	1.393	0.326	0.333	0.309	0.326	0.333	0.309	1.385	1.338	1.236	0.258	0.28	0.268	0.803	0.594	0.575	1.311	1.418	1.345	0.257	0.258	0.245	0.321	0.305	0.265	1.359	1.405	1.43	0.329	0.283	0.31	0.277	0.457	0.399	1.295	1.292	1.236	0.332	0.335	1.179	0.286	0.278	1.236	1.311	1.418	1.345	0.884	0.806	0.794	0.593	0.577	0.584	1.263	1.121	1.377	1.188	1.299	1.022	1.145	1.071	1.063	1.315	1.28	1.347	0.736	0.673	0.735	0.611	0.678	0.677	1.355	1.349	1.306	0.681	0.785	0.758	1.111	1.197	1.163	0.548	0.565	0.687	1.091	1.372	1.319	0.405	0.435	0.458	1.355	1.349	1.306	0.456	0.439	0.405	0.388	0.382	0.3	1.355	1.349	1.306	1.344	1.342	1.315	0.634	0.662	0.671	1.355	1.349	1.306	1.38	1.415	1.384	1.299	1.368	1.477	0.5	0.332	0.453	0.441	0.475	0.417	1.331	1.316	1.3	0.507	0.526	0.758	0.579	0.651	0.789	1.284	1.235	1.283	0.378	0.368	0.365	0.9	0.935	0.907	1.252	1.242	1.244	1.22	1.21	1.246	0.314	0.318	0.299	0.538	0.53	0.554	0.322	0.316	0.332	0.545	0.558	0.596	1.33	1.282	1.292	0.539	0.578	0.566	0.68	0.558	0.633	1.258	1.26	1.303	0.548	0.552	0.573	0.959	0.609	1.029	1.283	1.297	1.286	0.234	0.254	0.253	0.341	0.35	0.355	1.345	1.35	1.353	1.338	1.342	1.385	0.84	0.82	0.867	0.763	0.77	0.774	0.317	0.363	0.401	0.419	0.343	0.396	1.51	1.262	1.328	0.542	0.562	0.587	0.797	0.732	0.654	1.325	1.3	1.438	0.662	0.699	0.668	0.715	0.632	0.676	1.469	1.45	1.48	0.645	0.669	0.671	0.565	0.591	0.618	1.346	1.342	1.345	0.68	0.718	0.671	0.618	0.686	0.579	1.412	1.431	1.411	0.457	0.43	0.697	0.287	0.3	0.239	1.317	1.339	1.345	1.342	1.31	1.344	0.371	0.412	0.457	0.731	0.352	0.359	0.354	1.089	0.341	1.362	1.262	1.322	0.727	0.686	0.721	0.623	0.545	0.589	1.366	1.236	1.395	1.341	1.344	1.335	1.359	1.364	1.371	1.308	1.222	1.278	1.319	1.296	1.384	1.249	1.285	1.245	1.311	1.418	1.345	1.267	1.31	1.222	1.262	1.292	1.274	1.322	1.384	1.319	1.398	1.396	1.398	1.306	1.281	1.3	1.297	1.266	1.139	1.28	1.243	1.31	1.292	1.273	1.291	1.469	1.283	1.254	1.405	1.326	1.331	0.989	0.858	1.032	1.34	1.355	1.373	0.986	0.967	0.969	1.331	1.282	1.363	1.371	1.424	1.377	1.31	1.317	1.198	1.292	1.314	1.29	1.41	1.265	1.216	1.289	1.297	1.317	1.375	1.351	1.181	1.232	1.24	1.319	1.437	1.324	1.238	1.34	1.3	1.434	1.417	1.391	1.35	1.379	1.25	1.269	1.376	1.26	1.438	1.469	1.283	1.254	0.606	0.601	0.597	0.613	0.614	0.613	1.469	1.283	1.254	1.459	1.367	1.439
20.0	1.27	1.303	1.336	1.248	1.23	1.23	1.178	1.246	1.237	0.237	0.228	0.238	0.987	0.97	1.01	1.062	0.912	1.026	0.288	0.362	0.437	0.992	0.974	0.967	1.062	1.048	1.008	1.248	1.23	1.23	1.335	1.366	1.346	0.292	0.282	0.268	0.616	0.588	0.451	0.399	0.42	0.4	0.441	0.453	0.504	1.248	1.23	1.23	1.274	1.286	1.258	0.622	0.927	0.922	0.585	0.606	0.517	0.53	0.905	0.95	0.459	0.48	0.467	1.351	1.177	1.242	1.241	1.201	1.341	1.153	1.304	1.175	0.97	0.975	0.954	0.676	0.633	0.671	0.948	0.952	0.965	0.957	0.978	0.95	0.684	0.717	0.678	0.964	0.936	0.965	1.33	1.414	1.226	1.248	1.23	1.23	0.474	0.266	0.407	0.291	0.306	0.244	0.586	0.463	0.119	0.393	0.392	0.338	1.318	1.295	1.298	1.397	1.369	1.357	0.558	0.548	0.58	0.59	0.504	0.454	0.356	0.279	0.276	0.286	0.489	0.509	1.248	1.23	1.23	1.248	1.23	1.23	1.22	0.81	0.775	0.555	0.511	0.502	1.266	0.923	0.897	0.472	0.456	0.536	1.362	1.372	1.453	0.732	0.69	0.724	1.248	1.23	1.23	1.522	1.5	1.567	1.326	1.435	1.402	0.842	1.107	1.25	0.698	1.277	1.303	1.328	1.292	1.397	0.329	0.337	0.313	0.329	0.337	0.313	1.387	1.342	1.238	0.257	0.279	0.269	0.791	0.59	0.574	1.315	1.423	1.348	0.257	0.258	0.245	0.322	0.304	0.264	1.359	1.409	1.432	0.328	0.283	0.31	0.275	0.491	0.404	1.294	1.295	1.235	0.338	0.341	1.181	0.29	0.279	1.237	1.315	1.423	1.348	0.895	0.813	0.799	0.595	0.579	0.585	1.271	1.121	1.372	1.191	1.303	1.021	1.146	1.065	1.061	1.314	1.28	1.347	0.742	0.681	0.742	0.617	0.685	0.689	1.358	1.35	1.306	0.69	0.794	0.771	1.111	1.2	1.162	0.555	0.571	0.688	1.089	1.371	1.318	0.411	0.443	0.463	1.358	1.35	1.306	0.466	0.449	0.427	0.39	0.385	0.302	1.358	1.35	1.306	1.336	1.339	1.306	0.634	0.662	0.67	1.358	1.35	1.306	1.384	1.415	1.39	1.3	1.359	1.468	0.512	0.336	0.466	0.452	0.492	0.425	1.335	1.319	1.301	0.499	0.517	0.744	0.568	0.641	0.785	1.281	1.236	1.283	0.379	0.367	0.362	0.899	0.936	0.908	1.255	1.243	1.243	1.218	1.215	1.25	0.32	0.33	0.302	0.536	0.528	0.552	0.319	0.315	0.329	0.545	0.553	0.589	1.337	1.283	1.294	0.534	0.577	0.564	0.66	0.547	0.621	1.259	1.263	1.305	0.547	0.551	0.571	0.945	0.589	1.023	1.287	1.298	1.289	0.237	0.258	0.256	0.341	0.35	0.353	1.346	1.348	1.348	1.334	1.341	1.387	0.854	0.823	0.879	0.769	0.774	0.794	0.32	0.429	0.427	0.467	0.355	0.399	1.521	1.263	1.332	0.546	0.571	0.594	0.803	0.741	0.659	1.325	1.298	1.447	0.67	0.712	0.674	0.719	0.644	0.688	1.471	1.452	1.484	0.652	0.676	0.682	0.572	0.598	0.634	1.35	1.341	1.345	0.687	0.72	0.689	0.639	0.695	0.589	1.411	1.438	1.407	0.45	0.424	0.685	0.291	0.306	0.244	1.32	1.337	1.342	1.342	1.311	1.344	0.369	0.413	0.448	0.689	0.352	0.359	0.353	1.072	0.343	1.361	1.256	1.322	0.732	0.69	0.724	0.616	0.543	0.585	1.367	1.237	1.399	1.343	1.344	1.33	1.361	1.366	1.374	1.311	1.227	1.276	1.325	1.302	1.393	1.25	1.286	1.244	1.315	1.423	1.348	1.269	1.31	1.225	1.262	1.292	1.275	1.323	1.382	1.321	1.397	1.396	1.402	1.306	1.282	1.306	1.297	1.27	1.14	1.282	1.245	1.313	1.292	1.274	1.288	1.473	1.288	1.258	1.41	1.332	1.335	0.999	0.862	1.043	1.334	1.355	1.372	0.992	0.974	0.967	1.339	1.286	1.364	1.372	1.429	1.384	1.312	1.317	1.207	1.296	1.318	1.295	1.407	1.281	1.213	1.293	1.296	1.319	1.377	1.362	1.183	1.233	1.243	1.317	1.445	1.33	1.237	1.348	1.305	1.437	1.424	1.396	1.356	1.381	1.257	1.272	1.383	1.267	1.435	1.473	1.288	1.258	0.607	0.602	0.599	0.616	0.617	0.618	1.473	1.288	1.258	1.45	1.345	1.434
20.17	1.27	1.301	1.335	1.25	1.228	1.231	1.177	1.244	1.23	0.241	0.231	0.24	0.995	0.98	1.016	1.066	0.917	1.031	0.284	0.348	0.415	0.998	0.983	0.972	1.066	1.049	1.012	1.25	1.228	1.231	1.332	1.364	1.343	0.304	0.289	0.272	0.633	0.594	0.474	0.396	0.417	0.395	0.458	0.47	0.524	1.25	1.228	1.231	1.282	1.285	1.249	0.64	0.933	0.933	0.588	0.606	0.526	0.547	0.922	0.961	0.502	0.527	0.47	1.353	1.179	1.242	1.243	1.209	1.343	1.147	1.308	1.171	0.977	0.986	0.96	0.682	0.642	0.669	0.958	0.963	0.981	0.967	0.985	0.963	0.705	0.748	0.654	0.975	0.947	0.972	1.332	1.412	1.224	1.25	1.228	1.231	0.494	0.276	0.423	0.295	0.314	0.25	0.605	0.485	0.119	0.392	0.399	0.353	1.319	1.29	1.299	1.395	1.366	1.357	0.579	0.567	0.585	0.601	0.516	0.464	0.38	0.285	0.282	0.291	0.515	0.535	1.25	1.228	1.231	1.25	1.228	1.231	1.253	0.826	0.788	0.553	0.51	0.501	1.272	0.945	0.914	0.47	0.453	0.53	1.367	1.371	1.451	0.738	0.696	0.725	1.25	1.228	1.231	1.502	1.498	1.562	1.322	1.431	1.405	0.833	1.09	1.248	0.691	1.265	1.304	1.331	1.292	1.395	0.332	0.342	0.315	0.332	0.342	0.315	1.391	1.344	1.242	0.254	0.28	0.27	0.766	0.586	0.575	1.316	1.428	1.351	0.257	0.259	0.246	0.318	0.301	0.263	1.364	1.412	1.435	0.327	0.283	0.311	0.273	0.463	0.372	1.297	1.297	1.237	0.346	0.352	1.184	0.301	0.283	1.244	1.316	1.428	1.351	0.905	0.82	0.806	0.597	0.581	0.586	1.276	1.121	1.369	1.194	1.305	1.021	1.145	1.058	1.058	1.316	1.283	1.347	0.748	0.684	0.754	0.625	0.69	0.71	1.359	1.35	1.308	0.695	0.804	0.783	1.112	1.205	1.164	0.564	0.582	0.706	1.087	1.371	1.32	0.417	0.45	0.484	1.359	1.35	1.308	0.47	0.457	0.422	0.394	0.386	0.306	1.359	1.35	1.308	1.33	1.335	1.298	0.635	0.664	0.671	1.359	1.35	1.308	1.391	1.417	1.399	1.298	1.353	1.458	0.525	0.34	0.478	0.463	0.511	0.433	1.34	1.325	1.303	0.492	0.509	0.728	0.558	0.627	0.777	1.28	1.232	1.283	0.38	0.364	0.363	0.898	0.938	0.908	1.255	1.241	1.244	1.217	1.22	1.25	0.33	0.351	0.305	0.534	0.527	0.55	0.316	0.314	0.327	0.544	0.549	0.583	1.34	1.286	1.299	0.53	0.575	0.561	0.644	0.538	0.609	1.264	1.263	1.307	0.546	0.55	0.571	0.925	0.575	1.013	1.29	1.3	1.289	0.24	0.262	0.26	0.34	0.351	0.352	1.347	1.349	1.347	1.333	1.34	1.389	0.866	0.823	0.891	0.79	0.773	0.818	0.322	0.463	0.456	0.465	0.377	0.404	1.529	1.264	1.338	0.551	0.58	0.602	0.809	0.75	0.663	1.32	1.3	1.453	0.682	0.719	0.684	0.725	0.649	0.702	1.474	1.454	1.49	0.659	0.677	0.704	0.576	0.607	0.643	1.352	1.339	1.346	0.693	0.725	0.697	0.638	0.702	0.598	1.408	1.44	1.405	0.444	0.416	0.671	0.295	0.314	0.25	1.321	1.334	1.339	1.342	1.312	1.346	0.367	0.415	0.443	0.652	0.353	0.359	0.353	1.053	0.345	1.361	1.246	1.32	0.738	0.696	0.725	0.611	0.542	0.581	1.367	1.241	1.399	1.348	1.342	1.329	1.365	1.37	1.373	1.312	1.232	1.28	1.33	1.312	1.402	1.25	1.288	1.246	1.316	1.428	1.351	1.271	1.31	1.228	1.265	1.29	1.276	1.323	1.377	1.319	1.395	1.395	1.406	1.307	1.282	1.31	1.302	1.274	1.142	1.286	1.249	1.31	1.29	1.274	1.286	1.476	1.294	1.263	1.413	1.334	1.338	1.008	0.865	1.054	1.331	1.354	1.374	0.998	0.983	0.972	1.343	1.291	1.367	1.377	1.433	1.392	1.315	1.315	1.214	1.298	1.323	1.302	1.406	1.295	1.216	1.297	1.296	1.322	1.381	1.37	1.185	1.238	1.245	1.318	1.45	1.339	1.236	1.353	1.316	1.44	1.429	1.4	1.361	1.384	1.268	1.277	1.387	1.276	1.433	1.476	1.294	1.263	0.609	0.605	0.601	0.62	0.621	0.625	1.476	1.294	1.263	1.444	1.322	1.436
20.33	1.27	1.299	1.333	1.251	1.228	1.234	1.177	1.241	1.228	0.246	0.234	0.243	1.002	0.989	1.026	1.069	0.923	1.036	0.281	0.338	0.395	1.005	0.986	0.974	1.073	1.053	1.02	1.251	1.228	1.234	1.329	1.361	1.337	0.323	0.297	0.277	0.644	0.629	0.498	0.39	0.414	0.391	0.478	0.489	0.537	1.251	1.228	1.234	1.288	1.283	1.241	0.665	0.945	0.946	0.592	0.617	0.543	0.564	0.929	0.967	0.462	0.52	0.459	1.355	1.182	1.238	1.242	1.214	1.344	1.135	1.313	1.167	0.988	0.993	0.967	0.695	0.652	0.688	0.971	0.972	0.99	0.977	0.994	0.97	0.728	0.768	0.652	0.982	0.955	0.98	1.332	1.412	1.222	1.251	1.228	1.234	0.514	0.288	0.446	0.3	0.322	0.256	0.619	0.502	0.129	0.403	0.401	0.381	1.315	1.287	1.294	1.39	1.363	1.359	0.613	0.561	0.598	0.608	0.529	0.477	0.459	0.291	0.288	0.298	0.523	0.541	1.251	1.228	1.234	1.251	1.228	1.234	1.28	0.842	0.804	0.552	0.508	0.5	1.28	0.97	0.931	0.467	0.45	0.525	1.367	1.371	1.449	0.745	0.7	0.729	1.251	1.228	1.234	1.489	1.495	1.562	1.317	1.428	1.403	0.828	1.067	1.246	0.683	1.255	1.304	1.331	1.293	1.393	0.335	0.346	0.317	0.335	0.346	0.317	1.393	1.348	1.243	0.253	0.281	0.268	0.724	0.584	0.575	1.316	1.43	1.354	0.258	0.259	0.246	0.317	0.299	0.262	1.367	1.415	1.437	0.327	0.284	0.311	0.272	0.436	0.309	1.298	1.298	1.237	0.364	0.391	1.187	0.344	0.296	1.248	1.316	1.43	1.354	0.913	0.828	0.81	0.6	0.582	0.587	1.275	1.121	1.367	1.198	1.308	1.021	1.143	1.051	1.057	1.313	1.284	1.35	0.753	0.69	0.762	0.632	0.7	0.715	1.361	1.352	1.31	0.708	0.812	0.792	1.112	1.206	1.166	0.572	0.589	0.717	1.085	1.373	1.319	0.422	0.457	0.481	1.361	1.352	1.31	0.478	0.464	0.438	0.396	0.389	0.309	1.361	1.352	1.31	1.324	1.331	1.292	0.633	0.662	0.675	1.361	1.352	1.31	1.405	1.421	1.409	1.299	1.35	1.449	0.536	0.345	0.49	0.475	0.53	0.441	1.341	1.33	1.303	0.486	0.502	0.711	0.551	0.613	0.767	1.28	1.232	1.282	0.381	0.362	0.364	0.895	0.939	0.908	1.259	1.241	1.246	1.215	1.222	1.251	0.343	0.375	0.31	0.532	0.524	0.548	0.314	0.314	0.325	0.543	0.545	0.578	1.343	1.29	1.305	0.527	0.574	0.558	0.629	0.53	0.598	1.267	1.267	1.313	0.545	0.55	0.571	0.902	0.564	1.0	1.289	1.302	1.292	0.242	0.266	0.263	0.339	0.351	0.351	1.348	1.349	1.342	1.335	1.339	1.391	0.861	0.859	0.884	0.785	0.771	0.843	0.325	0.466	0.448	0.468	0.413	0.409	1.541	1.266	1.346	0.557	0.589	0.61	0.817	0.759	0.667	1.319	1.302	1.458	0.689	0.722	0.689	0.736	0.657	0.713	1.483	1.458	1.493	0.663	0.685	0.718	0.585	0.614	0.654	1.353	1.331	1.349	0.697	0.729	0.697	0.647	0.709	0.607	1.409	1.443	1.402	0.439	0.41	0.659	0.3	0.322	0.256	1.324	1.335	1.34	1.342	1.312	1.347	0.365	0.416	0.442	0.613	0.354	0.359	0.352	1.03	0.347	1.362	1.233	1.318	0.745	0.7	0.729	0.607	0.542	0.576	1.367	1.241	1.399	1.35	1.342	1.331	1.368	1.374	1.374	1.312	1.237	1.284	1.336	1.315	1.409	1.252	1.29	1.249	1.316	1.43	1.354	1.273	1.31	1.23	1.266	1.291	1.276	1.326	1.373	1.319	1.392	1.393	1.407	1.308	1.283	1.316	1.307	1.276	1.147	1.29	1.252	1.31	1.289	1.274	1.284	1.479	1.299	1.27	1.414	1.337	1.342	1.019	0.87	1.064	1.328	1.353	1.376	1.005	0.986	0.974	1.347	1.298	1.367	1.377	1.438	1.402	1.321	1.316	1.218	1.303	1.327	1.308	1.408	1.306	1.218	1.303	1.299	1.327	1.382	1.38	1.186	1.237	1.248	1.319	1.452	1.347	1.237	1.358	1.324	1.444	1.436	1.402	1.367	1.387	1.274	1.282	1.389	1.283	1.43	1.479	1.299	1.27	0.61	0.607	0.603	0.625	0.626	0.633	1.479	1.299	1.27	1.445	1.309	1.44
20.5	1.274	1.3	1.331	1.251	1.228	1.232	1.177	1.238	1.225	0.252	0.237	0.247	1.011	0.996	1.036	1.069	0.928	1.046	0.281	0.332	0.377	1.012	0.991	0.98	1.074	1.058	1.022	1.251	1.228	1.232	1.327	1.361	1.335	0.379	0.307	0.283	0.65	0.61	0.511	0.387	0.411	0.388	0.499	0.509	0.564	1.251	1.228	1.232	1.293	1.284	1.239	0.654	0.954	0.955	0.594	0.621	0.559	0.583	0.943	0.98	0.483	0.498	0.468	1.358	1.187	1.235	1.241	1.215	1.343	1.128	1.32	1.163	0.995	1.008	0.977	0.699	0.662	0.705	0.982	0.98	1.002	0.984	1.0	0.979	0.748	0.762	0.649	0.997	0.962	0.995	1.34	1.412	1.225	1.251	1.228	1.232	0.537	0.3	0.464	0.306	0.33	0.261	0.634	0.514	0.133	0.403	0.404	0.387	1.313	1.287	1.291	1.389	1.363	1.361	0.636	0.553	0.604	0.619	0.543	0.488	0.411	0.297	0.293	0.305	0.53	0.554	1.251	1.228	1.232	1.251	1.228	1.232	1.305	0.855	0.82	0.55	0.507	0.498	1.285	0.993	0.95	0.464	0.446	0.52	1.366	1.368	1.448	0.752	0.704	0.731	1.251	1.228	1.232	1.491	1.498	1.567	1.311	1.427	1.403	0.819	1.053	1.243	0.675	1.243	1.305	1.329	1.292	1.392	0.338	0.351	0.318	0.338	0.351	0.318	1.397	1.353	1.244	0.252	0.282	0.266	0.65	0.582	0.576	1.321	1.434	1.354	0.259	0.259	0.246	0.316	0.298	0.262	1.371	1.418	1.438	0.327	0.284	0.311	0.271	0.452	0.293	1.297	1.301	1.238	0.418	0.4	1.189	0.392	0.343	1.252	1.321	1.434	1.354	0.922	0.834	0.813	0.603	0.583	0.587	1.273	1.119	1.36	1.201	1.312	1.019	1.143	1.044	1.054	1.313	1.287	1.349	0.761	0.697	0.764	0.638	0.704	0.724	1.363	1.351	1.309	0.714	0.818	0.801	1.112	1.21	1.166	0.579	0.596	0.731	1.084	1.373	1.32	0.428	0.465	0.502	1.363	1.351	1.309	0.483	0.472	0.448	0.396	0.391	0.313	1.363	1.351	1.309	1.319	1.329	1.286	0.633	0.665	0.677	1.363	1.351	1.309	1.417	1.425	1.418	1.3	1.346	1.439	0.55	0.347	0.502	0.489	0.554	0.45	1.343	1.335	1.302	0.48	0.496	0.695	0.545	0.602	0.755	1.276	1.232	1.282	0.381	0.361	0.366	0.893	0.939	0.908	1.258	1.24	1.249	1.214	1.225	1.246	0.363	0.411	0.318	0.53	0.523	0.546	0.313	0.313	0.323	0.542	0.542	0.575	1.347	1.293	1.31	0.524	0.572	0.555	0.613	0.523	0.588	1.272	1.272	1.315	0.545	0.55	0.571	0.876	0.554	0.988	1.293	1.304	1.294	0.245	0.271	0.266	0.339	0.352	0.35	1.347	1.35	1.337	1.331	1.343	1.391	0.876	0.87	0.889	0.795	0.803	0.859	0.329	0.477	0.468	0.488	0.438	0.415	1.55	1.269	1.347	0.563	0.598	0.617	0.824	0.768	0.671	1.318	1.302	1.459	0.699	0.729	0.697	0.744	0.663	0.724	1.485	1.464	1.496	0.665	0.689	0.732	0.59	0.623	0.645	1.353	1.331	1.353	0.704	0.73	0.704	0.66	0.715	0.615	1.407	1.448	1.402	0.434	0.405	0.649	0.306	0.33	0.261	1.326	1.334	1.337	1.342	1.312	1.348	0.364	0.419	0.44	0.587	0.355	0.36	0.352	1.002	0.35	1.364	1.219	1.318	0.752	0.704	0.731	0.602	0.544	0.571	1.366	1.244	1.399	1.352	1.34	1.332	1.37	1.376	1.378	1.313	1.242	1.287	1.34	1.323	1.412	1.253	1.29	1.252	1.321	1.434	1.354	1.276	1.308	1.232	1.268	1.293	1.277	1.329	1.372	1.319	1.392	1.389	1.408	1.31	1.284	1.32	1.311	1.277	1.15	1.292	1.254	1.308	1.287	1.275	1.282	1.478	1.308	1.276	1.413	1.34	1.341	1.031	0.874	1.073	1.329	1.356	1.38	1.012	0.991	0.98	1.349	1.303	1.367	1.381	1.442	1.409	1.327	1.314	1.224	1.306	1.329	1.311	1.409	1.315	1.223	1.308	1.301	1.332	1.386	1.386	1.19	1.242	1.25	1.319	1.455	1.358	1.24	1.361	1.332	1.447	1.443	1.406	1.375	1.39	1.281	1.288	1.393	1.29	1.426	1.478	1.308	1.276	0.612	0.609	0.605	0.63	0.631	0.641	1.478	1.308	1.276	1.457	1.297	1.443
20.67	1.277	1.3	1.333	1.252	1.229	1.231	1.177	1.236	1.223	0.257	0.241	0.25	1.018	1.004	1.042	1.072	0.934	1.051	0.28	0.328	0.361	1.018	1.001	0.989	1.079	1.061	1.03	1.252	1.229	1.231	1.323	1.365	1.337	0.396	0.319	0.291	0.677	0.646	0.528	0.381	0.409	0.384	0.517	0.529	0.582	1.252	1.229	1.231	1.297	1.288	1.234	0.662	0.963	0.969	0.596	0.612	0.569	0.595	0.956	0.992	0.469	0.522	0.479	1.36	1.191	1.232	1.242	1.217	1.34	1.123	1.326	1.158	1.005	1.016	0.988	0.713	0.67	0.711	0.997	0.987	1.012	0.993	1.013	0.993	0.788	0.732	0.65	1.006	0.97	1.002	1.345	1.411	1.222	1.252	1.229	1.231	0.561	0.314	0.485	0.313	0.34	0.265	0.649	0.527	0.132	0.402	0.409	0.402	1.311	1.289	1.291	1.389	1.361	1.368	0.652	0.582	0.616	0.625	0.555	0.503	0.432	0.304	0.299	0.312	0.535	0.558	1.252	1.229	1.231	1.252	1.229	1.231	1.33	0.871	0.835	0.548	0.505	0.497	1.29	1.01	0.966	0.463	0.442	0.515	1.364	1.367	1.448	0.758	0.708	0.735	1.252	1.229	1.231	1.488	1.513	1.567	1.306	1.423	1.406	0.812	1.035	1.24	0.668	1.228	1.304	1.332	1.291	1.387	0.341	0.356	0.32	0.341	0.356	0.32	1.397	1.357	1.243	0.252	0.285	0.264	0.558	0.581	0.572	1.329	1.435	1.356	0.26	0.259	0.247	0.311	0.294	0.262	1.375	1.421	1.438	0.326	0.284	0.313	0.271	0.467	0.286	1.301	1.305	1.239	0.402	0.431	1.192	0.413	0.359	1.254	1.329	1.435	1.356	0.93	0.842	0.817	0.606	0.585	0.588	1.274	1.114	1.359	1.206	1.315	1.018	1.139	1.036	1.052	1.312	1.288	1.35	0.768	0.704	0.76	0.644	0.714	0.736	1.365	1.352	1.31	0.714	0.827	0.811	1.112	1.218	1.167	0.584	0.602	0.738	1.082	1.374	1.321	0.432	0.471	0.503	1.365	1.352	1.31	0.488	0.48	0.458	0.397	0.394	0.319	1.365	1.352	1.31	1.315	1.325	1.282	0.632	0.668	0.675	1.365	1.352	1.31	1.427	1.427	1.428	1.297	1.342	1.432	0.561	0.352	0.513	0.507	0.582	0.459	1.344	1.335	1.306	0.474	0.491	0.68	0.539	0.59	0.739	1.276	1.233	1.282	0.381	0.361	0.368	0.89	0.939	0.908	1.26	1.238	1.251	1.215	1.227	1.24	0.392	0.441	0.327	0.529	0.521	0.545	0.312	0.313	0.321	0.541	0.54	0.572	1.351	1.294	1.316	0.522	0.568	0.553	0.598	0.517	0.578	1.276	1.279	1.319	0.545	0.551	0.573	0.85	0.546	0.973	1.298	1.306	1.296	0.249	0.276	0.27	0.339	0.354	0.349	1.35	1.351	1.337	1.33	1.347	1.393	0.88	0.873	0.901	0.804	0.821	0.866	0.334	0.486	0.5	0.492	0.446	0.421	1.557	1.27	1.354	0.571	0.609	0.624	0.825	0.777	0.674	1.316	1.301	1.46	0.712	0.727	0.697	0.747	0.671	0.736	1.487	1.47	1.499	0.669	0.691	0.743	0.593	0.631	0.658	1.354	1.332	1.357	0.712	0.736	0.711	0.66	0.722	0.622	1.406	1.45	1.398	0.428	0.399	0.636	0.313	0.34	0.265	1.328	1.332	1.337	1.34	1.312	1.348	0.363	0.421	0.439	0.568	0.356	0.361	0.351	0.965	0.352	1.363	1.202	1.315	0.758	0.708	0.735	0.597	0.547	0.567	1.368	1.248	1.403	1.352	1.341	1.333	1.375	1.381	1.379	1.315	1.247	1.288	1.347	1.331	1.415	1.256	1.289	1.255	1.329	1.435	1.356	1.278	1.31	1.235	1.269	1.295	1.276	1.332	1.371	1.321	1.392	1.387	1.409	1.313	1.284	1.322	1.314	1.28	1.158	1.294	1.257	1.307	1.286	1.276	1.282	1.479	1.318	1.283	1.412	1.343	1.345	1.045	0.881	1.082	1.329	1.359	1.386	1.018	1.001	0.989	1.353	1.306	1.369	1.387	1.446	1.415	1.331	1.311	1.228	1.31	1.332	1.31	1.411	1.324	1.224	1.313	1.304	1.337	1.391	1.39	1.194	1.24	1.253	1.319	1.459	1.366	1.243	1.363	1.34	1.45	1.448	1.411	1.379	1.396	1.286	1.299	1.399	1.298	1.426	1.479	1.318	1.283	0.614	0.611	0.607	0.637	0.637	0.65	1.479	1.318	1.283	1.468	1.294	1.44
20.83	1.284	1.301	1.33	1.253	1.227	1.229	1.175	1.233	1.218	0.263	0.245	0.254	1.032	1.015	1.051	1.072	0.94	1.057	0.279	0.326	0.349	1.026	1.003	0.996	1.087	1.066	1.038	1.253	1.227	1.229	1.323	1.363	1.335	0.42	0.34	0.3	0.643	0.627	0.548	0.373	0.407	0.381	0.533	0.546	0.605	1.253	1.227	1.229	1.301	1.289	1.234	0.677	0.973	0.979	0.604	0.604	0.581	0.614	0.966	1.004	0.485	0.535	0.493	1.368	1.193	1.23	1.242	1.219	1.339	1.125	1.33	1.154	1.015	1.026	1.001	0.733	0.679	0.719	1.004	0.996	1.02	1.004	1.026	1.0	0.801	0.722	0.671	1.021	0.982	1.016	1.347	1.41	1.222	1.253	1.227	1.229	0.579	0.327	0.502	0.322	0.349	0.269	0.662	0.54	0.136	0.407	0.414	0.39	1.31	1.286	1.29	1.389	1.358	1.371	0.654	0.578	0.612	0.63	0.567	0.517	0.423	0.312	0.306	0.319	0.538	0.561	1.253	1.227	1.229	1.253	1.227	1.229	1.355	0.888	0.852	0.545	0.502	0.496	1.294	1.03	0.983	0.461	0.439	0.51	1.365	1.37	1.448	0.763	0.712	0.737	1.253	1.227	1.229	1.485	1.519	1.571	1.302	1.425	1.41	0.806	1.017	1.237	0.66	1.214	1.304	1.337	1.292	1.38	0.344	0.361	0.323	0.344	0.361	0.323	1.397	1.357	1.244	0.252	0.286	0.262	0.502	0.58	0.568	1.331	1.434	1.361	0.26	0.26	0.247	0.308	0.293	0.262	1.376	1.424	1.44	0.326	0.286	0.312	0.271	0.457	0.281	1.302	1.305	1.24	0.393	0.425	1.196	0.417	0.383	1.258	1.331	1.434	1.361	0.936	0.848	0.825	0.609	0.586	0.589	1.278	1.11	1.358	1.209	1.314	1.017	1.133	1.028	1.05	1.313	1.29	1.353	0.774	0.708	0.776	0.652	0.716	0.752	1.366	1.356	1.309	0.721	0.833	0.82	1.112	1.219	1.167	0.594	0.611	0.74	1.08	1.374	1.324	0.44	0.478	0.51	1.366	1.356	1.309	0.495	0.486	0.464	0.399	0.397	0.322	1.366	1.356	1.309	1.31	1.323	1.278	0.634	0.671	0.681	1.366	1.356	1.309	1.435	1.428	1.438	1.294	1.341	1.429	0.574	0.356	0.523	0.528	0.618	0.47	1.345	1.338	1.309	0.47	0.486	0.668	0.535	0.58	0.723	1.272	1.234	1.283	0.382	0.364	0.368	0.887	0.939	0.906	1.264	1.235	1.25	1.215	1.232	1.24	0.424	0.461	0.338	0.528	0.518	0.542	0.312	0.313	0.319	0.54	0.538	0.569	1.353	1.295	1.323	0.519	0.565	0.551	0.584	0.511	0.569	1.283	1.284	1.321	0.545	0.553	0.575	0.823	0.539	0.957	1.304	1.306	1.3	0.252	0.281	0.275	0.34	0.357	0.349	1.355	1.356	1.34	1.333	1.351	1.394	0.883	0.857	0.909	0.824	0.817	0.849	0.347	0.49	0.474	0.499	0.464	0.428	1.567	1.276	1.363	0.577	0.618	0.631	0.824	0.785	0.678	1.317	1.302	1.461	0.719	0.736	0.7	0.756	0.677	0.742	1.486	1.473	1.501	0.675	0.695	0.77	0.602	0.636	0.665	1.353	1.336	1.361	0.717	0.739	0.716	0.685	0.728	0.625	1.405	1.448	1.397	0.423	0.393	0.624	0.322	0.349	0.269	1.333	1.331	1.335	1.34	1.311	1.348	0.361	0.425	0.434	0.551	0.357	0.362	0.35	0.928	0.356	1.365	1.188	1.315	0.763	0.712	0.737	0.592	0.549	0.563	1.369	1.25	1.406	1.35	1.342	1.336	1.379	1.384	1.381	1.316	1.253	1.295	1.353	1.338	1.413	1.257	1.29	1.256	1.331	1.434	1.361	1.28	1.31	1.237	1.27	1.295	1.277	1.332	1.37	1.32	1.393	1.385	1.408	1.314	1.287	1.32	1.319	1.279	1.162	1.297	1.256	1.303	1.285	1.277	1.279	1.476	1.326	1.29	1.413	1.342	1.35	1.058	0.889	1.09	1.333	1.362	1.391	1.026	1.003	0.996	1.358	1.305	1.371	1.391	1.451	1.42	1.334	1.31	1.236	1.317	1.335	1.312	1.412	1.333	1.23	1.316	1.31	1.343	1.394	1.393	1.197	1.241	1.256	1.32	1.463	1.375	1.246	1.367	1.344	1.452	1.445	1.415	1.38	1.403	1.291	1.305	1.407	1.306	1.428	1.476	1.326	1.29	0.616	0.613	0.609	0.643	0.644	0.659	1.476	1.326	1.29	1.481	1.289	1.439
21.0	1.29	1.305	1.331	1.258	1.226	1.228	1.176	1.234	1.218	0.269	0.249	0.258	1.042	1.021	1.06	1.081	0.946	1.066	0.279	0.325	0.339	1.034	1.01	1.003	1.086	1.072	1.043	1.258	1.226	1.228	1.321	1.363	1.338	0.419	0.39	0.312	0.709	0.643	0.558	0.369	0.405	0.378	0.552	0.566	0.626	1.258	1.226	1.228	1.296	1.29	1.229	0.667	0.982	0.99	0.61	0.605	0.601	0.626	0.976	1.014	0.474	0.536	0.502	1.373	1.197	1.228	1.241	1.224	1.341	1.124	1.334	1.149	1.026	1.032	1.01	0.747	0.694	0.732	1.014	1.01	1.03	1.01	1.035	1.011	0.809	0.71	0.682	1.027	0.995	1.025	1.35	1.411	1.224	1.258	1.226	1.228	0.59	0.338	0.523	0.333	0.359	0.274	0.678	0.556	0.139	0.409	0.419	0.436	1.313	1.291	1.293	1.39	1.361	1.373	0.682	0.578	0.615	0.637	0.582	0.548	0.434	0.32	0.312	0.327	0.543	0.572	1.258	1.226	1.228	1.258	1.226	1.228	1.382	0.906	0.872	0.541	0.501	0.495	1.292	1.055	1.0	0.459	0.436	0.505	1.365	1.371	1.447	0.769	0.715	0.737	1.258	1.226	1.228	1.478	1.505	1.577	1.296	1.421	1.413	0.796	1.0	1.234	0.652	1.199	1.303	1.337	1.296	1.377	0.347	0.366	0.327	0.347	0.366	0.327	1.399	1.359	1.245	0.253	0.288	0.26	0.48	0.578	0.567	1.338	1.433	1.362	0.26	0.26	0.247	0.305	0.292	0.263	1.376	1.429	1.442	0.326	0.287	0.312	0.272	0.335	0.279	1.304	1.308	1.243	0.441	0.427	1.198	0.404	0.373	1.259	1.338	1.433	1.362	0.942	0.857	0.833	0.612	0.588	0.59	1.285	1.105	1.355	1.212	1.314	1.014	1.129	1.018	1.05	1.315	1.292	1.357	0.779	0.714	0.765	0.66	0.722	0.767	1.366	1.362	1.309	0.727	0.84	0.828	1.113	1.222	1.165	0.602	0.618	0.743	1.079	1.373	1.327	0.446	0.484	0.525	1.366	1.362	1.309	0.502	0.491	0.47	0.401	0.401	0.325	1.366	1.362	1.309	1.306	1.318	1.273	0.631	0.671	0.681	1.366	1.362	1.309	1.444	1.425	1.448	1.293	1.337	1.428	0.584	0.359	0.533	0.554	0.627	0.481	1.349	1.343	1.312	0.467	0.483	0.652	0.531	0.569	0.705	1.274	1.235	1.286	0.383	0.366	0.37	0.882	0.939	0.904	1.26	1.235	1.246	1.216	1.235	1.24	0.45	0.483	0.36	0.527	0.517	0.54	0.313	0.313	0.318	0.538	0.536	0.567	1.354	1.294	1.327	0.516	0.562	0.549	0.572	0.508	0.561	1.29	1.291	1.329	0.546	0.557	0.579	0.794	0.534	0.939	1.306	1.31	1.302	0.257	0.285	0.278	0.341	0.36	0.349	1.359	1.363	1.344	1.333	1.353	1.396	0.888	0.862	0.909	0.812	0.834	0.831	0.373	0.494	0.505	0.5	0.477	0.436	1.578	1.284	1.371	0.584	0.626	0.637	0.83	0.793	0.684	1.316	1.309	1.465	0.72	0.736	0.702	0.761	0.681	0.749	1.486	1.487	1.504	0.679	0.7	0.73	0.611	0.642	0.678	1.35	1.338	1.362	0.717	0.744	0.717	0.693	0.735	0.632	1.405	1.445	1.397	0.417	0.388	0.611	0.333	0.359	0.274	1.331	1.329	1.333	1.338	1.311	1.348	0.36	0.429	0.431	0.538	0.358	0.365	0.35	0.887	0.362	1.366	1.169	1.313	0.769	0.715	0.737	0.588	0.55	0.558	1.369	1.255	1.407	1.348	1.344	1.336	1.384	1.387	1.386	1.318	1.256	1.298	1.358	1.348	1.415	1.258	1.29	1.256	1.338	1.433	1.362	1.281	1.311	1.24	1.272	1.296	1.277	1.331	1.369	1.32	1.394	1.383	1.407	1.315	1.289	1.319	1.325	1.282	1.168	1.3	1.256	1.301	1.284	1.277	1.279	1.477	1.335	1.299	1.414	1.341	1.354	1.071	0.896	1.099	1.335	1.365	1.394	1.034	1.01	1.003	1.359	1.306	1.373	1.394	1.458	1.423	1.338	1.312	1.242	1.321	1.339	1.312	1.417	1.339	1.236	1.318	1.313	1.348	1.399	1.394	1.205	1.242	1.257	1.32	1.47	1.38	1.251	1.372	1.348	1.455	1.442	1.42	1.384	1.406	1.296	1.313	1.413	1.312	1.425	1.477	1.335	1.299	0.617	0.616	0.612	0.65	0.651	0.669	1.477	1.335	1.299	1.499	1.295	1.433
21.17	1.298	1.306	1.331	1.258	1.224	1.23	1.176	1.234	1.216	0.276	0.254	0.262	1.056	1.029	1.064	1.086	0.952	1.069	0.279	0.325	0.332	1.042	1.018	1.012	1.088	1.073	1.049	1.258	1.224	1.23	1.317	1.362	1.343	0.44	0.423	0.332	0.71	0.65	0.577	0.366	0.404	0.374	0.571	0.586	0.644	1.258	1.224	1.23	1.296	1.29	1.228	0.689	0.991	0.998	0.617	0.603	0.615	0.637	0.986	1.027	0.488	0.528	0.507	1.377	1.203	1.235	1.242	1.226	1.345	1.126	1.341	1.146	1.035	1.043	1.019	0.76	0.706	0.739	1.022	1.014	1.035	1.021	1.045	1.022	0.817	0.713	0.7	1.039	1.003	1.038	1.351	1.409	1.224	1.258	1.224	1.23	0.592	0.349	0.539	0.343	0.368	0.279	0.697	0.568	0.139	0.412	0.425	0.409	1.315	1.293	1.29	1.391	1.361	1.37	0.71	0.577	0.625	0.649	0.591	0.571	0.45	0.329	0.32	0.336	0.541	0.572	1.258	1.224	1.23	1.258	1.224	1.23	1.402	0.924	0.891	0.538	0.5	0.494	1.29	1.075	1.019	0.457	0.434	0.5	1.365	1.369	1.446	0.777	0.72	0.738	1.258	1.224	1.23	1.473	1.511	1.553	1.293	1.418	1.419	0.791	0.98	1.232	0.645	1.182	1.304	1.338	1.296	1.374	0.352	0.37	0.331	0.352	0.37	0.331	1.399	1.36	1.245	0.253	0.289	0.258	0.469	0.58	0.566	1.342	1.433	1.363	0.261	0.26	0.247	0.3	0.289	0.264	1.375	1.433	1.445	0.327	0.288	0.311	0.271	0.288	0.277	1.304	1.31	1.244	0.404	0.462	1.2	0.401	0.369	1.265	1.342	1.433	1.363	0.946	0.867	0.836	0.615	0.589	0.592	1.291	1.098	1.355	1.217	1.308	1.01	1.126	1.008	1.048	1.317	1.294	1.363	0.787	0.721	0.773	0.665	0.723	0.782	1.367	1.365	1.31	0.734	0.848	0.834	1.114	1.223	1.163	0.608	0.624	0.752	1.078	1.373	1.328	0.452	0.491	0.533	1.367	1.365	1.31	0.508	0.495	0.487	0.404	0.403	0.328	1.367	1.365	1.31	1.301	1.315	1.268	0.624	0.674	0.68	1.367	1.365	1.31	1.45	1.429	1.459	1.294	1.333	1.431	0.595	0.364	0.544	0.596	0.578	0.493	1.355	1.346	1.321	0.464	0.48	0.639	0.529	0.562	0.689	1.276	1.237	1.291	0.384	0.369	0.375	0.877	0.938	0.903	1.261	1.234	1.245	1.218	1.239	1.241	0.467	0.492	0.38	0.526	0.515	0.538	0.314	0.314	0.318	0.536	0.535	0.565	1.359	1.297	1.331	0.513	0.559	0.546	0.559	0.504	0.554	1.296	1.301	1.332	0.547	0.563	0.583	0.768	0.528	0.914	1.306	1.318	1.304	0.26	0.291	0.282	0.341	0.364	0.35	1.366	1.368	1.347	1.332	1.355	1.397	0.895	0.893	0.917	0.818	0.815	0.827	0.399	0.496	0.499	0.503	0.476	0.438	1.584	1.282	1.377	0.593	0.633	0.644	0.837	0.802	0.69	1.315	1.313	1.467	0.725	0.743	0.705	0.768	0.69	0.758	1.485	1.494	1.508	0.676	0.705	0.749	0.615	0.648	0.687	1.35	1.34	1.365	0.723	0.748	0.721	0.693	0.742	0.638	1.406	1.444	1.401	0.41	0.383	0.599	0.343	0.368	0.279	1.336	1.329	1.332	1.337	1.311	1.347	0.359	0.432	0.426	0.53	0.36	0.369	0.348	0.849	0.367	1.366	1.151	1.305	0.777	0.72	0.738	0.584	0.551	0.555	1.369	1.26	1.41	1.346	1.347	1.338	1.389	1.391	1.385	1.321	1.259	1.303	1.365	1.355	1.413	1.259	1.29	1.258	1.342	1.433	1.363	1.282	1.311	1.242	1.273	1.297	1.276	1.329	1.368	1.32	1.395	1.381	1.407	1.317	1.289	1.321	1.329	1.283	1.177	1.303	1.256	1.302	1.283	1.279	1.279	1.475	1.345	1.307	1.419	1.34	1.358	1.081	0.903	1.11	1.339	1.367	1.398	1.042	1.018	1.012	1.363	1.308	1.378	1.397	1.462	1.422	1.342	1.312	1.247	1.324	1.343	1.315	1.418	1.342	1.245	1.32	1.32	1.353	1.404	1.396	1.21	1.242	1.258	1.321	1.476	1.386	1.254	1.377	1.357	1.459	1.441	1.426	1.386	1.412	1.302	1.324	1.416	1.318	1.424	1.475	1.345	1.307	0.619	0.618	0.614	0.657	0.659	0.677	1.475	1.345	1.307	1.519	1.284	1.433
21.33	1.302	1.308	1.331	1.257	1.222	1.232	1.177	1.236	1.211	0.282	0.258	0.266	1.063	1.035	1.075	1.087	0.957	1.072	0.28	0.326	0.327	1.051	1.03	1.02	1.093	1.073	1.055	1.257	1.222	1.232	1.316	1.363	1.345	0.428	0.385	0.367	0.734	0.678	0.599	0.365	0.403	0.37	0.591	0.61	0.662	1.257	1.222	1.232	1.292	1.291	1.225	0.703	1.001	1.01	0.619	0.602	0.626	0.659	0.998	1.038	0.492	0.524	0.522	1.378	1.21	1.23	1.239	1.224	1.347	1.131	1.347	1.143	1.039	1.049	1.03	0.774	0.72	0.758	1.029	1.024	1.043	1.025	1.051	1.028	0.825	0.717	0.71	1.046	1.013	1.05	1.35	1.41	1.228	1.257	1.222	1.232	0.615	0.361	0.556	0.354	0.377	0.284	0.705	0.577	0.141	0.415	0.429	0.427	1.322	1.294	1.292	1.395	1.363	1.372	0.728	0.599	0.632	0.649	0.601	0.586	0.46	0.342	0.33	0.345	0.548	0.574	1.257	1.222	1.232	1.257	1.222	1.232	1.416	0.944	0.911	0.533	0.498	0.492	1.285	1.092	1.033	0.456	0.431	0.496	1.363	1.367	1.442	0.779	0.724	0.742	1.257	1.222	1.232	1.467	1.477	1.543	1.292	1.417	1.421	0.781	0.963	1.23	0.638	1.163	1.304	1.339	1.299	1.376	0.357	0.375	0.336	0.357	0.375	0.336	1.399	1.36	1.243	0.255	0.29	0.257	0.46	0.581	0.567	1.344	1.431	1.365	0.262	0.261	0.248	0.298	0.289	0.264	1.373	1.437	1.448	0.327	0.289	0.31	0.271	0.277	0.276	1.306	1.314	1.246	0.421	0.433	1.204	0.391	0.357	1.268	1.344	1.431	1.365	0.952	0.876	0.843	0.619	0.59	0.593	1.294	1.09	1.355	1.221	1.306	1.007	1.122	0.998	1.047	1.32	1.295	1.364	0.79	0.721	0.771	0.671	0.736	0.795	1.368	1.366	1.311	0.741	0.858	0.842	1.116	1.224	1.162	0.614	0.632	0.761	1.075	1.374	1.329	0.458	0.498	0.535	1.368	1.366	1.311	0.513	0.503	0.494	0.407	0.405	0.33	1.368	1.366	1.311	1.297	1.312	1.264	0.629	0.676	0.683	1.368	1.366	1.311	1.452	1.426	1.467	1.294	1.328	1.43	0.602	0.369	0.553	0.657	0.585	0.507	1.361	1.352	1.327	0.461	0.477	0.627	0.526	0.556	0.675	1.276	1.239	1.294	0.386	0.371	0.379	0.872	0.937	0.9	1.263	1.238	1.243	1.221	1.24	1.242	0.471	0.501	0.403	0.526	0.513	0.536	0.315	0.314	0.317	0.534	0.534	0.563	1.362	1.302	1.332	0.511	0.556	0.544	0.548	0.501	0.548	1.301	1.306	1.338	0.549	0.57	0.589	0.743	0.523	0.887	1.312	1.317	1.305	0.265	0.296	0.287	0.342	0.368	0.35	1.369	1.37	1.351	1.334	1.356	1.399	0.901	0.878	0.911	0.838	0.824	0.823	0.41	0.499	0.498	0.504	0.482	0.438	1.59	1.293	1.381	0.603	0.638	0.65	0.843	0.812	0.695	1.314	1.317	1.469	0.731	0.745	0.712	0.771	0.695	0.77	1.485	1.491	1.509	0.68	0.709	0.74	0.62	0.651	0.698	1.35	1.339	1.368	0.727	0.755	0.73	0.696	0.748	0.644	1.402	1.444	1.407	0.404	0.379	0.586	0.354	0.377	0.284	1.338	1.327	1.332	1.336	1.31	1.349	0.358	0.436	0.424	0.525	0.362	0.372	0.347	0.815	0.371	1.367	1.131	1.294	0.779	0.724	0.742	0.582	0.552	0.55	1.37	1.262	1.416	1.346	1.35	1.338	1.394	1.396	1.39	1.322	1.262	1.308	1.373	1.363	1.413	1.261	1.29	1.258	1.344	1.431	1.365	1.282	1.31	1.243	1.276	1.299	1.277	1.325	1.367	1.321	1.395	1.379	1.406	1.319	1.294	1.321	1.334	1.285	1.183	1.305	1.255	1.3	1.282	1.281	1.279	1.474	1.352	1.314	1.42	1.342	1.361	1.089	0.909	1.12	1.342	1.371	1.404	1.051	1.03	1.02	1.365	1.311	1.384	1.398	1.463	1.419	1.347	1.313	1.249	1.329	1.345	1.315	1.422	1.346	1.25	1.324	1.326	1.356	1.406	1.397	1.221	1.241	1.26	1.321	1.48	1.392	1.258	1.38	1.363	1.461	1.443	1.431	1.392	1.416	1.309	1.329	1.417	1.329	1.422	1.474	1.352	1.314	0.621	0.621	0.616	0.664	0.667	0.682	1.474	1.352	1.314	1.537	1.282	1.431
21.5	1.306	1.31	1.331	1.259	1.221	1.232	1.177	1.24	1.211	0.289	0.263	0.271	1.074	1.042	1.082	1.093	0.962	1.076	0.279	0.327	0.324	1.054	1.038	1.024	1.095	1.078	1.06	1.259	1.221	1.232	1.316	1.367	1.35	0.446	0.425	0.419	0.729	0.662	0.614	0.365	0.402	0.367	0.608	0.634	0.675	1.259	1.221	1.232	1.29	1.289	1.224	0.714	1.009	1.019	0.631	0.604	0.626	0.68	1.01	1.044	0.493	0.537	0.527	1.384	1.219	1.235	1.238	1.223	1.35	1.127	1.35	1.14	1.05	1.057	1.04	0.791	0.727	0.769	1.043	1.03	1.053	1.035	1.063	1.038	0.832	0.728	0.713	1.053	1.022	1.058	1.348	1.407	1.229	1.259	1.221	1.232	0.61	0.369	0.57	0.366	0.388	0.289	0.711	0.586	0.144	0.418	0.432	0.429	1.324	1.295	1.292	1.395	1.367	1.372	0.744	0.586	0.657	0.651	0.61	0.598	0.485	0.358	0.347	0.358	0.544	0.571	1.259	1.221	1.232	1.259	1.221	1.232	1.43	0.966	0.931	0.531	0.499	0.492	1.285	1.111	1.05	0.454	0.429	0.491	1.363	1.367	1.441	0.782	0.728	0.745	1.259	1.221	1.232	1.462	1.443	1.499	1.288	1.415	1.425	0.775	0.944	1.228	0.631	1.144	1.305	1.335	1.299	1.377	0.362	0.38	0.34	0.362	0.38	0.34	1.399	1.361	1.242	0.257	0.291	0.256	0.449	0.583	0.568	1.346	1.431	1.366	0.262	0.261	0.248	0.296	0.286	0.264	1.375	1.439	1.45	0.328	0.289	0.31	0.271	0.272	0.276	1.308	1.317	1.247	0.42	0.453	1.205	0.383	0.353	1.275	1.346	1.431	1.366	0.956	0.885	0.849	0.622	0.591	0.594	1.297	1.082	1.352	1.224	1.304	1.006	1.12	0.99	1.047	1.319	1.298	1.368	0.795	0.732	0.779	0.675	0.74	0.804	1.371	1.369	1.312	0.748	0.863	0.85	1.118	1.224	1.164	0.62	0.639	0.775	1.074	1.374	1.33	0.463	0.503	0.537	1.371	1.369	1.312	0.519	0.508	0.501	0.409	0.408	0.334	1.371	1.369	1.312	1.293	1.306	1.259	0.623	0.676	0.686	1.371	1.369	1.312	1.453	1.423	1.476	1.295	1.323	1.429	0.616	0.373	0.564	0.708	0.596	0.526	1.362	1.359	1.333	0.459	0.474	0.615	0.524	0.551	0.662	1.278	1.242	1.301	0.389	0.374	0.382	0.865	0.936	0.897	1.266	1.239	1.244	1.224	1.239	1.246	0.491	0.525	0.425	0.527	0.511	0.534	0.316	0.314	0.317	0.533	0.533	0.563	1.365	1.307	1.332	0.509	0.554	0.541	0.539	0.5	0.542	1.308	1.317	1.344	0.551	0.579	0.596	0.721	0.518	0.86	1.317	1.318	1.306	0.269	0.303	0.29	0.344	0.372	0.352	1.374	1.375	1.354	1.335	1.358	1.402	0.922	0.888	0.925	0.83	0.834	0.857	0.442	0.505	0.512	0.506	0.477	0.452	1.594	1.298	1.385	0.612	0.644	0.657	0.85	0.823	0.7	1.312	1.323	1.469	0.735	0.753	0.714	0.78	0.702	0.779	1.487	1.489	1.511	0.68	0.714	0.78	0.628	0.657	0.711	1.35	1.339	1.371	0.73	0.758	0.733	0.712	0.755	0.651	1.404	1.442	1.406	0.399	0.374	0.574	0.366	0.388	0.289	1.34	1.327	1.329	1.335	1.308	1.349	0.356	0.439	0.421	0.516	0.365	0.374	0.346	0.783	0.375	1.367	1.109	1.285	0.782	0.728	0.745	0.581	0.551	0.547	1.373	1.267	1.419	1.345	1.352	1.337	1.398	1.403	1.392	1.324	1.265	1.313	1.377	1.37	1.416	1.264	1.289	1.258	1.346	1.431	1.366	1.284	1.312	1.242	1.278	1.3	1.275	1.325	1.367	1.323	1.396	1.379	1.405	1.322	1.297	1.323	1.337	1.285	1.189	1.309	1.256	1.301	1.282	1.281	1.278	1.474	1.361	1.319	1.422	1.345	1.363	1.096	0.914	1.127	1.346	1.374	1.409	1.054	1.038	1.024	1.369	1.314	1.388	1.402	1.466	1.412	1.352	1.313	1.257	1.331	1.345	1.315	1.427	1.348	1.258	1.324	1.331	1.362	1.409	1.397	1.23	1.24	1.26	1.323	1.487	1.4	1.26	1.383	1.366	1.465	1.447	1.435	1.4	1.422	1.317	1.334	1.419	1.334	1.423	1.474	1.361	1.319	0.623	0.624	0.619	0.669	0.673	0.686	1.474	1.361	1.319	1.561	1.28	1.432
21.67	1.311	1.312	1.331	1.259	1.222	1.229	1.179	1.24	1.21	0.296	0.268	0.275	1.084	1.052	1.095	1.097	0.966	1.081	0.279	0.33	0.321	1.063	1.048	1.033	1.1	1.08	1.064	1.259	1.222	1.229	1.316	1.365	1.354	0.417	0.432	0.387	0.736	0.647	0.627	0.363	0.4	0.364	0.622	0.655	0.697	1.259	1.222	1.229	1.29	1.289	1.219	0.726	1.018	1.029	0.638	0.652	0.625	0.694	1.019	1.051	0.514	0.544	0.537	1.388	1.229	1.234	1.237	1.225	1.354	1.129	1.354	1.137	1.056	1.067	1.05	0.803	0.737	0.779	1.052	1.036	1.063	1.045	1.071	1.045	0.841	0.73	0.721	1.06	1.033	1.068	1.351	1.409	1.229	1.259	1.222	1.229	0.62	0.376	0.583	0.376	0.402	0.296	0.728	0.598	0.147	0.42	0.435	0.444	1.325	1.298	1.294	1.393	1.37	1.374	0.722	0.59	0.659	0.662	0.631	0.617	0.48	0.384	0.376	0.378	0.546	0.574	1.259	1.222	1.229	1.259	1.222	1.229	1.439	0.978	0.951	0.528	0.498	0.491	1.286	1.123	1.068	0.452	0.427	0.487	1.363	1.369	1.438	0.785	0.73	0.748	1.259	1.222	1.229	1.456	1.415	1.448	1.285	1.412	1.428	0.768	0.924	1.225	0.625	1.125	1.308	1.335	1.298	1.374	0.367	0.385	0.345	0.367	0.385	0.345	1.402	1.358	1.24	0.258	0.293	0.255	0.44	0.584	0.571	1.346	1.429	1.367	0.263	0.261	0.248	0.298	0.287	0.265	1.376	1.44	1.452	0.329	0.29	0.312	0.271	0.27	0.275	1.309	1.319	1.25	0.426	0.473	1.21	0.381	0.356	1.277	1.346	1.429	1.367	0.96	0.893	0.855	0.625	0.593	0.595	1.301	1.074	1.352	1.228	1.302	1.005	1.116	0.983	1.048	1.318	1.299	1.37	0.799	0.732	0.781	0.679	0.744	0.814	1.373	1.371	1.312	0.754	0.869	0.854	1.12	1.224	1.163	0.624	0.645	0.785	1.074	1.375	1.33	0.466	0.509	0.552	1.373	1.371	1.312	0.526	0.514	0.507	0.413	0.41	0.338	1.373	1.371	1.312	1.287	1.304	1.254	0.621	0.674	0.686	1.373	1.371	1.312	1.454	1.419	1.484	1.294	1.321	1.425	0.625	0.378	0.574	0.665	0.608	0.564	1.367	1.367	1.337	0.458	0.472	0.603	0.522	0.546	0.649	1.278	1.246	1.306	0.39	0.376	0.386	0.859	0.934	0.894	1.268	1.241	1.245	1.231	1.245	1.248	0.502	0.541	0.449	0.529	0.51	0.532	0.317	0.314	0.317	0.531	0.531	0.561	1.368	1.31	1.337	0.506	0.551	0.539	0.531	0.498	0.537	1.315	1.323	1.352	0.555	0.588	0.604	0.7	0.515	0.835	1.318	1.325	1.307	0.273	0.31	0.295	0.346	0.377	0.354	1.376	1.377	1.357	1.335	1.36	1.406	0.915	0.898	0.936	0.833	0.85	0.864	0.433	0.504	0.519	0.505	0.487	0.457	1.598	1.3	1.392	0.62	0.651	0.663	0.854	0.831	0.704	1.313	1.327	1.468	0.739	0.753	0.718	0.783	0.712	0.788	1.486	1.491	1.514	0.683	0.717	0.751	0.63	0.663	0.711	1.348	1.34	1.371	0.734	0.762	0.735	0.7	0.761	0.656	1.399	1.438	1.409	0.394	0.371	0.562	0.376	0.402	0.296	1.343	1.329	1.33	1.333	1.311	1.348	0.355	0.442	0.417	0.511	0.37	0.378	0.346	0.753	0.381	1.367	1.083	1.279	0.785	0.73	0.748	0.579	0.549	0.543	1.377	1.271	1.423	1.344	1.355	1.337	1.403	1.408	1.396	1.328	1.268	1.317	1.383	1.373	1.419	1.265	1.29	1.259	1.346	1.429	1.367	1.284	1.312	1.243	1.278	1.3	1.276	1.321	1.366	1.325	1.396	1.378	1.404	1.318	1.301	1.325	1.339	1.284	1.195	1.312	1.256	1.298	1.281	1.282	1.278	1.479	1.375	1.333	1.424	1.349	1.364	1.103	0.918	1.134	1.347	1.377	1.413	1.063	1.048	1.033	1.372	1.317	1.392	1.404	1.47	1.408	1.356	1.314	1.262	1.334	1.346	1.316	1.43	1.35	1.266	1.326	1.333	1.367	1.412	1.396	1.24	1.24	1.262	1.324	1.49	1.408	1.262	1.386	1.373	1.468	1.45	1.438	1.406	1.43	1.323	1.34	1.422	1.337	1.419	1.479	1.375	1.333	0.625	0.627	0.621	0.675	0.679	0.692	1.479	1.375	1.333	1.582	1.276	1.436
21.83	1.313	1.313	1.331	1.26	1.222	1.23	1.181	1.241	1.214	0.303	0.273	0.28	1.097	1.063	1.104	1.099	0.97	1.085	0.278	0.333	0.319	1.07	1.062	1.037	1.102	1.082	1.078	1.26	1.222	1.23	1.318	1.367	1.356	0.449	0.402	0.419	0.728	0.654	0.631	0.362	0.401	0.365	0.635	0.67	0.717	1.26	1.222	1.23	1.285	1.289	1.217	0.736	1.028	1.039	0.644	0.644	0.641	0.701	1.03	1.064	0.501	0.555	0.548	1.391	1.235	1.235	1.234	1.221	1.357	1.129	1.359	1.135	1.065	1.079	1.057	0.812	0.754	0.787	1.055	1.043	1.074	1.052	1.08	1.051	0.845	0.741	0.725	1.069	1.049	1.078	1.355	1.412	1.232	1.26	1.222	1.23	0.63	0.388	0.599	0.385	0.413	0.303	0.732	0.602	0.147	0.422	0.439	0.443	1.326	1.298	1.297	1.394	1.373	1.373	0.732	0.601	0.664	0.667	0.648	0.64	0.492	0.417	0.429	0.415	0.543	0.575	1.26	1.222	1.23	1.26	1.222	1.23	1.446	0.989	0.966	0.525	0.496	0.489	1.284	1.138	1.089	0.45	0.426	0.483	1.365	1.371	1.437	0.792	0.73	0.75	1.26	1.222	1.23	1.453	1.389	1.401	1.284	1.409	1.43	0.762	0.907	1.224	0.618	1.109	1.315	1.334	1.299	1.371	0.372	0.39	0.349	0.372	0.39	0.349	1.403	1.356	1.24	0.259	0.294	0.255	0.437	0.585	0.573	1.345	1.427	1.367	0.264	0.261	0.248	0.299	0.287	0.265	1.378	1.439	1.453	0.329	0.291	0.313	0.271	0.269	0.275	1.309	1.32	1.253	0.442	0.454	1.212	0.384	0.365	1.28	1.345	1.427	1.367	0.966	0.899	0.859	0.628	0.595	0.597	1.306	1.067	1.35	1.233	1.298	1.005	1.112	0.98	1.05	1.321	1.304	1.374	0.803	0.734	0.789	0.684	0.76	0.82	1.374	1.375	1.315	0.762	0.875	0.861	1.119	1.224	1.165	0.632	0.653	0.791	1.073	1.375	1.331	0.473	0.515	0.558	1.374	1.375	1.315	0.529	0.518	0.519	0.416	0.412	0.341	1.374	1.375	1.315	1.282	1.3	1.249	0.622	0.676	0.691	1.374	1.375	1.315	1.456	1.415	1.489	1.293	1.321	1.419	0.637	0.381	0.584	0.624	0.618	0.597	1.374	1.373	1.341	0.456	0.471	0.593	0.52	0.542	0.638	1.28	1.25	1.311	0.392	0.377	0.388	0.851	0.931	0.89	1.273	1.242	1.246	1.238	1.248	1.25	0.513	0.536	0.466	0.532	0.509	0.531	0.318	0.314	0.317	0.529	0.53	0.56	1.368	1.314	1.343	0.504	0.548	0.538	0.524	0.497	0.534	1.326	1.333	1.358	0.56	0.596	0.612	0.679	0.512	0.808	1.318	1.329	1.311	0.278	0.315	0.299	0.349	0.382	0.357	1.381	1.38	1.361	1.336	1.359	1.41	0.926	0.893	0.926	0.838	0.844	0.865	0.426	0.507	0.517	0.509	0.496	0.468	1.603	1.31	1.396	0.627	0.657	0.669	0.855	0.839	0.708	1.317	1.332	1.465	0.742	0.757	0.723	0.791	0.716	0.796	1.487	1.496	1.513	0.685	0.721	0.763	0.636	0.666	0.715	1.349	1.339	1.37	0.739	0.762	0.744	0.701	0.768	0.661	1.399	1.433	1.411	0.39	0.369	0.55	0.385	0.413	0.303	1.343	1.33	1.331	1.334	1.314	1.349	0.355	0.445	0.413	0.508	0.375	0.383	0.346	0.725	0.389	1.368	1.05	1.277	0.792	0.73	0.75	0.576	0.546	0.54	1.381	1.276	1.424	1.346	1.356	1.337	1.408	1.413	1.398	1.332	1.27	1.318	1.387	1.377	1.421	1.265	1.292	1.258	1.345	1.427	1.367	1.285	1.311	1.243	1.278	1.301	1.275	1.321	1.366	1.328	1.396	1.377	1.404	1.321	1.303	1.325	1.34	1.284	1.201	1.314	1.257	1.297	1.282	1.283	1.279	1.479	1.383	1.339	1.423	1.351	1.366	1.11	0.924	1.14	1.35	1.38	1.417	1.07	1.062	1.037	1.373	1.317	1.393	1.406	1.472	1.405	1.361	1.315	1.268	1.338	1.348	1.319	1.433	1.352	1.276	1.33	1.338	1.373	1.415	1.397	1.25	1.242	1.265	1.325	1.493	1.414	1.264	1.387	1.377	1.471	1.451	1.44	1.409	1.437	1.331	1.344	1.427	1.341	1.416	1.479	1.383	1.339	0.628	0.63	0.624	0.679	0.684	0.699	1.479	1.383	1.339	1.604	1.28	1.433
22.0	1.316	1.313	1.33	1.262	1.221	1.231	1.181	1.245	1.217	0.31	0.279	0.285	1.111	1.071	1.116	1.106	0.974	1.093	0.278	0.337	0.317	1.077	1.073	1.046	1.106	1.089	1.082	1.262	1.221	1.231	1.316	1.37	1.353	0.439	0.446	0.434	0.702	0.67	0.66	0.362	0.402	0.366	0.645	0.684	0.742	1.262	1.221	1.231	1.278	1.29	1.216	0.747	1.032	1.052	0.649	0.64	0.657	0.705	1.038	1.069	0.507	0.565	0.559	1.393	1.243	1.243	1.232	1.226	1.358	1.134	1.367	1.133	1.073	1.092	1.064	0.824	0.765	0.796	1.064	1.046	1.082	1.059	1.087	1.058	0.848	0.749	0.729	1.079	1.056	1.086	1.355	1.411	1.233	1.262	1.221	1.231	0.646	0.396	0.613	0.397	0.424	0.309	0.738	0.609	0.147	0.424	0.442	0.456	1.33	1.297	1.297	1.392	1.374	1.371	0.723	0.608	0.674	0.675	0.668	0.656	0.504	0.471	0.458	0.45	0.542	0.575	1.262	1.221	1.231	1.262	1.221	1.231	1.454	1.003	0.985	0.522	0.495	0.487	1.281	1.15	1.107	0.449	0.424	0.478	1.368	1.372	1.436	0.794	0.73	0.753	1.262	1.221	1.231	1.448	1.364	1.356	1.28	1.409	1.433	0.755	0.891	1.22	0.612	1.09	1.32	1.331	1.302	1.376	0.378	0.394	0.353	0.378	0.394	0.353	1.404	1.353	1.239	0.26	0.296	0.254	0.433	0.587	0.575	1.343	1.428	1.367	0.265	0.262	0.249	0.298	0.286	0.264	1.377	1.438	1.455	0.329	0.292	0.315	0.271	0.267	0.275	1.31	1.321	1.255	0.442	0.491	1.215	0.389	0.372	1.285	1.343	1.428	1.367	0.971	0.903	0.863	0.631	0.598	0.599	1.313	1.058	1.353	1.238	1.295	1.003	1.111	0.983	1.05	1.321	1.306	1.379	0.807	0.739	0.791	0.689	0.758	0.826	1.374	1.379	1.318	0.77	0.877	0.867	1.122	1.224	1.165	0.639	0.66	0.791	1.073	1.375	1.332	0.477	0.52	0.561	1.374	1.379	1.318	0.534	0.526	0.531	0.42	0.416	0.345	1.374	1.379	1.318	1.277	1.296	1.244	0.62	0.679	0.694	1.374	1.379	1.318	1.456	1.411	1.493	1.292	1.323	1.417	0.649	0.386	0.592	0.619	0.627	0.606	1.383	1.377	1.341	0.456	0.469	0.583	0.519	0.538	0.628	1.284	1.254	1.315	0.396	0.381	0.39	0.842	0.928	0.886	1.276	1.247	1.252	1.246	1.252	1.253	0.511	0.546	0.481	0.535	0.509	0.529	0.319	0.315	0.317	0.527	0.529	0.559	1.375	1.319	1.35	0.502	0.546	0.536	0.518	0.496	0.53	1.328	1.343	1.363	0.565	0.604	0.621	0.66	0.508	0.784	1.32	1.332	1.315	0.283	0.32	0.303	0.352	0.385	0.36	1.383	1.383	1.367	1.338	1.363	1.414	0.919	0.906	0.945	0.849	0.856	0.877	0.433	0.511	0.517	0.509	0.506	0.476	1.611	1.311	1.403	0.633	0.664	0.675	0.856	0.845	0.714	1.317	1.334	1.468	0.744	0.757	0.727	0.798	0.722	0.804	1.488	1.499	1.512	0.687	0.725	0.771	0.638	0.668	0.722	1.347	1.338	1.372	0.743	0.763	0.744	0.708	0.773	0.664	1.398	1.437	1.411	0.385	0.366	0.539	0.397	0.424	0.309	1.346	1.327	1.329	1.333	1.315	1.347	0.354	0.448	0.408	0.503	0.38	0.388	0.346	0.699	0.398	1.365	1.011	1.276	0.794	0.73	0.753	0.572	0.541	0.536	1.384	1.279	1.424	1.348	1.358	1.339	1.412	1.414	1.4	1.335	1.271	1.318	1.392	1.38	1.422	1.269	1.291	1.26	1.343	1.428	1.367	1.286	1.312	1.243	1.278	1.302	1.275	1.319	1.366	1.328	1.396	1.376	1.404	1.32	1.305	1.325	1.341	1.285	1.204	1.318	1.258	1.294	1.28	1.284	1.28	1.476	1.389	1.341	1.425	1.352	1.368	1.115	0.931	1.147	1.353	1.385	1.421	1.077	1.073	1.046	1.375	1.322	1.395	1.409	1.474	1.406	1.364	1.315	1.276	1.34	1.349	1.319	1.433	1.354	1.283	1.33	1.343	1.379	1.421	1.397	1.261	1.241	1.268	1.325	1.496	1.417	1.264	1.386	1.383	1.474	1.45	1.443	1.413	1.44	1.341	1.347	1.431	1.346	1.41	1.476	1.389	1.341	0.63	0.633	0.627	0.684	0.69	0.704	1.476	1.389	1.341	1.628	1.281	1.435
22.17	1.318	1.315	1.329	1.261	1.221	1.232	1.183	1.248	1.22	0.318	0.284	0.29	1.126	1.079	1.124	1.111	0.979	1.1	0.278	0.343	0.317	1.082	1.081	1.058	1.108	1.095	1.09	1.261	1.221	1.232	1.317	1.373	1.356	0.453	0.431	0.398	0.7	0.674	0.664	0.365	0.405	0.369	0.66	0.7	0.757	1.261	1.221	1.232	1.276	1.29	1.214	0.758	1.038	1.065	0.651	0.675	0.671	0.708	1.048	1.077	0.509	0.569	0.568	1.391	1.252	1.25	1.23	1.224	1.357	1.135	1.375	1.132	1.087	1.103	1.074	0.833	0.777	0.803	1.073	1.058	1.092	1.068	1.093	1.064	0.847	0.764	0.739	1.087	1.065	1.094	1.354	1.411	1.234	1.261	1.221	1.232	0.647	0.399	0.625	0.405	0.431	0.316	0.731	0.612	0.15	0.425	0.445	0.464	1.332	1.293	1.298	1.392	1.375	1.369	0.734	0.615	0.683	0.683	0.671	0.671	0.514	0.458	0.471	0.454	0.547	0.577	1.261	1.221	1.232	1.261	1.221	1.232	1.449	1.017	1.002	0.519	0.494	0.485	1.275	1.159	1.123	0.447	0.422	0.474	1.367	1.373	1.436	0.794	0.736	0.759	1.261	1.221	1.232	1.446	1.343	1.338	1.275	1.408	1.436	0.747	0.875	1.215	0.606	1.072	1.321	1.327	1.302	1.377	0.383	0.399	0.355	0.383	0.399	0.355	1.405	1.348	1.24	0.261	0.298	0.254	0.43	0.588	0.576	1.344	1.428	1.364	0.267	0.263	0.25	0.3	0.288	0.265	1.376	1.438	1.456	0.33	0.293	0.316	0.271	0.266	0.275	1.31	1.322	1.257	0.462	0.493	1.219	0.4	0.367	1.283	1.344	1.428	1.364	0.976	0.908	0.869	0.632	0.599	0.6	1.324	1.05	1.357	1.238	1.295	1.0	1.105	0.987	1.049	1.321	1.308	1.381	0.808	0.743	0.798	0.693	0.75	0.833	1.374	1.381	1.319	0.779	0.882	0.873	1.123	1.225	1.166	0.644	0.665	0.796	1.073	1.376	1.332	0.481	0.525	0.578	1.374	1.381	1.319	0.539	0.533	0.543	0.422	0.42	0.35	1.374	1.381	1.319	1.272	1.294	1.239	0.624	0.683	0.695	1.374	1.381	1.319	1.456	1.405	1.498	1.29	1.323	1.409	0.658	0.389	0.6	0.622	0.634	0.563	1.385	1.383	1.349	0.455	0.468	0.575	0.519	0.536	0.621	1.288	1.257	1.32	0.4	0.388	0.4	0.833	0.925	0.88	1.281	1.25	1.256	1.256	1.257	1.257	0.544	0.553	0.495	0.54	0.509	0.526	0.321	0.316	0.317	0.525	0.528	0.557	1.38	1.323	1.354	0.5	0.544	0.533	0.513	0.496	0.528	1.327	1.347	1.367	0.572	0.61	0.631	0.644	0.504	0.76	1.328	1.339	1.315	0.288	0.325	0.308	0.356	0.387	0.363	1.386	1.386	1.37	1.343	1.365	1.415	0.929	0.893	0.942	0.858	0.867	0.894	0.449	0.514	0.536	0.513	0.503	0.491	1.616	1.313	1.409	0.639	0.67	0.682	0.858	0.85	0.72	1.318	1.34	1.468	0.748	0.761	0.733	0.801	0.73	0.81	1.488	1.503	1.512	0.691	0.729	0.783	0.641	0.673	0.734	1.344	1.337	1.373	0.745	0.768	0.75	0.713	0.782	0.668	1.397	1.436	1.408	0.38	0.363	0.528	0.405	0.431	0.316	1.347	1.327	1.328	1.332	1.314	1.344	0.353	0.452	0.402	0.499	0.383	0.391	0.346	0.678	0.409	1.362	0.964	1.275	0.794	0.736	0.759	0.568	0.537	0.533	1.386	1.285	1.426	1.349	1.359	1.341	1.415	1.417	1.401	1.336	1.273	1.318	1.399	1.383	1.426	1.27	1.293	1.261	1.344	1.428	1.364	1.287	1.313	1.242	1.279	1.302	1.274	1.317	1.366	1.329	1.396	1.374	1.402	1.321	1.307	1.324	1.341	1.288	1.21	1.32	1.257	1.292	1.28	1.285	1.282	1.471	1.393	1.343	1.425	1.351	1.371	1.119	0.936	1.157	1.359	1.387	1.425	1.082	1.081	1.058	1.377	1.326	1.398	1.413	1.475	1.405	1.366	1.317	1.278	1.34	1.351	1.321	1.438	1.355	1.296	1.328	1.348	1.386	1.421	1.395	1.272	1.238	1.272	1.326	1.499	1.419	1.263	1.387	1.389	1.478	1.45	1.446	1.417	1.448	1.348	1.352	1.435	1.35	1.41	1.471	1.393	1.343	0.633	0.637	0.631	0.689	0.696	0.71	1.471	1.393	1.343	1.648	1.286	1.434
22.33	1.32	1.317	1.33	1.261	1.221	1.231	1.183	1.25	1.222	0.325	0.291	0.295	1.141	1.089	1.138	1.113	0.982	1.104	0.278	0.348	0.316	1.085	1.094	1.063	1.113	1.098	1.102	1.261	1.221	1.231	1.311	1.376	1.356	0.455	0.414	0.433	0.715	0.68	0.664	0.366	0.407	0.37	0.674	0.714	0.772	1.261	1.221	1.231	1.273	1.291	1.212	0.769	1.044	1.073	0.647	0.657	0.682	0.71	1.056	1.083	0.511	0.588	0.583	1.392	1.258	1.251	1.232	1.228	1.357	1.14	1.381	1.133	1.093	1.108	1.084	0.839	0.795	0.814	1.081	1.065	1.101	1.074	1.098	1.07	0.846	0.779	0.752	1.095	1.075	1.103	1.364	1.409	1.234	1.261	1.221	1.231	0.659	0.407	0.635	0.415	0.44	0.323	0.725	0.615	0.152	0.427	0.448	0.467	1.336	1.29	1.298	1.392	1.374	1.366	0.745	0.62	0.698	0.682	0.664	0.671	0.525	0.504	0.477	0.474	0.549	0.583	1.261	1.221	1.231	1.261	1.221	1.231	1.432	1.026	1.016	0.516	0.493	0.484	1.271	1.165	1.138	0.445	0.42	0.469	1.363	1.372	1.435	0.798	0.739	0.758	1.261	1.221	1.231	1.441	1.327	1.299	1.272	1.408	1.44	0.739	0.86	1.211	0.599	1.055	1.325	1.328	1.303	1.377	0.388	0.403	0.358	0.388	0.403	0.358	1.406	1.344	1.242	0.262	0.298	0.254	0.426	0.585	0.577	1.343	1.427	1.362	0.269	0.264	0.25	0.299	0.287	0.263	1.373	1.438	1.454	0.331	0.295	0.317	0.27	0.265	0.276	1.309	1.321	1.258	0.457	0.483	1.219	0.406	0.369	1.283	1.343	1.427	1.362	0.982	0.915	0.87	0.635	0.601	0.602	1.339	1.043	1.356	1.238	1.292	0.998	1.102	0.988	1.049	1.325	1.312	1.384	0.813	0.748	0.804	0.698	0.757	0.838	1.375	1.383	1.319	0.788	0.886	0.88	1.126	1.226	1.166	0.65	0.671	0.796	1.071	1.376	1.333	0.485	0.531	0.582	1.375	1.383	1.319	0.543	0.536	0.55	0.426	0.425	0.356	1.375	1.383	1.319	1.265	1.283	1.231	0.62	0.685	0.696	1.375	1.383	1.319	1.457	1.399	1.5	1.287	1.325	1.404	0.671	0.392	0.611	0.631	0.641	0.54	1.386	1.385	1.357	0.454	0.466	0.567	0.518	0.534	0.615	1.29	1.262	1.326	0.405	0.396	0.415	0.823	0.921	0.875	1.287	1.26	1.263	1.266	1.26	1.262	0.521	0.56	0.499	0.546	0.51	0.525	0.322	0.317	0.317	0.522	0.527	0.556	1.384	1.327	1.363	0.498	0.542	0.531	0.508	0.495	0.525	1.326	1.354	1.371	0.581	0.614	0.641	0.63	0.499	0.739	1.333	1.345	1.315	0.293	0.331	0.312	0.36	0.388	0.367	1.39	1.389	1.373	1.346	1.371	1.416	0.936	0.908	0.95	0.861	0.86	0.903	0.461	0.518	0.536	0.508	0.505	0.494	1.621	1.31	1.408	0.646	0.677	0.688	0.861	0.853	0.727	1.321	1.346	1.47	0.758	0.764	0.74	0.806	0.744	0.815	1.495	1.512	1.514	0.694	0.73	0.8	0.644	0.68	0.741	1.344	1.337	1.377	0.747	0.769	0.753	0.711	0.788	0.677	1.401	1.434	1.407	0.374	0.359	0.518	0.415	0.44	0.323	1.348	1.326	1.327	1.33	1.314	1.343	0.353	0.456	0.399	0.494	0.388	0.395	0.346	0.662	0.419	1.36	0.914	1.274	0.798	0.739	0.758	0.565	0.533	0.53	1.388	1.29	1.429	1.352	1.358	1.341	1.419	1.419	1.406	1.34	1.272	1.318	1.405	1.387	1.431	1.275	1.293	1.262	1.343	1.427	1.362	1.287	1.314	1.243	1.28	1.301	1.274	1.316	1.367	1.333	1.395	1.374	1.401	1.32	1.309	1.326	1.344	1.286	1.214	1.32	1.258	1.294	1.28	1.286	1.284	1.471	1.4	1.35	1.423	1.353	1.373	1.122	0.942	1.164	1.362	1.391	1.429	1.085	1.094	1.063	1.38	1.328	1.402	1.417	1.477	1.405	1.373	1.323	1.288	1.346	1.358	1.327	1.44	1.359	1.309	1.333	1.356	1.396	1.423	1.395	1.284	1.25	1.277	1.33	1.504	1.425	1.271	1.392	1.4	1.484	1.451	1.45	1.419	1.456	1.351	1.357	1.438	1.353	1.407	1.471	1.4	1.35	0.635	0.641	0.634	0.693	0.702	0.716	1.471	1.4	1.35	1.662	1.29	1.438
22.5	1.323	1.32	1.332	1.264	1.221	1.232	1.183	1.252	1.224	0.335	0.297	0.301	1.16	1.097	1.146	1.117	0.986	1.11	0.278	0.351	0.315	1.095	1.106	1.076	1.115	1.101	1.108	1.264	1.221	1.232	1.316	1.376	1.356	0.459	0.435	0.437	0.736	0.695	0.68	0.368	0.41	0.373	0.689	0.728	0.785	1.264	1.221	1.232	1.269	1.293	1.21	0.768	1.054	1.085	0.661	0.66	0.7	0.715	1.063	1.087	0.522	0.588	0.594	1.391	1.263	1.261	1.23	1.234	1.359	1.143	1.384	1.135	1.108	1.115	1.096	0.845	0.804	0.822	1.089	1.073	1.111	1.081	1.106	1.079	0.844	0.795	0.764	1.109	1.086	1.113	1.369	1.408	1.233	1.264	1.221	1.232	0.669	0.412	0.639	0.424	0.448	0.329	0.719	0.614	0.154	0.432	0.449	0.475	1.336	1.288	1.297	1.392	1.373	1.365	0.747	0.627	0.696	0.681	0.668	0.698	0.546	0.427	0.492	0.47	0.554	0.586	1.264	1.221	1.232	1.264	1.221	1.232	1.405	1.034	1.032	0.515	0.492	0.483	1.268	1.168	1.151	0.443	0.419	0.466	1.356	1.372	1.433	0.801	0.744	0.766	1.264	1.221	1.232	1.437	1.306	1.268	1.271	1.405	1.442	0.732	0.845	1.207	0.593	1.036	1.332	1.324	1.305	1.377	0.394	0.407	0.365	0.394	0.407	0.365	1.405	1.34	1.243	0.264	0.297	0.255	0.424	0.585	0.58	1.34	1.425	1.36	0.271	0.266	0.251	0.3	0.286	0.261	1.37	1.437	1.456	0.332	0.296	0.318	0.27	0.265	0.276	1.308	1.32	1.26	0.476	0.512	1.22	0.407	0.368	1.284	1.34	1.425	1.36	0.986	0.922	0.874	0.638	0.602	0.603	1.352	1.038	1.355	1.24	1.295	0.995	1.101	0.985	1.048	1.326	1.316	1.386	0.819	0.751	0.813	0.704	0.765	0.845	1.375	1.386	1.322	0.8	0.889	0.885	1.127	1.228	1.165	0.655	0.678	0.806	1.069	1.377	1.333	0.491	0.536	0.588	1.375	1.386	1.322	0.55	0.54	0.556	0.428	0.429	0.361	1.375	1.386	1.322	1.258	1.274	1.225	0.618	0.683	0.695	1.375	1.386	1.322	1.456	1.396	1.503	1.29	1.326	1.405	0.679	0.395	0.621	0.64	0.647	0.543	1.384	1.383	1.361	0.453	0.465	0.561	0.518	0.532	0.61	1.292	1.267	1.333	0.409	0.406	0.429	0.812	0.916	0.868	1.292	1.268	1.27	1.274	1.265	1.269	0.56	0.565	0.512	0.555	0.511	0.523	0.324	0.319	0.316	0.521	0.526	0.555	1.389	1.333	1.365	0.497	0.538	0.529	0.504	0.495	0.524	1.33	1.359	1.378	0.592	0.616	0.65	0.618	0.495	0.72	1.34	1.348	1.319	0.298	0.337	0.318	0.364	0.39	0.372	1.393	1.394	1.377	1.35	1.377	1.418	0.943	0.915	0.947	0.865	0.873	0.893	0.454	0.522	0.541	0.515	0.513	0.544	1.621	1.313	1.414	0.652	0.682	0.694	0.864	0.855	0.735	1.321	1.348	1.47	0.751	0.765	0.743	0.814	0.737	0.821	1.498	1.515	1.518	0.696	0.736	0.803	0.648	0.68	0.744	1.347	1.338	1.377	0.757	0.769	0.756	0.713	0.788	0.674	1.399	1.429	1.407	0.369	0.356	0.508	0.424	0.448	0.329	1.351	1.327	1.327	1.329	1.313	1.343	0.353	0.46	0.396	0.489	0.394	0.398	0.346	0.652	0.427	1.358	0.865	1.272	0.801	0.744	0.766	0.562	0.53	0.528	1.391	1.294	1.432	1.353	1.361	1.341	1.421	1.421	1.409	1.342	1.273	1.317	1.41	1.391	1.433	1.276	1.294	1.263	1.34	1.425	1.36	1.288	1.315	1.242	1.28	1.3	1.274	1.316	1.366	1.333	1.396	1.373	1.4	1.322	1.311	1.325	1.343	1.286	1.214	1.322	1.258	1.292	1.28	1.288	1.286	1.472	1.412	1.359	1.423	1.355	1.372	1.125	0.948	1.17	1.367	1.394	1.434	1.095	1.106	1.076	1.381	1.33	1.405	1.422	1.478	1.405	1.376	1.322	1.29	1.345	1.357	1.327	1.442	1.361	1.312	1.328	1.353	1.396	1.423	1.393	1.294	1.24	1.272	1.329	1.509	1.425	1.265	1.396	1.405	1.487	1.451	1.453	1.422	1.462	1.357	1.361	1.442	1.356	1.404	1.472	1.412	1.359	0.638	0.645	0.637	0.697	0.707	0.721	1.472	1.412	1.359	1.674	1.297	1.437
22.67	1.324	1.319	1.332	1.264	1.22	1.233	1.186	1.253	1.227	0.346	0.304	0.307	1.175	1.106	1.156	1.119	0.987	1.115	0.278	0.355	0.315	1.11	1.118	1.083	1.12	1.111	1.123	1.264	1.22	1.233	1.317	1.382	1.357	0.463	0.428	0.412	0.728	0.694	0.69	0.37	0.414	0.376	0.7	0.745	0.792	1.264	1.22	1.233	1.268	1.293	1.212	0.773	1.059	1.096	0.672	0.702	0.706	0.718	1.066	1.094	0.525	0.602	0.607	1.388	1.273	1.274	1.232	1.236	1.363	1.144	1.386	1.139	1.116	1.122	1.104	0.852	0.798	0.831	1.096	1.08	1.117	1.091	1.111	1.085	0.846	0.799	0.77	1.118	1.093	1.123	1.376	1.41	1.233	1.264	1.22	1.233	0.68	0.42	0.647	0.432	0.458	0.334	0.713	0.609	0.157	0.433	0.453	0.481	1.334	1.289	1.299	1.392	1.374	1.361	0.757	0.637	0.696	0.689	0.68	0.693	0.577	0.493	0.494	0.483	0.554	0.592	1.264	1.22	1.233	1.264	1.22	1.233	1.381	1.039	1.044	0.512	0.491	0.482	1.263	1.17	1.164	0.44	0.417	0.461	1.352	1.37	1.431	0.81	0.749	0.775	1.264	1.22	1.233	1.434	1.294	1.269	1.27	1.404	1.442	0.725	0.831	1.203	0.587	1.02	1.338	1.325	1.306	1.373	0.399	0.412	0.371	0.399	0.412	0.371	1.405	1.337	1.244	0.266	0.295	0.256	0.423	0.588	0.579	1.339	1.426	1.359	0.272	0.267	0.252	0.302	0.288	0.261	1.365	1.433	1.458	0.332	0.297	0.318	0.27	0.264	0.276	1.31	1.321	1.258	0.472	0.509	1.22	0.412	0.368	1.283	1.339	1.426	1.359	0.989	0.925	0.879	0.641	0.604	0.604	1.364	1.033	1.354	1.243	1.294	0.993	1.1	0.978	1.046	1.329	1.322	1.388	0.82	0.752	0.819	0.707	0.768	0.849	1.377	1.39	1.32	0.81	0.892	0.892	1.128	1.229	1.164	0.661	0.683	0.805	1.069	1.377	1.335	0.494	0.542	0.595	1.377	1.39	1.32	0.553	0.549	0.56	0.432	0.434	0.364	1.377	1.39	1.32	1.253	1.266	1.219	0.618	0.683	0.694	1.377	1.39	1.32	1.455	1.392	1.504	1.29	1.326	1.407	0.687	0.398	0.628	0.647	0.653	0.55	1.385	1.385	1.368	0.453	0.464	0.554	0.518	0.53	0.606	1.296	1.275	1.339	0.416	0.42	0.445	0.801	0.911	0.861	1.297	1.274	1.277	1.28	1.27	1.276	0.554	0.563	0.556	0.566	0.513	0.522	0.327	0.321	0.317	0.519	0.524	0.553	1.393	1.336	1.368	0.495	0.535	0.526	0.501	0.494	0.522	1.331	1.364	1.386	0.605	0.617	0.656	0.607	0.492	0.701	1.344	1.354	1.324	0.303	0.343	0.323	0.368	0.392	0.376	1.396	1.395	1.379	1.353	1.381	1.419	0.95	0.919	0.955	0.873	0.879	0.893	0.457	0.519	0.541	0.513	0.513	0.497	1.623	1.315	1.417	0.658	0.688	0.7	0.869	0.855	0.745	1.323	1.348	1.472	0.754	0.768	0.749	0.818	0.744	0.827	1.497	1.511	1.518	0.702	0.738	0.802	0.654	0.683	0.764	1.347	1.338	1.378	0.763	0.771	0.757	0.717	0.792	0.677	1.395	1.427	1.406	0.365	0.352	0.498	0.432	0.458	0.334	1.351	1.33	1.328	1.328	1.314	1.343	0.354	0.466	0.394	0.485	0.4	0.401	0.346	0.647	0.433	1.355	0.819	1.266	0.81	0.749	0.775	0.559	0.526	0.526	1.391	1.3	1.435	1.355	1.364	1.339	1.424	1.423	1.41	1.343	1.273	1.317	1.415	1.397	1.434	1.279	1.294	1.264	1.339	1.426	1.359	1.289	1.317	1.24	1.279	1.3	1.273	1.317	1.365	1.335	1.397	1.372	1.401	1.322	1.315	1.326	1.342	1.285	1.218	1.322	1.26	1.291	1.28	1.288	1.287	1.472	1.416	1.359	1.422	1.357	1.373	1.127	0.954	1.173	1.369	1.397	1.439	1.11	1.118	1.083	1.384	1.334	1.405	1.425	1.48	1.403	1.378	1.322	1.293	1.343	1.357	1.327	1.445	1.363	1.314	1.327	1.353	1.396	1.424	1.391	1.301	1.239	1.272	1.329	1.511	1.428	1.265	1.396	1.411	1.49	1.452	1.456	1.423	1.467	1.364	1.363	1.444	1.359	1.4	1.472	1.416	1.359	0.641	0.65	0.641	0.701	0.712	0.726	1.472	1.416	1.359	1.69	1.299	1.436
22.83	1.327	1.317	1.335	1.264	1.22	1.233	1.189	1.257	1.227	0.358	0.31	0.313	1.192	1.113	1.164	1.123	0.991	1.124	0.279	0.361	0.315	1.111	1.126	1.093	1.125	1.113	1.13	1.264	1.22	1.233	1.32	1.386	1.359	0.47	0.436	0.445	0.738	0.7	0.697	0.374	0.417	0.379	0.713	0.755	0.794	1.264	1.22	1.233	1.265	1.294	1.213	0.778	1.064	1.107	0.682	0.708	0.723	0.72	1.076	1.097	0.533	0.625	0.623	1.386	1.277	1.28	1.232	1.239	1.364	1.146	1.386	1.149	1.135	1.128	1.111	0.861	0.805	0.838	1.103	1.083	1.126	1.099	1.121	1.09	0.849	0.806	0.775	1.122	1.103	1.126	1.379	1.408	1.232	1.264	1.22	1.233	0.689	0.427	0.656	0.44	0.467	0.341	0.705	0.602	0.159	0.434	0.457	0.484	1.336	1.289	1.298	1.393	1.375	1.359	0.766	0.645	0.694	0.699	0.681	0.709	0.565	0.458	0.505	0.481	0.556	0.592	1.264	1.22	1.233	1.264	1.22	1.233	1.377	1.051	1.054	0.51	0.489	0.481	1.26	1.175	1.177	0.439	0.416	0.458	1.351	1.366	1.429	0.816	0.755	0.777	1.264	1.22	1.233	1.431	1.282	1.24	1.267	1.403	1.439	0.719	0.818	1.201	0.581	1.004	1.345	1.318	1.306	1.369	0.405	0.418	0.376	0.405	0.418	0.376	1.405	1.336	1.243	0.269	0.295	0.257	0.423	0.588	0.575	1.335	1.425	1.358	0.274	0.268	0.253	0.305	0.29	0.262	1.361	1.428	1.458	0.334	0.299	0.32	0.27	0.264	0.276	1.308	1.321	1.257	0.477	0.508	1.222	0.412	0.373	1.284	1.335	1.425	1.358	0.991	0.931	0.881	0.643	0.606	0.605	1.373	1.031	1.356	1.25	1.294	0.991	1.099	0.97	1.043	1.332	1.325	1.389	0.821	0.755	0.823	0.712	0.77	0.855	1.379	1.392	1.323	0.818	0.897	0.898	1.131	1.231	1.163	0.666	0.69	0.798	1.068	1.378	1.335	0.499	0.546	0.603	1.379	1.392	1.323	0.558	0.552	0.568	0.435	0.439	0.367	1.379	1.392	1.323	1.248	1.26	1.212	0.619	0.686	0.697	1.379	1.392	1.323	1.455	1.385	1.505	1.294	1.322	1.404	0.693	0.403	0.634	0.656	0.659	0.56	1.384	1.384	1.376	0.452	0.463	0.549	0.518	0.53	0.602	1.299	1.282	1.346	0.424	0.438	0.458	0.789	0.905	0.853	1.302	1.279	1.283	1.286	1.276	1.28	0.551	0.566	0.529	0.581	0.516	0.52	0.33	0.323	0.317	0.516	0.523	0.552	1.397	1.339	1.371	0.493	0.532	0.523	0.499	0.494	0.519	1.335	1.366	1.393	0.621	0.619	0.659	0.597	0.488	0.683	1.349	1.359	1.325	0.309	0.349	0.328	0.371	0.394	0.379	1.399	1.396	1.382	1.355	1.385	1.419	0.955	0.913	0.958	0.879	0.885	0.908	0.461	0.521	0.547	0.517	0.518	0.564	1.628	1.317	1.416	0.664	0.694	0.706	0.876	0.855	0.754	1.323	1.35	1.475	0.754	0.771	0.754	0.82	0.754	0.835	1.495	1.512	1.518	0.707	0.744	0.813	0.658	0.687	0.775	1.347	1.338	1.379	0.766	0.776	0.76	0.718	0.794	0.681	1.393	1.427	1.404	0.361	0.349	0.49	0.44	0.467	0.341	1.352	1.33	1.327	1.328	1.315	1.342	0.355	0.472	0.392	0.484	0.406	0.406	0.346	0.644	0.439	1.354	0.778	1.258	0.816	0.755	0.777	0.555	0.524	0.524	1.394	1.308	1.437	1.358	1.365	1.341	1.429	1.427	1.411	1.342	1.274	1.316	1.42	1.399	1.435	1.28	1.295	1.265	1.335	1.425	1.358	1.289	1.317	1.24	1.28	1.299	1.273	1.315	1.365	1.335	1.397	1.372	1.401	1.32	1.317	1.323	1.342	1.284	1.223	1.323	1.261	1.288	1.28	1.288	1.29	1.473	1.416	1.36	1.421	1.359	1.375	1.129	0.958	1.184	1.372	1.399	1.446	1.111	1.126	1.093	1.386	1.337	1.408	1.431	1.484	1.403	1.379	1.326	1.296	1.345	1.356	1.329	1.446	1.364	1.318	1.326	1.362	1.4	1.423	1.39	1.307	1.239	1.272	1.329	1.514	1.428	1.267	1.397	1.412	1.494	1.453	1.457	1.425	1.473	1.367	1.364	1.447	1.362	1.398	1.473	1.416	1.36	0.644	0.655	0.645	0.706	0.717	0.731	1.473	1.416	1.36	1.702	1.307	1.436
23.0	1.327	1.319	1.34	1.265	1.221	1.235	1.191	1.261	1.23	0.372	0.319	0.321	1.21	1.126	1.174	1.126	0.995	1.133	0.28	0.365	0.316	1.115	1.139	1.103	1.131	1.119	1.139	1.265	1.221	1.235	1.319	1.388	1.36	0.468	0.433	0.434	0.746	0.702	0.703	0.379	0.421	0.384	0.726	0.764	0.802	1.265	1.221	1.235	1.265	1.294	1.214	0.786	1.065	1.119	0.688	0.704	0.738	0.722	1.084	1.105	0.54	0.627	0.635	1.383	1.276	1.283	1.231	1.235	1.363	1.15	1.384	1.156	1.155	1.134	1.116	0.869	0.819	0.842	1.111	1.087	1.136	1.11	1.126	1.101	0.852	0.808	0.783	1.126	1.109	1.135	1.386	1.408	1.234	1.265	1.221	1.235	0.699	0.433	0.661	0.446	0.477	0.348	0.698	0.593	0.16	0.435	0.462	0.489	1.338	1.287	1.293	1.391	1.375	1.357	0.761	0.655	0.695	0.705	0.712	0.702	0.57	0.443	0.509	0.49	0.561	0.597	1.265	1.221	1.235	1.265	1.221	1.235	1.39	1.066	1.061	0.507	0.488	0.48	1.261	1.179	1.191	0.437	0.414	0.454	1.352	1.368	1.427	0.829	0.763	0.785	1.265	1.221	1.235	1.427	1.277	1.234	1.264	1.402	1.435	0.712	0.804	1.199	0.575	0.991	1.35	1.311	1.31	1.37	0.411	0.424	0.383	0.411	0.424	0.383	1.406	1.337	1.242	0.272	0.291	0.258	0.423	0.589	0.566	1.333	1.425	1.359	0.277	0.27	0.254	0.31	0.293	0.263	1.36	1.42	1.458	0.335	0.3	0.322	0.27	0.264	0.277	1.307	1.318	1.258	0.485	0.513	1.224	0.416	0.373	1.284	1.333	1.425	1.359	0.995	0.934	0.885	0.645	0.608	0.606	1.378	1.029	1.356	1.258	1.295	0.991	1.098	0.962	1.04	1.333	1.329	1.394	0.825	0.758	0.828	0.716	0.773	0.858	1.381	1.394	1.325	0.827	0.9	0.904	1.134	1.233	1.164	0.671	0.698	0.809	1.068	1.378	1.337	0.504	0.552	0.613	1.381	1.394	1.325	0.562	0.555	0.57	0.438	0.442	0.37	1.381	1.394	1.325	1.242	1.255	1.205	0.62	0.688	0.702	1.381	1.394	1.325	1.455	1.386	1.504	1.3	1.318	1.406	0.694	0.409	0.644	0.663	0.665	0.577	1.384	1.381	1.381	0.452	0.463	0.545	0.518	0.529	0.599	1.302	1.291	1.353	0.437	0.449	0.476	0.776	0.898	0.844	1.305	1.283	1.288	1.29	1.282	1.283	0.558	0.57	0.545	0.599	0.52	0.519	0.334	0.326	0.318	0.514	0.521	0.551	1.403	1.343	1.373	0.492	0.529	0.521	0.497	0.494	0.518	1.34	1.364	1.398	0.639	0.619	0.657	0.589	0.484	0.667	1.352	1.365	1.327	0.315	0.355	0.332	0.374	0.397	0.381	1.401	1.398	1.386	1.36	1.39	1.421	0.945	0.928	0.949	0.891	0.901	0.908	0.463	0.521	0.547	0.518	0.516	0.535	1.63	1.321	1.42	0.669	0.7	0.711	0.88	0.858	0.764	1.324	1.355	1.471	0.756	0.776	0.762	0.826	0.759	0.84	1.493	1.512	1.52	0.713	0.75	0.829	0.661	0.691	0.769	1.347	1.34	1.379	0.766	0.781	0.763	0.718	0.803	0.683	1.392	1.426	1.405	0.357	0.346	0.481	0.446	0.477	0.348	1.353	1.33	1.327	1.329	1.316	1.342	0.356	0.479	0.39	0.483	0.411	0.413	0.345	0.641	0.447	1.352	0.744	1.245	0.829	0.763	0.785	0.55	0.522	0.522	1.398	1.316	1.442	1.358	1.366	1.34	1.433	1.431	1.412	1.34	1.274	1.314	1.424	1.402	1.434	1.28	1.297	1.267	1.333	1.425	1.359	1.289	1.317	1.239	1.281	1.297	1.272	1.316	1.365	1.335	1.398	1.371	1.4	1.323	1.319	1.323	1.343	1.284	1.224	1.325	1.259	1.289	1.28	1.291	1.292	1.474	1.418	1.362	1.422	1.362	1.377	1.131	0.961	1.191	1.375	1.4	1.451	1.115	1.139	1.103	1.387	1.339	1.411	1.434	1.485	1.403	1.381	1.327	1.299	1.343	1.356	1.33	1.449	1.365	1.323	1.326	1.357	1.401	1.423	1.388	1.313	1.238	1.274	1.328	1.517	1.43	1.265	1.395	1.413	1.496	1.456	1.461	1.428	1.477	1.368	1.365	1.45	1.361	1.393	1.474	1.418	1.362	0.647	0.66	0.649	0.71	0.722	0.736	1.474	1.418	1.362	1.708	1.31	1.437
23.17	1.329	1.321	1.344	1.267	1.219	1.237	1.193	1.264	1.231	0.386	0.33	0.329	1.222	1.133	1.187	1.13	0.999	1.14	0.281	0.367	0.316	1.126	1.151	1.116	1.132	1.125	1.149	1.267	1.219	1.237	1.317	1.392	1.359	0.468	0.438	0.421	0.758	0.715	0.71	0.384	0.424	0.387	0.736	0.777	0.812	1.267	1.219	1.237	1.262	1.294	1.214	0.787	1.068	1.126	0.719	0.718	0.746	0.728	1.089	1.109	0.552	0.634	0.656	1.383	1.277	1.283	1.235	1.238	1.363	1.149	1.386	1.165	1.18	1.145	1.122	0.873	0.828	0.851	1.115	1.093	1.143	1.119	1.133	1.105	0.855	0.815	0.785	1.138	1.117	1.147	1.388	1.406	1.236	1.267	1.219	1.237	0.711	0.438	0.666	0.453	0.489	0.359	0.691	0.588	0.162	0.436	0.464	0.492	1.339	1.29	1.291	1.392	1.374	1.356	0.772	0.664	0.721	0.72	0.685	0.713	0.569	0.484	0.509	0.494	0.566	0.602	1.267	1.219	1.237	1.267	1.219	1.237	1.403	1.079	1.068	0.504	0.486	0.478	1.257	1.185	1.199	0.435	0.413	0.45	1.351	1.368	1.426	0.866	0.77	0.79	1.267	1.219	1.237	1.423	1.257	1.234	1.26	1.403	1.429	0.705	0.791	1.197	0.569	0.973	1.353	1.31	1.313	1.372	0.417	0.43	0.386	0.417	0.43	0.386	1.406	1.337	1.243	0.275	0.29	0.26	0.422	0.592	0.548	1.33	1.427	1.357	0.279	0.272	0.255	0.31	0.292	0.262	1.359	1.411	1.458	0.337	0.302	0.32	0.27	0.264	0.277	1.306	1.316	1.258	0.487	0.517	1.224	0.426	0.373	1.284	1.33	1.427	1.357	0.996	0.937	0.888	0.647	0.61	0.606	1.379	1.029	1.358	1.266	1.293	0.989	1.101	0.954	1.036	1.336	1.332	1.396	0.826	0.765	0.829	0.719	0.775	0.864	1.387	1.397	1.325	0.837	0.907	0.908	1.139	1.235	1.161	0.676	0.7	0.81	1.068	1.377	1.339	0.509	0.555	0.62	1.387	1.397	1.325	0.569	0.561	0.583	0.441	0.448	0.374	1.387	1.397	1.325	1.235	1.251	1.197	0.621	0.689	0.706	1.387	1.397	1.325	1.455	1.382	1.501	1.298	1.317	1.404	0.701	0.413	0.655	0.67	0.67	0.585	1.385	1.378	1.382	0.452	0.462	0.541	0.518	0.528	0.596	1.309	1.298	1.358	0.455	0.467	0.489	0.763	0.891	0.835	1.307	1.288	1.291	1.296	1.287	1.284	0.568	0.565	0.534	0.62	0.527	0.517	0.341	0.33	0.32	0.511	0.52	0.55	1.405	1.345	1.373	0.49	0.526	0.52	0.496	0.494	0.517	1.345	1.364	1.401	0.661	0.622	0.653	0.582	0.48	0.651	1.356	1.367	1.331	0.321	0.361	0.338	0.376	0.399	0.384	1.403	1.401	1.391	1.364	1.393	1.421	0.948	0.928	0.96	0.895	0.907	0.929	0.459	0.517	0.548	0.515	0.518	0.565	1.636	1.318	1.423	0.675	0.706	0.717	0.881	0.863	0.774	1.326	1.361	1.472	0.759	0.78	0.766	0.833	0.767	0.846	1.494	1.514	1.523	0.72	0.754	0.836	0.664	0.695	0.781	1.347	1.342	1.38	0.763	0.785	0.764	0.741	0.805	0.686	1.389	1.426	1.402	0.353	0.343	0.473	0.453	0.489	0.359	1.354	1.33	1.326	1.328	1.318	1.342	0.358	0.486	0.388	0.482	0.418	0.422	0.344	0.636	0.452	1.348	0.714	1.227	0.866	0.77	0.79	0.543	0.52	0.52	1.401	1.323	1.448	1.363	1.366	1.342	1.436	1.435	1.419	1.339	1.273	1.317	1.427	1.402	1.438	1.282	1.297	1.27	1.33	1.427	1.357	1.287	1.318	1.238	1.282	1.298	1.272	1.313	1.365	1.338	1.398	1.372	1.401	1.321	1.321	1.319	1.343	1.286	1.224	1.323	1.26	1.291	1.281	1.294	1.294	1.476	1.421	1.363	1.421	1.367	1.382	1.134	0.967	1.186	1.377	1.403	1.454	1.126	1.151	1.116	1.389	1.34	1.414	1.439	1.486	1.405	1.385	1.33	1.302	1.344	1.356	1.331	1.449	1.366	1.327	1.328	1.355	1.405	1.42	1.387	1.32	1.236	1.274	1.33	1.52	1.43	1.266	1.395	1.415	1.499	1.458	1.462	1.429	1.479	1.369	1.369	1.455	1.362	1.395	1.476	1.421	1.363	0.65	0.667	0.653	0.714	0.727	0.741	1.476	1.421	1.363	1.716	1.31	1.437
23.33	1.329	1.324	1.345	1.27	1.22	1.239	1.194	1.266	1.233	0.398	0.345	0.339	1.237	1.138	1.201	1.132	1.003	1.148	0.282	0.369	0.316	1.13	1.16	1.124	1.135	1.127	1.162	1.27	1.22	1.239	1.315	1.395	1.363	0.475	0.437	0.45	0.766	0.721	0.71	0.389	0.428	0.389	0.751	0.783	0.818	1.27	1.22	1.239	1.263	1.296	1.214	0.798	1.075	1.131	0.73	0.713	0.757	0.733	1.1	1.116	0.561	0.643	0.679	1.378	1.278	1.284	1.238	1.243	1.362	1.147	1.385	1.174	1.202	1.159	1.131	0.88	0.837	0.859	1.119	1.101	1.151	1.129	1.141	1.11	0.858	0.82	0.794	1.145	1.127	1.155	1.386	1.403	1.24	1.27	1.22	1.239	0.722	0.444	0.67	0.46	0.496	0.375	0.686	0.584	0.165	0.435	0.467	0.502	1.338	1.29	1.288	1.391	1.372	1.357	0.778	0.668	0.701	0.714	0.694	0.716	0.58	0.454	0.517	0.496	0.57	0.605	1.27	1.22	1.239	1.27	1.22	1.239	1.415	1.084	1.075	0.5	0.484	0.477	1.253	1.189	1.205	0.433	0.412	0.446	1.349	1.371	1.425	0.993	0.792	0.82	1.27	1.22	1.239	1.422	1.249	1.238	1.261	1.403	1.419	0.698	0.779	1.195	0.563	0.962	1.356	1.311	1.313	1.371	0.424	0.436	0.389	0.424	0.436	0.389	1.406	1.334	1.244	0.278	0.288	0.261	0.422	0.593	0.528	1.328	1.427	1.355	0.282	0.273	0.256	0.316	0.295	0.263	1.359	1.403	1.457	0.338	0.304	0.322	0.27	0.264	0.277	1.305	1.314	1.255	0.494	0.513	1.224	0.428	0.379	1.283	1.328	1.427	1.355	0.998	0.943	0.893	0.649	0.611	0.607	1.38	1.029	1.36	1.272	1.294	0.989	1.102	0.947	1.033	1.336	1.336	1.399	0.831	0.765	0.834	0.723	0.778	0.869	1.388	1.402	1.328	0.846	0.909	0.913	1.144	1.236	1.161	0.68	0.703	0.813	1.066	1.377	1.341	0.513	0.559	0.63	1.388	1.402	1.328	0.569	0.566	0.585	0.444	0.452	0.377	1.388	1.402	1.328	1.23	1.246	1.189	0.622	0.69	0.708	1.388	1.402	1.328	1.455	1.375	1.5	1.3	1.32	1.403	0.705	0.42	0.664	0.678	0.676	0.589	1.384	1.373	1.382	0.451	0.461	0.537	0.518	0.527	0.593	1.318	1.298	1.361	0.472	0.486	0.5	0.748	0.883	0.826	1.311	1.293	1.297	1.297	1.292	1.282	0.581	0.563	0.527	0.644	0.535	0.515	0.348	0.334	0.322	0.509	0.518	0.548	1.406	1.347	1.373	0.488	0.523	0.518	0.495	0.494	0.515	1.35	1.363	1.405	0.685	0.625	0.649	0.576	0.477	0.637	1.357	1.372	1.334	0.328	0.367	0.344	0.38	0.402	0.386	1.404	1.405	1.395	1.37	1.398	1.425	0.961	0.937	0.968	0.904	0.915	0.919	0.461	0.523	0.551	0.518	0.518	0.528	1.638	1.323	1.426	0.679	0.711	0.722	0.886	0.873	0.784	1.326	1.361	1.472	0.763	0.787	0.771	0.834	0.768	0.851	1.494	1.514	1.525	0.727	0.758	0.844	0.666	0.698	0.785	1.347	1.343	1.379	0.764	0.787	0.766	0.741	0.809	0.688	1.39	1.427	1.4	0.35	0.34	0.465	0.46	0.496	0.375	1.353	1.33	1.327	1.33	1.319	1.341	0.36	0.495	0.387	0.481	0.425	0.433	0.344	0.631	0.461	1.346	0.689	1.209	0.993	0.792	0.82	0.534	0.519	0.518	1.405	1.331	1.452	1.364	1.367	1.343	1.44	1.441	1.418	1.337	1.274	1.314	1.429	1.405	1.438	1.282	1.296	1.27	1.328	1.427	1.355	1.288	1.318	1.237	1.281	1.297	1.271	1.315	1.365	1.339	1.396	1.371	1.399	1.323	1.322	1.317	1.341	1.286	1.224	1.324	1.26	1.292	1.28	1.294	1.296	1.479	1.423	1.364	1.421	1.373	1.383	1.136	0.971	1.182	1.38	1.406	1.459	1.13	1.16	1.124	1.391	1.34	1.416	1.442	1.488	1.406	1.386	1.334	1.307	1.348	1.354	1.331	1.451	1.367	1.329	1.329	1.364	1.403	1.423	1.386	1.327	1.236	1.275	1.33	1.522	1.431	1.266	1.396	1.416	1.502	1.458	1.464	1.43	1.483	1.37	1.372	1.459	1.362	1.394	1.479	1.423	1.364	0.655	0.674	0.658	0.717	0.732	0.746	1.479	1.423	1.364	1.729	1.308	1.436
23.5	1.328	1.325	1.347	1.274	1.22	1.242	1.194	1.269	1.234	0.414	0.373	0.354	1.25	1.15	1.211	1.137	1.008	1.155	0.284	0.37	0.316	1.138	1.167	1.137	1.145	1.133	1.167	1.274	1.22	1.242	1.311	1.395	1.361	0.475	0.441	0.447	0.778	0.732	0.717	0.395	0.43	0.389	0.759	0.789	0.823	1.274	1.22	1.242	1.26	1.296	1.215	0.807	1.08	1.139	0.733	0.72	0.764	0.743	1.108	1.124	0.569	0.657	0.697	1.372	1.279	1.291	1.238	1.243	1.361	1.149	1.382	1.183	1.23	1.17	1.141	0.891	0.845	0.868	1.125	1.111	1.161	1.141	1.149	1.122	0.86	0.83	0.804	1.154	1.141	1.169	1.384	1.401	1.242	1.274	1.22	1.242	0.73	0.45	0.673	0.468	0.503	0.389	0.684	0.584	0.168	0.435	0.471	0.504	1.34	1.287	1.283	1.388	1.369	1.357	0.753	0.678	0.716	0.726	0.718	0.722	0.579	0.482	0.522	0.499	0.574	0.607	1.274	1.22	1.242	1.274	1.22	1.242	1.421	1.091	1.08	0.496	0.482	0.476	1.248	1.195	1.204	0.431	0.41	0.443	1.35	1.371	1.423	0.9	0.776	0.848	1.274	1.22	1.242	1.419	1.247	1.22	1.261	1.405	1.409	0.691	0.768	1.191	0.557	0.944	1.357	1.311	1.313	1.367	0.429	0.443	0.395	0.429	0.443	0.395	1.407	1.335	1.245	0.282	0.288	0.264	0.422	0.596	0.511	1.328	1.428	1.354	0.284	0.275	0.257	0.319	0.297	0.262	1.357	1.397	1.454	0.339	0.305	0.323	0.27	0.264	0.278	1.304	1.311	1.254	0.501	0.517	1.223	0.428	0.387	1.283	1.328	1.428	1.354	1.0	0.946	0.898	0.652	0.612	0.608	1.381	1.031	1.358	1.276	1.296	0.989	1.1	0.94	1.032	1.337	1.341	1.401	0.833	0.767	0.836	0.726	0.782	0.874	1.392	1.411	1.327	0.855	0.916	0.918	1.146	1.239	1.161	0.683	0.707	0.818	1.065	1.377	1.343	0.515	0.563	0.64	1.392	1.411	1.327	0.572	0.568	0.592	0.446	0.456	0.381	1.392	1.411	1.327	1.224	1.24	1.181	0.622	0.688	0.71	1.392	1.411	1.327	1.454	1.378	1.494	1.305	1.318	1.404	0.716	0.428	0.675	0.684	0.682	0.595	1.383	1.373	1.383	0.451	0.46	0.533	0.518	0.527	0.59	1.324	1.306	1.362	0.482	0.5	0.51	0.735	0.873	0.816	1.316	1.299	1.302	1.301	1.294	1.281	0.551	0.567	0.547	0.673	0.546	0.515	0.36	0.339	0.326	0.508	0.516	0.547	1.409	1.352	1.374	0.486	0.52	0.517	0.494	0.493	0.514	1.353	1.363	1.409	0.708	0.629	0.645	0.57	0.474	0.626	1.359	1.37	1.338	0.335	0.374	0.349	0.382	0.404	0.389	1.408	1.409	1.397	1.375	1.401	1.425	0.965	0.937	0.961	0.914	0.909	0.918	0.466	0.523	0.558	0.525	0.516	0.558	1.634	1.322	1.425	0.685	0.717	0.728	0.892	0.881	0.794	1.327	1.366	1.47	0.764	0.791	0.777	0.839	0.772	0.856	1.495	1.512	1.523	0.736	0.765	0.851	0.666	0.703	0.781	1.349	1.345	1.38	0.767	0.789	0.767	0.737	0.813	0.691	1.387	1.429	1.395	0.347	0.338	0.457	0.468	0.503	0.389	1.353	1.33	1.328	1.331	1.321	1.34	0.363	0.505	0.385	0.48	0.432	0.447	0.344	0.625	0.471	1.345	0.669	1.189	0.9	0.776	0.848	0.525	0.517	0.517	1.407	1.336	1.455	1.366	1.369	1.343	1.443	1.445	1.42	1.335	1.274	1.311	1.433	1.405	1.441	1.284	1.297	1.27	1.328	1.428	1.354	1.287	1.318	1.236	1.281	1.297	1.27	1.314	1.365	1.34	1.396	1.371	1.398	1.323	1.324	1.315	1.34	1.284	1.223	1.325	1.259	1.292	1.282	1.295	1.296	1.481	1.427	1.365	1.421	1.377	1.386	1.138	0.972	1.181	1.383	1.408	1.462	1.138	1.167	1.137	1.393	1.342	1.421	1.445	1.489	1.407	1.39	1.336	1.31	1.348	1.353	1.328	1.451	1.366	1.327	1.329	1.356	1.403	1.423	1.385	1.334	1.237	1.279	1.33	1.524	1.433	1.266	1.394	1.417	1.504	1.46	1.466	1.432	1.486	1.373	1.372	1.464	1.363	1.394	1.481	1.427	1.365	0.659	0.682	0.663	0.721	0.736	0.75	1.481	1.427	1.365	1.746	1.308	1.433
23.67	1.328	1.327	1.346	1.273	1.221	1.243	1.195	1.272	1.238	0.438	0.456	0.375	1.262	1.158	1.216	1.139	1.012	1.163	0.286	0.372	0.317	1.149	1.178	1.151	1.148	1.136	1.176	1.273	1.221	1.243	1.314	1.397	1.363	0.476	0.442	0.454	0.793	0.745	0.72	0.401	0.432	0.393	0.753	0.797	0.826	1.273	1.221	1.243	1.26	1.296	1.216	0.81	1.085	1.147	0.733	0.743	0.776	0.748	1.118	1.127	0.576	0.661	0.711	1.37	1.281	1.298	1.24	1.244	1.363	1.15	1.381	1.193	1.248	1.177	1.147	0.895	0.854	0.878	1.132	1.114	1.169	1.158	1.157	1.132	0.862	0.839	0.809	1.16	1.15	1.177	1.384	1.398	1.241	1.273	1.221	1.243	0.738	0.456	0.674	0.478	0.51	0.402	0.683	0.583	0.171	0.439	0.474	0.508	1.343	1.289	1.283	1.387	1.37	1.361	0.779	0.683	0.729	0.746	0.712	0.729	0.591	0.463	0.523	0.502	0.58	0.608	1.273	1.221	1.243	1.273	1.221	1.243	1.423	1.099	1.087	0.494	0.482	0.475	1.248	1.198	1.205	0.429	0.409	0.44	1.352	1.372	1.422	0.69	0.793	0.852	1.273	1.221	1.243	1.418	1.234	1.216	1.259	1.403	1.4	0.684	0.757	1.187	0.551	0.929	1.356	1.315	1.314	1.368	0.435	0.448	0.399	0.435	0.448	0.399	1.407	1.335	1.247	0.286	0.29	0.266	0.423	0.598	0.498	1.329	1.428	1.353	0.286	0.278	0.259	0.323	0.299	0.263	1.355	1.392	1.451	0.34	0.307	0.324	0.269	0.263	0.278	1.304	1.308	1.254	0.504	0.526	1.222	0.435	0.389	1.282	1.329	1.428	1.353	1.001	0.948	0.9	0.654	0.613	0.609	1.38	1.035	1.356	1.28	1.298	0.99	1.098	0.932	1.032	1.337	1.344	1.405	0.837	0.771	0.841	0.73	0.784	0.88	1.395	1.419	1.328	0.86	0.919	0.922	1.148	1.243	1.161	0.688	0.717	0.816	1.065	1.376	1.345	0.52	0.569	0.644	1.395	1.419	1.328	0.582	0.573	0.594	0.45	0.46	0.386	1.395	1.419	1.328	1.217	1.232	1.173	0.621	0.688	0.713	1.395	1.419	1.328	1.452	1.374	1.493	1.309	1.32	1.407	0.722	0.438	0.684	0.691	0.688	0.6	1.383	1.371	1.384	0.451	0.46	0.53	0.518	0.526	0.588	1.329	1.31	1.361	0.494	0.519	0.522	0.72	0.863	0.806	1.32	1.302	1.307	1.306	1.295	1.284	0.58	0.567	0.557	0.705	0.56	0.514	0.38	0.346	0.33	0.505	0.514	0.545	1.411	1.357	1.375	0.485	0.516	0.515	0.493	0.493	0.513	1.357	1.362	1.411	0.726	0.636	0.641	0.563	0.47	0.615	1.364	1.367	1.34	0.343	0.381	0.355	0.385	0.406	0.392	1.412	1.415	1.401	1.383	1.404	1.429	0.957	0.941	0.959	0.922	0.91	0.926	0.474	0.521	0.562	0.523	0.516	0.578	1.638	1.327	1.43	0.69	0.722	0.734	0.898	0.886	0.801	1.329	1.369	1.47	0.766	0.79	0.782	0.843	0.777	0.862	1.496	1.515	1.526	0.746	0.77	0.857	0.675	0.708	0.789	1.351	1.348	1.38	0.768	0.792	0.777	0.745	0.817	0.694	1.383	1.431	1.393	0.344	0.336	0.45	0.478	0.51	0.402	1.355	1.329	1.327	1.331	1.323	1.339	0.366	0.517	0.383	0.477	0.439	0.464	0.344	0.62	0.481	1.344	0.651	1.167	0.69	0.793	0.852	0.518	0.517	0.515	1.411	1.34	1.459	1.366	1.37	1.347	1.446	1.449	1.421	1.335	1.273	1.312	1.435	1.409	1.443	1.285	1.297	1.271	1.329	1.428	1.353	1.287	1.319	1.235	1.282	1.296	1.271	1.313	1.367	1.337	1.397	1.371	1.398	1.323	1.328	1.312	1.339	1.284	1.224	1.323	1.261	1.29	1.282	1.296	1.297	1.482	1.429	1.367	1.418	1.381	1.385	1.14	0.972	1.183	1.385	1.41	1.466	1.149	1.178	1.151	1.395	1.342	1.422	1.45	1.491	1.407	1.392	1.34	1.315	1.348	1.354	1.329	1.455	1.368	1.327	1.326	1.359	1.406	1.426	1.384	1.34	1.237	1.283	1.329	1.527	1.433	1.271	1.395	1.417	1.507	1.46	1.468	1.434	1.486	1.376	1.372	1.469	1.365	1.391	1.482	1.429	1.367	0.664	0.691	0.669	0.725	0.741	0.755	1.482	1.429	1.367	1.751	1.306	1.431
23.83	1.327	1.328	1.346	1.272	1.221	1.243	1.197	1.274	1.243	0.462	0.414	0.464	1.268	1.163	1.228	1.146	1.016	1.172	0.287	0.374	0.316	1.156	1.188	1.156	1.155	1.142	1.182	1.272	1.221	1.243	1.315	1.397	1.367	0.474	0.446	0.446	0.808	0.743	0.731	0.405	0.436	0.396	0.756	0.802	0.832	1.272	1.221	1.243	1.259	1.296	1.219	0.816	1.086	1.159	0.752	0.755	0.79	0.756	1.124	1.13	0.586	0.666	0.73	1.365	1.279	1.305	1.238	1.244	1.362	1.151	1.384	1.201	1.239	1.183	1.158	0.903	0.866	0.887	1.136	1.119	1.175	1.17	1.163	1.135	0.862	0.846	0.816	1.167	1.16	1.189	1.39	1.395	1.24	1.272	1.221	1.243	0.741	0.462	0.671	0.489	0.519	0.412	0.689	0.582	0.174	0.44	0.478	0.513	1.343	1.287	1.283	1.387	1.371	1.359	0.767	0.691	0.726	0.753	0.715	0.734	0.596	0.496	0.524	0.508	0.588	0.612	1.272	1.221	1.243	1.272	1.221	1.243	1.418	1.105	1.093	0.492	0.48	0.473	1.24	1.2	1.209	0.426	0.408	0.437	1.351	1.373	1.421	0.668	0.735	0.73	1.272	1.221	1.243	1.416	1.222	1.198	1.261	1.402	1.393	0.677	0.746	1.185	0.545	0.915	1.354	1.319	1.314	1.367	0.442	0.454	0.404	0.442	0.454	0.404	1.408	1.334	1.247	0.29	0.29	0.269	0.424	0.599	0.483	1.328	1.429	1.353	0.289	0.28	0.26	0.327	0.301	0.263	1.354	1.386	1.448	0.342	0.309	0.325	0.27	0.263	0.279	1.303	1.307	1.253	0.509	0.528	1.221	0.441	0.394	1.283	1.328	1.429	1.353	1.002	0.948	0.903	0.657	0.615	0.611	1.378	1.038	1.355	1.282	1.297	0.99	1.093	0.925	1.033	1.342	1.345	1.407	0.84	0.773	0.847	0.733	0.787	0.884	1.398	1.425	1.331	0.867	0.924	0.926	1.149	1.244	1.161	0.694	0.719	0.821	1.064	1.376	1.346	0.523	0.573	0.654	1.398	1.425	1.331	0.577	0.578	0.604	0.453	0.465	0.389	1.398	1.425	1.331	1.206	1.224	1.163	0.62	0.683	0.716	1.398	1.425	1.331	1.451	1.37	1.486	1.313	1.322	1.407	0.729	0.444	0.681	0.696	0.694	0.606	1.381	1.37	1.387	0.45	0.459	0.528	0.518	0.526	0.586	1.335	1.313	1.364	0.505	0.534	0.537	0.704	0.852	0.794	1.324	1.305	1.309	1.309	1.296	1.282	0.565	0.565	0.534	0.74	0.578	0.513	0.391	0.357	0.334	0.503	0.512	0.544	1.411	1.36	1.377	0.483	0.514	0.513	0.492	0.492	0.511	1.359	1.359	1.415	0.733	0.645	0.64	0.558	0.467	0.606	1.367	1.365	1.343	0.351	0.39	0.361	0.388	0.408	0.394	1.417	1.42	1.402	1.391	1.408	1.433	0.978	0.949	0.975	0.926	0.932	0.927	0.482	0.526	0.565	0.52	0.514	0.537	1.641	1.329	1.434	0.696	0.727	0.738	0.902	0.881	0.811	1.331	1.373	1.472	0.769	0.795	0.785	0.847	0.791	0.867	1.495	1.516	1.524	0.752	0.776	0.865	0.675	0.711	0.794	1.354	1.351	1.379	0.768	0.793	0.779	0.739	0.824	0.699	1.381	1.433	1.393	0.341	0.334	0.443	0.489	0.519	0.412	1.354	1.326	1.326	1.332	1.324	1.337	0.369	0.53	0.382	0.476	0.446	0.48	0.344	0.613	0.491	1.342	0.638	1.145	0.668	0.735	0.73	0.511	0.516	0.513	1.414	1.345	1.465	1.368	1.372	1.347	1.447	1.454	1.425	1.334	1.271	1.309	1.438	1.411	1.449	1.287	1.297	1.271	1.328	1.429	1.353	1.286	1.317	1.234	1.282	1.295	1.271	1.313	1.367	1.342	1.397	1.37	1.397	1.326	1.33	1.311	1.34	1.284	1.226	1.323	1.262	1.291	1.284	1.297	1.298	1.483	1.432	1.368	1.417	1.384	1.387	1.144	0.975	1.185	1.387	1.413	1.47	1.156	1.188	1.156	1.398	1.343	1.425	1.452	1.493	1.408	1.394	1.343	1.313	1.347	1.355	1.329	1.457	1.369	1.324	1.321	1.363	1.407	1.425	1.383	1.346	1.236	1.287	1.33	1.529	1.437	1.273	1.395	1.418	1.509	1.461	1.47	1.438	1.488	1.38	1.373	1.474	1.37	1.389	1.483	1.432	1.368	0.669	0.702	0.674	0.728	0.746	0.759	1.483	1.432	1.368	1.755	1.305	1.427
24.0	1.327	1.33	1.347	1.271	1.222	1.245	1.199	1.273	1.241	0.504	0.492	0.426	1.274	1.178	1.241	1.15	1.02	1.183	0.288	0.377	0.316	1.163	1.199	1.169	1.162	1.151	1.188	1.271	1.222	1.245	1.318	1.396	1.367	0.47	0.447	0.44	0.817	0.746	0.744	0.408	0.441	0.401	0.777	0.807	0.841	1.271	1.222	1.245	1.258	1.295	1.223	0.829	1.09	1.163	0.755	0.777	0.794	0.761	1.129	1.135	0.599	0.677	0.733	1.36	1.282	1.311	1.242	1.246	1.361	1.153	1.39	1.21	1.236	1.188	1.164	0.912	0.874	0.892	1.14	1.129	1.183	1.185	1.165	1.14	0.864	0.85	0.823	1.172	1.17	1.2	1.392	1.393	1.241	1.271	1.222	1.245	0.749	0.469	0.662	0.498	0.528	0.425	0.692	0.58	0.177	0.445	0.481	0.513	1.341	1.284	1.284	1.385	1.372	1.365	0.774	0.697	0.732	0.752	0.747	0.747	0.609	0.5	0.527	0.51	0.596	0.617	1.271	1.222	1.245	1.271	1.222	1.245	1.407	1.109	1.098	0.491	0.479	0.472	1.234	1.203	1.218	0.425	0.406	0.434	1.35	1.375	1.421	0.665	0.632	0.607	1.271	1.222	1.245	1.415	1.217	1.24	1.256	1.402	1.388	0.67	0.734	1.185	0.54	0.902	1.352	1.321	1.314	1.366	0.447	0.46	0.409	0.447	0.46	0.409	1.408	1.333	1.243	0.294	0.291	0.271	0.424	0.6	0.475	1.329	1.426	1.353	0.291	0.282	0.261	0.33	0.303	0.264	1.353	1.385	1.445	0.343	0.311	0.328	0.27	0.263	0.279	1.3	1.303	1.252	0.513	0.531	1.219	0.445	0.394	1.282	1.329	1.426	1.353	1.003	0.951	0.907	0.658	0.616	0.612	1.375	1.039	1.357	1.285	1.297	0.989	1.091	0.919	1.036	1.345	1.35	1.408	0.842	0.777	0.852	0.735	0.792	0.89	1.401	1.429	1.33	0.871	0.926	0.93	1.154	1.244	1.163	0.696	0.722	0.822	1.064	1.375	1.348	0.526	0.58	0.661	1.401	1.429	1.33	0.579	0.58	0.611	0.456	0.469	0.393	1.401	1.429	1.33	1.198	1.216	1.156	0.618	0.681	0.716	1.401	1.429	1.33	1.448	1.364	1.479	1.316	1.322	1.409	0.732	0.449	0.679	0.702	0.7	0.611	1.381	1.366	1.389	0.45	0.459	0.524	0.518	0.525	0.584	1.336	1.317	1.366	0.515	0.543	0.546	0.689	0.841	0.781	1.328	1.308	1.311	1.311	1.296	1.282	0.554	0.567	0.537	0.777	0.599	0.513	0.407	0.369	0.338	0.501	0.51	0.543	1.411	1.359	1.379	0.482	0.511	0.51	0.492	0.492	0.51	1.363	1.359	1.416	0.736	0.656	0.639	0.553	0.464	0.598	1.365	1.36	1.344	0.36	0.401	0.368	0.39	0.41	0.396	1.419	1.424	1.405	1.397	1.412	1.434	0.966	0.955	0.968	0.93	0.924	0.943	0.478	0.525	0.566	0.523	0.528	0.557	1.648	1.33	1.432	0.701	0.732	0.743	0.903	0.876	0.823	1.332	1.376	1.472	0.769	0.8	0.788	0.849	0.79	0.872	1.496	1.518	1.526	0.76	0.782	0.87	0.683	0.715	0.806	1.354	1.353	1.379	0.77	0.795	0.778	0.748	0.828	0.701	1.38	1.434	1.395	0.338	0.332	0.436	0.498	0.528	0.425	1.354	1.324	1.326	1.333	1.323	1.336	0.373	0.545	0.38	0.474	0.456	0.493	0.346	0.607	0.501	1.339	0.629	1.126	0.665	0.632	0.607	0.505	0.514	0.51	1.418	1.35	1.466	1.37	1.371	1.347	1.448	1.459	1.424	1.332	1.271	1.31	1.439	1.416	1.449	1.288	1.295	1.272	1.329	1.426	1.353	1.285	1.316	1.233	1.282	1.295	1.27	1.312	1.369	1.34	1.396	1.371	1.396	1.324	1.331	1.309	1.341	1.283	1.226	1.322	1.262	1.29	1.284	1.298	1.3	1.483	1.435	1.371	1.417	1.387	1.387	1.153	0.977	1.187	1.388	1.414	1.472	1.163	1.199	1.169	1.398	1.342	1.428	1.455	1.495	1.409	1.396	1.352	1.317	1.348	1.352	1.332	1.457	1.37	1.324	1.321	1.356	1.409	1.423	1.384	1.353	1.236	1.291	1.33	1.531	1.437	1.272	1.395	1.418	1.512	1.463	1.471	1.439	1.488	1.381	1.376	1.48	1.372	1.388	1.483	1.435	1.371	0.674	0.71	0.681	0.731	0.75	0.762	1.483	1.435	1.371	1.758	1.303	1.421
