Time	curve_A	curve_B	curve_C	curve_D	curve_E	curve_F	curve_G	curve_H	curve_I	curve_J	curve_K	curve_L	curve_M	curve_N	curve_O	curve_P	curve_Q	curve_R	curve_S	curve_T	curve_U	curve_V	curve_W	curve_X	curve_Y	curve_Z	curve_AA	curve_AB	curve_AC	curve_AD	curve_AE	curve_AF	curve_AG	curve_AH	curve_AI	curve_AJ	curve_AK	curve_AL	curve_AM	curve_AN	curve_AO	curve_AP	curve_AQ	curve_AR	curve_AS	curve_AT	curve_AU	curve_AV	curve_AW	curve_AX	curve_AY	curve_AZ	curve_BA	curve_BB	curve_BC	curve_BD	curve_BE	curve_BF	curve_BG	curve_BH	curve_BI	curve_BJ	curve_BK	curve_BL	curve_BM	curve_BN	curve_BO	curve_BP	curve_BQ	curve_BR	curve_BS	curve_BT	curve_BU	curve_BV	curve_BW	curve_BX	curve_BY	curve_BZ	curve_CA	curve_CB	curve_CC	curve_CD	curve_CE	curve_CF	curve_CG	curve_CH	curve_CI	curve_CJ	curve_CK	curve_CL	curve_CM	curve_CN	curve_CO	curve_CP	curve_CQ	curve_CR	curve_CS	curve_CT	curve_CU	curve_CV	curve_CW	curve_CX	curve_CY	curve_CZ	curve_DA	curve_DB	curve_DC	curve_DD	curve_DE	curve_DF	curve_DG	curve_DH	curve_DI	curve_DJ	curve_DK	curve_DL	curve_DM	curve_DN	curve_DO	curve_DP	curve_DQ	curve_DR	curve_DS	curve_DT	curve_DU	curve_DV	curve_DW	curve_DX	curve_DY	curve_DZ	curve_EA	curve_EB	curve_EC	curve_ED	curve_EE	curve_EF	curve_EG	curve_EH	curve_EI	curve_EJ	curve_EK	curve_EL	curve_EM	curve_EN	curve_EO	curve_EP	curve_EQ	curve_ER	curve_ES	curve_ET	curve_EU	curve_EV	curve_EW	curve_EX	curve_EY	curve_EZ	curve_FA	curve_FB	curve_FC	curve_FD	curve_FE	curve_FF	curve_FG	curve_FH	curve_FI	curve_FJ	curve_FK	curve_FL	curve_FM	curve_FN	curve_FO	curve_FP	curve_FQ	curve_FR	curve_FS	curve_FT	curve_FU	curve_FV	curve_FW	curve_FX	curve_FY	curve_FZ	curve_GA	curve_GB	curve_GC	curve_GD	curve_GE	curve_GF	curve_GG	curve_GH	curve_GI	curve_GJ	curve_GK	curve_GL	curve_GM	curve_GN	curve_GO	curve_GP	curve_GQ	curve_GR	curve_GS	curve_GT	curve_GU	curve_GV	curve_GW	curve_GX	curve_GY	curve_GZ	curve_HA	curve_HB	curve_HC	curve_HD	curve_HE	curve_HF	curve_HG	curve_HH	curve_HI	curve_HJ	curve_HK	curve_HL	curve_HM	curve_HN	curve_HO	curve_HP	curve_HQ	curve_HR	curve_HS	curve_HT	curve_HU	curve_HV	curve_HW
0.0	0.106	0.107	0.104	0.102	0.104	0.104	0.106	0.104	0.104	0.108	0.11	0.109	0.104	0.105	0.104	0.105	0.104	0.105	0.108	0.103	0.105	0.106	0.104	0.103	0.104	0.104	0.105	0.106	0.11	0.106	0.102	0.104	0.105	0.106	0.106	0.106	0.107	0.105	0.105	0.104	0.105	0.104	0.104	0.105	0.105	0.105	0.107	0.108	0.105	0.121	0.149	0.108	0.105	0.106	0.107	0.104	0.111	0.114	0.107	0.106	0.103	0.107	0.106	0.117	0.118	0.115	0.108	0.109	0.107	0.114	0.118	0.117	0.104	0.107	0.106	0.107	0.107	0.103	0.105	0.107	0.106	0.108	0.108	0.107	0.113	0.108	0.108	0.104	0.108	0.108	0.105	0.107	0.106	0.113	0.111	0.112	0.113	0.116	0.114	0.111	0.11	0.11	0.115	0.111	0.115	0.114	0.115	0.11	0.117	0.111	0.114	0.111	0.113	0.115	0.113	0.109	0.109	0.104	0.105	0.106	0.109	0.11	0.109	0.106	0.109	0.11	0.104	0.11	0.11	0.104	0.107	0.108	0.107	0.107	0.108	0.102	0.104	0.103	0.108	0.108	0.109	0.109	0.11	0.109	0.107	0.106	0.105	0.106	0.11	0.11	0.118	0.113	0.115	0.107	0.109	0.109	0.108	0.107	0.106	0.108	0.108	0.108	0.105	0.105	0.109	0.107	0.106	0.108	0.108	0.11	0.109	0.107	0.106	0.103	0.108	0.108	0.106	0.107	0.104	0.111	0.111	0.11	0.11	0.108	0.107	0.106	0.11	0.11	0.109	0.113	0.112	0.108	0.116	0.115	0.113	0.11	0.11	0.113	0.111	0.112	0.113	0.108	0.108	0.108	0.107	0.11	0.107	0.106	0.109	0.107	0.11	0.108	0.108	0.107	0.111	0.11	0.109	0.111	0.107	0.117	0.115	0.112	0.11	0.108	0.109	0.108	0.108	0.108	0.109	0.107	0.108
0.17	0.105	0.107	0.104	0.105	0.105	0.106	0.107	0.108	0.106	0.11	0.111	0.106	0.108	0.109	0.108	0.108	0.108	0.11	0.108	0.107	0.109	0.109	0.107	0.107	0.109	0.109	0.108	0.107	0.111	0.108	0.104	0.11	0.11	0.11	0.107	0.107	0.107	0.111	0.111	0.109	0.109	0.108	0.109	0.109	0.108	0.104	0.107	0.107	0.11	0.111	0.114	0.108	0.105	0.106	0.108	0.106	0.113	0.115	0.108	0.106	0.105	0.108	0.107	0.117	0.118	0.114	0.108	0.109	0.105	0.114	0.118	0.116	0.102	0.107	0.107	0.102	0.102	0.099	0.104	0.104	0.105	0.107	0.106	0.105	0.108	0.105	0.107	0.103	0.107	0.106	0.106	0.107	0.105	0.111	0.11	0.11	0.113	0.114	0.112	0.112	0.111	0.112	0.113	0.113	0.113	0.113	0.115	0.111	0.113	0.121	0.111	0.11	0.114	0.117	0.11	0.109	0.109	0.102	0.103	0.103	0.11	0.108	0.109	0.106	0.11	0.111	0.105	0.109	0.11	0.103	0.107	0.104	0.107	0.108	0.108	0.103	0.104	0.103	0.109	0.108	0.111	0.11	0.112	0.109	0.108	0.108	0.107	0.106	0.108	0.111	0.117	0.116	0.116	0.11	0.111	0.111	0.106	0.107	0.106	0.11	0.111	0.111	0.109	0.107	0.11	0.109	0.107	0.107	0.109	0.114	0.112	0.11	0.108	0.107	0.108	0.111	0.109	0.108	0.106	0.113	0.111	0.11	0.11	0.105	0.104	0.102	0.111	0.109	0.107	0.108	0.109	0.104	0.115	0.114	0.113	0.108	0.109	0.111	0.107	0.111	0.111	0.105	0.105	0.106	0.109	0.109	0.107	0.106	0.109	0.104	0.108	0.107	0.109	0.107	0.109	0.11	0.108	0.112	0.109	0.115	0.114	0.112	0.111	0.108	0.108	0.105	0.105	0.106	0.109	0.108	0.107
0.33	0.108	0.11	0.108	0.106	0.107	0.107	0.11	0.111	0.109	0.111	0.111	0.109	0.113	0.113	0.112	0.113	0.112	0.113	0.11	0.109	0.113	0.112	0.111	0.111	0.113	0.117	0.115	0.112	0.112	0.109	0.109	0.113	0.116	0.118	0.116	0.115	0.111	0.113	0.112	0.109	0.109	0.108	0.11	0.111	0.11	0.106	0.107	0.108	0.118	0.121	0.125	0.11	0.107	0.108	0.111	0.108	0.115	0.118	0.11	0.107	0.109	0.111	0.11	0.118	0.118	0.114	0.11	0.107	0.108	0.12	0.122	0.119	0.1	0.104	0.104	0.101	0.1	0.097	0.103	0.102	0.104	0.105	0.106	0.105	0.108	0.106	0.111	0.101	0.105	0.104	0.104	0.104	0.103	0.112	0.111	0.112	0.113	0.117	0.112	0.112	0.112	0.112	0.113	0.113	0.116	0.115	0.116	0.113	0.119	0.116	0.116	0.111	0.116	0.117	0.11	0.109	0.11	0.106	0.106	0.106	0.112	0.113	0.113	0.11	0.116	0.115	0.11	0.115	0.115	0.104	0.108	0.104	0.107	0.108	0.109	0.106	0.107	0.107	0.111	0.111	0.115	0.111	0.115	0.109	0.111	0.112	0.112	0.109	0.116	0.112	0.115	0.118	0.118	0.111	0.114	0.114	0.105	0.106	0.106	0.109	0.11	0.11	0.11	0.108	0.11	0.109	0.107	0.105	0.109	0.113	0.112	0.112	0.108	0.108	0.11	0.111	0.11	0.111	0.108	0.115	0.11	0.111	0.108	0.105	0.103	0.101	0.11	0.107	0.106	0.107	0.106	0.103	0.115	0.114	0.113	0.108	0.109	0.111	0.107	0.11	0.112	0.105	0.105	0.105	0.108	0.108	0.107	0.105	0.107	0.103	0.108	0.106	0.109	0.109	0.11	0.11	0.108	0.111	0.109	0.119	0.119	0.116	0.11	0.108	0.107	0.105	0.105	0.105	0.108	0.107	0.106
0.5	0.113	0.115	0.114	0.106	0.108	0.108	0.11	0.111	0.11	0.112	0.115	0.11	0.112	0.111	0.11	0.112	0.111	0.111	0.109	0.109	0.11	0.11	0.11	0.11	0.112	0.113	0.113	0.111	0.115	0.11	0.112	0.116	0.113	0.118	0.117	0.117	0.117	0.117	0.115	0.111	0.11	0.109	0.112	0.113	0.111	0.106	0.107	0.107	0.122	0.12	0.127	0.115	0.112	0.111	0.11	0.108	0.116	0.121	0.113	0.11	0.112	0.114	0.112	0.121	0.12	0.115	0.107	0.109	0.109	0.122	0.124	0.121	0.099	0.102	0.102	0.099	0.099	0.097	0.101	0.101	0.102	0.103	0.104	0.103	0.111	0.107	0.108	0.101	0.104	0.103	0.103	0.102	0.102	0.112	0.111	0.11	0.111	0.114	0.108	0.111	0.11	0.11	0.11	0.109	0.112	0.113	0.113	0.11	0.12	0.118	0.12	0.112	0.115	0.116	0.111	0.11	0.111	0.113	0.112	0.113	0.111	0.112	0.113	0.116	0.12	0.119	0.114	0.121	0.121	0.105	0.109	0.105	0.106	0.11	0.11	0.106	0.107	0.107	0.111	0.112	0.114	0.112	0.112	0.111	0.114	0.114	0.109	0.115	0.116	0.116	0.113	0.115	0.116	0.112	0.115	0.114	0.107	0.108	0.105	0.108	0.109	0.109	0.108	0.107	0.108	0.108	0.106	0.105	0.11	0.114	0.113	0.111	0.107	0.106	0.11	0.11	0.109	0.11	0.108	0.116	0.109	0.108	0.107	0.105	0.103	0.101	0.108	0.108	0.106	0.107	0.107	0.103	0.115	0.114	0.113	0.108	0.109	0.11	0.108	0.11	0.112	0.103	0.103	0.103	0.106	0.106	0.105	0.104	0.105	0.102	0.106	0.105	0.107	0.107	0.109	0.109	0.108	0.111	0.107	0.12	0.121	0.12	0.109	0.107	0.106	0.103	0.103	0.103	0.105	0.104	0.104
0.67	0.119	0.121	0.119	0.113	0.113	0.112	0.107	0.108	0.107	0.108	0.111	0.106	0.114	0.116	0.114	0.112	0.115	0.115	0.105	0.104	0.104	0.112	0.114	0.113	0.113	0.111	0.112	0.116	0.119	0.115	0.115	0.116	0.12	0.121	0.122	0.121	0.122	0.121	0.119	0.115	0.115	0.114	0.116	0.117	0.115	0.106	0.108	0.108	0.126	0.125	0.132	0.117	0.114	0.113	0.115	0.11	0.118	0.127	0.12	0.118	0.115	0.115	0.115	0.12	0.127	0.122	0.114	0.112	0.111	0.116	0.127	0.128	0.1	0.103	0.103	0.1	0.1	0.097	0.1	0.101	0.101	0.102	0.103	0.103	0.113	0.107	0.108	0.101	0.104	0.103	0.102	0.103	0.102	0.117	0.116	0.112	0.104	0.108	0.102	0.116	0.118	0.121	0.103	0.102	0.106	0.122	0.126	0.117	0.128	0.125	0.126	0.117	0.119	0.12	0.112	0.111	0.112	0.12	0.119	0.119	0.116	0.118	0.119	0.122	0.122	0.121	0.12	0.126	0.126	0.113	0.11	0.11	0.113	0.118	0.117	0.107	0.106	0.106	0.116	0.117	0.118	0.119	0.118	0.118	0.118	0.119	0.116	0.123	0.12	0.116	0.116	0.116	0.117	0.11	0.116	0.115	0.112	0.112	0.106	0.111	0.11	0.111	0.111	0.109	0.108	0.113	0.108	0.107	0.115	0.117	0.114	0.112	0.108	0.108	0.106	0.108	0.106	0.115	0.11	0.118	0.11	0.11	0.109	0.107	0.105	0.103	0.108	0.108	0.107	0.107	0.107	0.104	0.123	0.121	0.12	0.11	0.109	0.111	0.11	0.112	0.113	0.102	0.103	0.103	0.105	0.105	0.104	0.103	0.104	0.101	0.105	0.104	0.105	0.106	0.107	0.109	0.108	0.111	0.106	0.124	0.124	0.122	0.11	0.109	0.108	0.102	0.103	0.103	0.105	0.104	0.104
0.83	0.138	0.137	0.141	0.117	0.121	0.118	0.102	0.103	0.102	0.104	0.108	0.103	0.134	0.138	0.132	0.131	0.123	0.138	0.1	0.1	0.101	0.123	0.137	0.134	0.109	0.106	0.106	0.113	0.134	0.126	0.119	0.126	0.119	0.131	0.131	0.138	0.122	0.125	0.128	0.122	0.12	0.118	0.123	0.123	0.124	0.108	0.111	0.112	0.125	0.124	0.13	0.121	0.113	0.114	0.117	0.112	0.118	0.134	0.127	0.123	0.131	0.124	0.126	0.125	0.137	0.136	0.112	0.113	0.114	0.121	0.133	0.135	0.101	0.105	0.103	0.1	0.1	0.097	0.1	0.101	0.101	0.103	0.103	0.103	0.113	0.109	0.111	0.101	0.105	0.105	0.103	0.103	0.103	0.136	0.126	0.124	0.099	0.103	0.098	0.141	0.14	0.133	0.097	0.095	0.101	0.135	0.13	0.134	0.136	0.146	0.125	0.14	0.136	0.139	0.113	0.113	0.114	0.123	0.124	0.122	0.125	0.128	0.123	0.126	0.133	0.132	0.118	0.129	0.131	0.12	0.118	0.115	0.131	0.121	0.127	0.11	0.109	0.111	0.126	0.123	0.122	0.124	0.131	0.119	0.142	0.143	0.127	0.129	0.144	0.13	0.114	0.117	0.118	0.12	0.13	0.128	0.117	0.118	0.114	0.141	0.133	0.141	0.136	0.131	0.111	0.138	0.139	0.11	0.122	0.139	0.136	0.111	0.107	0.107	0.115	0.121	0.112	0.117	0.112	0.118	0.112	0.119	0.112	0.111	0.109	0.11	0.11	0.109	0.108	0.109	0.108	0.104	0.123	0.125	0.122	0.138	0.129	0.127	0.118	0.124	0.129	0.104	0.105	0.105	0.106	0.106	0.105	0.104	0.106	0.102	0.107	0.105	0.111	0.125	0.117	0.119	0.113	0.118	0.125	0.126	0.127	0.125	0.122	0.117	0.114	0.104	0.105	0.105	0.108	0.107	0.106
1.0	0.138	0.14	0.118	0.128	0.132	0.128	0.097	0.098	0.098	0.101	0.104	0.1	0.135	0.119	0.13	0.14	0.111	0.111	0.097	0.096	0.097	0.135	0.141	0.143	0.1	0.102	0.101	0.105	0.148	0.144	0.1	0.111	0.111	0.134	0.125	0.132	0.125	0.133	0.14	0.131	0.131	0.132	0.138	0.135	0.14	0.11	0.113	0.113	0.138	0.141	0.15	0.125	0.122	0.12	0.121	0.111	0.119	0.137	0.128	0.129	0.125	0.134	0.138	0.132	0.141	0.138	0.132	0.121	0.119	0.132	0.145	0.147	0.108	0.113	0.111	0.102	0.101	0.099	0.1	0.102	0.101	0.106	0.104	0.106	0.115	0.112	0.114	0.103	0.106	0.106	0.103	0.104	0.103	0.128	0.131	0.127	0.095	0.1	0.096	0.124	0.124	0.132	0.095	0.092	0.097	0.127	0.126	0.124	0.154	0.165	0.15	0.128	0.139	0.133	0.115	0.114	0.113	0.112	0.117	0.132	0.124	0.12	0.127	0.119	0.133	0.133	0.133	0.125	0.124	0.116	0.124	0.12	0.121	0.117	0.121	0.116	0.115	0.119	0.136	0.125	0.115	0.119	0.123	0.122	0.132	0.131	0.125	0.122	0.131	0.144	0.11	0.115	0.118	0.136	0.128	0.125	0.133	0.126	0.126	0.125	0.122	0.125	0.119	0.119	0.119	0.124	0.123	0.117	0.129	0.132	0.128	0.133	0.127	0.125	0.126	0.124	0.131	0.121	0.111	0.119	0.117	0.129	0.114	0.129	0.13	0.12	0.129	0.124	0.122	0.115	0.115	0.107	0.125	0.122	0.12	0.117	0.126	0.134	0.121	0.138	0.139	0.125	0.123	0.12	0.127	0.123	0.125	0.114	0.113	0.108	0.113	0.123	0.12	0.114	0.112	0.114	0.121	0.124	0.115	0.125	0.125	0.121	0.118	0.114	0.111	0.125	0.123	0.12	0.123	0.123	0.12
1.17	0.149	0.144	0.126	0.136	0.136	0.136	0.094	0.096	0.095	0.098	0.1	0.099	0.136	0.129	0.119	0.127	0.139	0.14	0.095	0.094	0.094	0.141	0.121	0.129	0.098	0.1	0.099	0.132	0.132	0.132	0.096	0.104	0.111	0.118	0.117	0.117	0.132	0.135	0.14	0.135	0.137	0.134	0.134	0.131	0.13	0.111	0.114	0.113	0.16	0.161	0.157	0.13	0.129	0.126	0.122	0.113	0.121	0.137	0.134	0.133	0.135	0.139	0.143	0.139	0.165	0.164	0.135	0.138	0.133	0.135	0.161	0.164	0.134	0.145	0.141	0.109	0.107	0.103	0.101	0.102	0.102	0.116	0.109	0.115	0.135	0.129	0.132	0.122	0.127	0.127	0.106	0.107	0.106	0.133	0.131	0.138	0.095	0.099	0.095	0.135	0.133	0.134	0.094	0.091	0.096	0.127	0.125	0.125	0.16	0.16	0.159	0.134	0.133	0.141	0.115	0.113	0.113	0.123	0.123	0.123	0.114	0.128	0.121	0.126	0.141	0.132	0.131	0.129	0.127	0.113	0.12	0.124	0.117	0.117	0.117	0.117	0.119	0.113	0.117	0.117	0.115	0.115	0.123	0.125	0.124	0.125	0.13	0.126	0.129	0.133	0.104	0.11	0.11	0.12	0.121	0.119	0.13	0.129	0.129	0.125	0.123	0.124	0.122	0.121	0.113	0.124	0.12	0.129	0.138	0.131	0.126	0.126	0.125	0.127	0.123	0.124	0.124	0.122	0.113	0.121	0.118	0.126	0.117	0.123	0.126	0.112	0.128	0.126	0.127	0.129	0.128	0.115	0.147	0.142	0.13	0.121	0.123	0.125	0.125	0.138	0.124	0.116	0.117	0.115	0.114	0.114	0.113	0.119	0.122	0.112	0.113	0.116	0.114	0.114	0.114	0.116	0.118	0.124	0.117	0.127	0.13	0.126	0.117	0.112	0.111	0.116	0.117	0.115	0.122	0.121	0.117
1.33	0.154	0.139	0.127	0.133	0.124	0.13	0.093	0.094	0.093	0.096	0.098	0.097	0.127	0.131	0.131	0.124	0.127	0.127	0.093	0.092	0.092	0.125	0.13	0.126	0.096	0.097	0.097	0.127	0.127	0.127	0.093	0.101	0.11	0.116	0.117	0.118	0.134	0.149	0.142	0.124	0.123	0.124	0.123	0.124	0.128	0.113	0.116	0.113	0.173	0.169	0.173	0.141	0.132	0.136	0.126	0.114	0.124	0.139	0.136	0.133	0.153	0.151	0.148	0.143	0.146	0.149	0.136	0.141	0.129	0.141	0.158	0.166	0.126	0.126	0.129	0.12	0.124	0.12	0.102	0.103	0.102	0.121	0.119	0.12	0.125	0.126	0.132	0.133	0.138	0.139	0.113	0.118	0.116	0.142	0.137	0.137	0.094	0.098	0.095	0.128	0.131	0.13	0.094	0.091	0.095	0.13	0.13	0.127	0.167	0.162	0.174	0.139	0.138	0.146	0.113	0.113	0.111	0.127	0.13	0.123	0.133	0.132	0.134	0.133	0.159	0.154	0.144	0.134	0.132	0.112	0.12	0.123	0.121	0.121	0.121	0.11	0.124	0.12	0.116	0.117	0.112	0.119	0.123	0.13	0.13	0.132	0.129	0.133	0.133	0.14	0.101	0.103	0.105	0.12	0.122	0.121	0.138	0.133	0.133	0.129	0.127	0.128	0.124	0.122	0.117	0.129	0.124	0.129	0.155	0.134	0.13	0.123	0.121	0.121	0.124	0.126	0.123	0.126	0.114	0.124	0.115	0.125	0.12	0.134	0.129	0.126	0.138	0.134	0.136	0.135	0.127	0.122	0.152	0.152	0.148	0.119	0.12	0.122	0.142	0.126	0.135	0.117	0.119	0.124	0.126	0.122	0.117	0.127	0.122	0.115	0.112	0.122	0.116	0.117	0.116	0.118	0.122	0.125	0.119	0.137	0.139	0.139	0.119	0.118	0.114	0.117	0.119	0.124	0.126	0.125	0.122
1.5	0.165	0.147	0.131	0.13	0.126	0.122	0.092	0.093	0.092	0.095	0.096	0.095	0.131	0.133	0.131	0.124	0.129	0.128	0.092	0.091	0.091	0.124	0.124	0.123	0.094	0.095	0.095	0.128	0.128	0.125	0.092	0.096	0.102	0.114	0.115	0.114	0.137	0.137	0.134	0.125	0.127	0.124	0.123	0.123	0.124	0.112	0.116	0.112	0.192	0.184	0.19	0.15	0.138	0.147	0.13	0.115	0.126	0.151	0.145	0.144	0.137	0.149	0.141	0.15	0.151	0.162	0.141	0.146	0.133	0.153	0.165	0.174	0.13	0.128	0.129	0.122	0.125	0.13	0.103	0.106	0.105	0.118	0.114	0.118	0.133	0.136	0.14	0.126	0.128	0.128	0.129	0.122	0.126	0.16	0.146	0.147	0.094	0.098	0.094	0.132	0.134	0.133	0.094	0.091	0.094	0.129	0.13	0.125	0.178	0.175	0.19	0.15	0.145	0.151	0.112	0.109	0.11	0.135	0.139	0.137	0.151	0.16	0.146	0.143	0.154	0.146	0.153	0.143	0.145	0.108	0.117	0.122	0.125	0.124	0.124	0.128	0.136	0.116	0.116	0.116	0.11	0.122	0.125	0.137	0.15	0.158	0.156	0.143	0.173	0.158	0.098	0.099	0.101	0.122	0.123	0.122	0.157	0.14	0.143	0.134	0.13	0.133	0.125	0.124	0.117	0.134	0.129	0.133	0.152	0.14	0.135	0.125	0.122	0.12	0.127	0.13	0.126	0.13	0.115	0.126	0.117	0.125	0.122	0.154	0.138	0.135	0.135	0.137	0.14	0.139	0.128	0.125	0.16	0.159	0.151	0.128	0.128	0.135	0.163	0.144	0.143	0.13	0.131	0.139	0.122	0.122	0.118	0.136	0.124	0.118	0.115	0.121	0.118	0.117	0.116	0.119	0.128	0.129	0.12	0.148	0.146	0.147	0.141	0.161	0.145	0.13	0.131	0.139	0.131	0.13	0.13
1.67	0.176	0.156	0.142	0.128	0.127	0.122	0.091	0.092	0.091	0.094	0.094	0.094	0.13	0.134	0.133	0.125	0.128	0.127	0.091	0.091	0.09	0.121	0.122	0.121	0.092	0.093	0.093	0.128	0.129	0.126	0.091	0.093	0.097	0.112	0.115	0.111	0.144	0.154	0.139	0.123	0.127	0.123	0.124	0.122	0.124	0.111	0.115	0.112	0.201	0.195	0.202	0.148	0.151	0.141	0.134	0.117	0.126	0.163	0.16	0.194	0.136	0.141	0.142	0.156	0.191	0.172	0.142	0.146	0.136	0.161	0.177	0.207	0.135	0.133	0.134	0.129	0.131	0.129	0.106	0.11	0.11	0.119	0.117	0.119	0.142	0.141	0.144	0.132	0.13	0.13	0.122	0.117	0.119	0.17	0.158	0.16	0.093	0.097	0.094	0.129	0.131	0.131	0.094	0.091	0.094	0.124	0.126	0.119	0.187	0.186	0.209	0.162	0.15	0.152	0.109	0.106	0.108	0.153	0.163	0.15	0.163	0.168	0.157	0.153	0.173	0.169	0.163	0.154	0.158	0.117	0.115	0.123	0.123	0.122	0.122	0.123	0.126	0.117	0.114	0.114	0.108	0.137	0.137	0.141	0.158	0.165	0.162	0.16	0.163	0.168	0.096	0.096	0.098	0.12	0.125	0.124	0.163	0.155	0.147	0.136	0.133	0.137	0.125	0.124	0.116	0.138	0.133	0.143	0.171	0.148	0.142	0.127	0.124	0.122	0.13	0.132	0.128	0.134	0.117	0.126	0.118	0.122	0.122	0.163	0.153	0.143	0.148	0.129	0.152	0.147	0.131	0.125	0.168	0.166	0.157	0.137	0.137	0.139	0.146	0.152	0.153	0.148	0.149	0.163	0.137	0.135	0.129	0.144	0.126	0.122	0.12	0.148	0.117	0.118	0.118	0.124	0.134	0.14	0.136	0.157	0.159	0.154	0.16	0.168	0.157	0.148	0.149	0.163	0.137	0.137	0.137
1.83	0.172	0.166	0.155	0.125	0.128	0.125	0.09	0.091	0.09	0.093	0.094	0.093	0.13	0.134	0.135	0.126	0.13	0.129	0.091	0.09	0.09	0.12	0.122	0.122	0.091	0.092	0.093	0.13	0.129	0.127	0.09	0.092	0.094	0.106	0.111	0.11	0.146	0.143	0.15	0.123	0.127	0.123	0.125	0.122	0.126	0.112	0.116	0.112	0.215	0.207	0.217	0.159	0.152	0.154	0.136	0.117	0.125	0.172	0.216	0.21	0.135	0.139	0.14	0.167	0.184	0.181	0.144	0.149	0.14	0.168	0.188	0.191	0.141	0.137	0.137	0.153	0.136	0.131	0.108	0.115	0.114	0.122	0.12	0.121	0.148	0.146	0.149	0.139	0.134	0.134	0.121	0.119	0.121	0.184	0.17	0.167	0.093	0.097	0.093	0.123	0.124	0.124	0.093	0.09	0.094	0.119	0.121	0.116	0.197	0.194	0.225	0.157	0.156	0.159	0.106	0.105	0.106	0.166	0.23	0.172	0.159	0.168	0.16	0.162	0.19	0.182	0.172	0.164	0.17	0.126	0.116	0.132	0.14	0.174	0.159	0.156	0.146	0.167	0.112	0.113	0.108	0.153	0.155	0.15	0.164	0.175	0.171	0.18	0.166	0.176	0.094	0.094	0.096	0.143	0.164	0.164	0.182	0.177	0.156	0.138	0.136	0.141	0.125	0.124	0.115	0.143	0.139	0.171	0.181	0.172	0.182	0.127	0.124	0.123	0.132	0.135	0.132	0.136	0.117	0.125	0.118	0.121	0.123	0.161	0.158	0.162	0.136	0.137	0.139	0.153	0.135	0.128	0.179	0.176	0.167	0.144	0.145	0.146	0.157	0.164	0.166	0.16	0.156	0.15	0.133	0.138	0.137	0.141	0.13	0.127	0.125	0.144	0.14	0.132	0.135	0.15	0.141	0.145	0.146	0.166	0.165	0.162	0.159	0.169	0.16	0.16	0.156	0.15	0.143	0.143	0.143
2.0	0.182	0.186	0.17	0.122	0.13	0.128	0.089	0.09	0.09	0.092	0.094	0.093	0.131	0.135	0.135	0.126	0.13	0.129	0.091	0.09	0.09	0.119	0.121	0.12	0.091	0.092	0.092	0.133	0.128	0.128	0.09	0.091	0.092	0.103	0.105	0.103	0.137	0.143	0.142	0.124	0.129	0.124	0.128	0.123	0.128	0.112	0.115	0.112	0.225	0.223	0.232	0.19	0.165	0.177	0.133	0.117	0.123	0.181	0.215	0.198	0.14	0.143	0.142	0.184	0.183	0.179	0.148	0.147	0.143	0.181	0.205	0.211	0.139	0.14	0.14	0.161	0.151	0.137	0.111	0.125	0.117	0.125	0.123	0.124	0.181	0.152	0.154	0.148	0.139	0.138	0.121	0.12	0.122	0.204	0.2	0.176	0.093	0.097	0.093	0.117	0.119	0.118	0.093	0.09	0.094	0.115	0.116	0.112	0.21	0.208	0.234	0.159	0.163	0.166	0.104	0.104	0.104	0.208	0.235	0.198	0.14	0.143	0.144	0.171	0.21	0.206	0.191	0.175	0.191	0.132	0.124	0.126	0.152	0.179	0.173	0.175	0.176	0.18	0.111	0.112	0.108	0.162	0.158	0.16	0.173	0.186	0.183	0.218	0.19	0.191	0.093	0.094	0.095	0.164	0.167	0.175	0.195	0.192	0.182	0.143	0.141	0.146	0.125	0.123	0.115	0.151	0.162	0.158	0.194	0.191	0.199	0.145	0.141	0.144	0.136	0.139	0.137	0.133	0.117	0.123	0.119	0.122	0.125	0.173	0.164	0.185	0.144	0.142	0.142	0.146	0.146	0.131	0.194	0.19	0.179	0.148	0.15	0.153	0.161	0.173	0.176	0.163	0.16	0.161	0.14	0.144	0.141	0.14	0.136	0.131	0.129	0.143	0.145	0.145	0.151	0.162	0.171	0.153	0.157	0.173	0.17	0.17	0.159	0.177	0.17	0.163	0.16	0.161	0.148	0.147	0.148
2.17	0.185	0.183	0.186	0.119	0.128	0.13	0.089	0.09	0.089	0.092	0.094	0.092	0.133	0.136	0.137	0.127	0.13	0.128	0.091	0.089	0.089	0.119	0.121	0.119	0.09	0.091	0.091	0.133	0.13	0.125	0.09	0.091	0.091	0.101	0.103	0.101	0.129	0.146	0.148	0.125	0.131	0.126	0.13	0.124	0.129	0.111	0.115	0.111	0.266	0.226	0.239	0.187	0.193	0.174	0.125	0.117	0.119	0.196	0.209	0.207	0.148	0.148	0.15	0.19	0.195	0.19	0.148	0.149	0.146	0.208	0.222	0.223	0.142	0.147	0.147	0.154	0.17	0.144	0.112	0.127	0.117	0.129	0.127	0.127	0.185	0.184	0.159	0.142	0.147	0.146	0.119	0.12	0.12	0.226	0.235	0.193	0.093	0.096	0.093	0.114	0.115	0.116	0.093	0.09	0.094	0.113	0.114	0.109	0.23	0.221	0.252	0.157	0.166	0.171	0.103	0.103	0.103	0.214	0.216	0.229	0.141	0.143	0.144	0.179	0.225	0.221	0.198	0.203	0.204	0.135	0.131	0.162	0.16	0.169	0.169	0.19	0.202	0.184	0.111	0.111	0.108	0.171	0.165	0.165	0.183	0.19	0.192	0.209	0.22	0.206	0.093	0.093	0.094	0.154	0.16	0.154	0.206	0.209	0.2	0.151	0.159	0.155	0.125	0.124	0.114	0.162	0.181	0.177	0.207	0.208	0.212	0.153	0.15	0.156	0.143	0.146	0.153	0.125	0.117	0.119	0.118	0.123	0.126	0.187	0.184	0.193	0.151	0.148	0.149	0.146	0.161	0.136	0.212	0.207	0.196	0.154	0.156	0.16	0.167	0.18	0.186	0.172	0.172	0.177	0.146	0.151	0.148	0.145	0.153	0.136	0.135	0.147	0.151	0.152	0.159	0.172	0.169	0.162	0.168	0.181	0.183	0.178	0.166	0.183	0.176	0.172	0.172	0.177	0.15	0.15	0.153
2.33	0.199	0.203	0.198	0.118	0.129	0.129	0.089	0.09	0.089	0.092	0.094	0.092	0.135	0.137	0.137	0.128	0.13	0.13	0.091	0.089	0.089	0.119	0.121	0.119	0.09	0.091	0.091	0.134	0.13	0.123	0.089	0.09	0.091	0.099	0.101	0.1	0.12	0.146	0.149	0.127	0.131	0.127	0.132	0.126	0.131	0.11	0.116	0.11	0.267	0.233	0.251	0.21	0.219	0.207	0.116	0.112	0.116	0.23	0.235	0.244	0.155	0.154	0.157	0.206	0.213	0.209	0.15	0.151	0.15	0.213	0.233	0.235	0.144	0.152	0.154	0.161	0.162	0.163	0.114	0.13	0.117	0.131	0.129	0.13	0.204	0.188	0.182	0.149	0.159	0.158	0.118	0.118	0.118	0.237	0.239	0.237	0.093	0.096	0.093	0.112	0.114	0.114	0.093	0.09	0.094	0.111	0.112	0.108	0.227	0.235	0.275	0.158	0.165	0.167	0.102	0.102	0.102	0.244	0.268	0.222	0.146	0.145	0.159	0.19	0.229	0.218	0.2	0.225	0.231	0.138	0.162	0.173	0.172	0.194	0.186	0.208	0.176	0.211	0.111	0.111	0.109	0.182	0.18	0.178	0.193	0.201	0.205	0.25	0.22	0.212	0.093	0.093	0.094	0.161	0.169	0.166	0.23	0.234	0.214	0.163	0.185	0.187	0.126	0.125	0.115	0.197	0.194	0.182	0.221	0.222	0.229	0.163	0.161	0.164	0.159	0.161	0.167	0.116	0.112	0.116	0.119	0.125	0.127	0.203	0.2	0.202	0.157	0.154	0.155	0.152	0.153	0.143	0.259	0.256	0.217	0.158	0.162	0.165	0.18	0.187	0.192	0.191	0.19	0.189	0.153	0.157	0.155	0.154	0.155	0.141	0.141	0.153	0.159	0.16	0.165	0.177	0.167	0.173	0.178	0.195	0.189	0.183	0.173	0.191	0.18	0.191	0.19	0.189	0.161	0.159	0.159
2.5	0.21	0.213	0.217	0.119	0.13	0.129	0.089	0.09	0.089	0.092	0.093	0.092	0.136	0.138	0.138	0.13	0.132	0.132	0.091	0.089	0.089	0.12	0.122	0.12	0.09	0.091	0.091	0.135	0.132	0.125	0.089	0.09	0.091	0.098	0.099	0.098	0.113	0.148	0.145	0.128	0.133	0.128	0.134	0.129	0.134	0.108	0.114	0.109	0.295	0.239	0.259	0.211	0.217	0.224	0.112	0.111	0.114	0.244	0.274	0.261	0.162	0.157	0.16	0.227	0.239	0.235	0.155	0.156	0.161	0.232	0.253	0.301	0.147	0.156	0.157	0.175	0.175	0.172	0.116	0.13	0.12	0.133	0.131	0.132	0.213	0.203	0.182	0.158	0.171	0.169	0.116	0.117	0.116	0.291	0.282	0.256	0.093	0.096	0.093	0.111	0.112	0.112	0.093	0.09	0.094	0.111	0.112	0.106	0.236	0.257	0.282	0.161	0.167	0.168	0.101	0.101	0.101	0.276	0.28	0.235	0.152	0.151	0.153	0.2	0.224	0.221	0.208	0.251	0.23	0.142	0.148	0.167	0.183	0.199	0.192	0.196	0.23	0.214	0.111	0.111	0.109	0.192	0.191	0.195	0.199	0.212	0.215	0.245	0.235	0.224	0.093	0.093	0.094	0.168	0.177	0.172	0.287	0.278	0.239	0.18	0.198	0.206	0.127	0.125	0.115	0.216	0.203	0.192	0.22	0.229	0.286	0.163	0.158	0.158	0.172	0.177	0.178	0.112	0.111	0.114	0.121	0.128	0.129	0.227	0.222	0.217	0.161	0.159	0.16	0.157	0.153	0.147	0.328	0.321	0.316	0.163	0.168	0.171	0.182	0.191	0.196	0.208	0.205	0.205	0.161	0.164	0.162	0.163	0.16	0.152	0.149	0.161	0.167	0.168	0.171	0.184	0.179	0.187	0.189	0.211	0.201	0.203	0.179	0.193	0.186	0.208	0.205	0.205	0.172	0.17	0.169
2.67	0.222	0.226	0.224	0.12	0.13	0.129	0.089	0.09	0.089	0.092	0.093	0.092	0.138	0.139	0.139	0.132	0.135	0.135	0.091	0.089	0.089	0.122	0.123	0.121	0.089	0.091	0.091	0.138	0.134	0.126	0.089	0.09	0.091	0.097	0.098	0.097	0.109	0.149	0.145	0.13	0.135	0.132	0.137	0.134	0.138	0.107	0.111	0.107	0.279	0.245	0.269	0.225	0.233	0.232	0.108	0.108	0.112	0.264	0.305	0.321	0.166	0.161	0.167	0.254	0.314	0.281	0.162	0.164	0.167	0.252	0.308	0.347	0.151	0.16	0.161	0.192	0.191	0.185	0.118	0.127	0.121	0.135	0.132	0.134	0.216	0.216	0.197	0.169	0.181	0.179	0.114	0.116	0.115	0.313	0.312	0.264	0.093	0.096	0.093	0.11	0.112	0.111	0.093	0.09	0.094	0.109	0.111	0.105	0.276	0.276	0.298	0.16	0.166	0.169	0.1	0.101	0.101	0.291	0.286	0.29	0.158	0.157	0.157	0.226	0.228	0.227	0.221	0.24	0.255	0.148	0.187	0.183	0.19	0.204	0.198	0.234	0.203	0.213	0.111	0.111	0.11	0.204	0.203	0.19	0.197	0.222	0.224	0.259	0.246	0.244	0.092	0.093	0.094	0.171	0.189	0.181	0.308	0.33	0.268	0.211	0.208	0.224	0.127	0.125	0.115	0.234	0.211	0.203	0.22	0.196	0.323	0.167	0.163	0.157	0.18	0.185	0.185	0.108	0.108	0.112	0.123	0.131	0.131	0.295	0.249	0.242	0.164	0.162	0.163	0.162	0.161	0.151	0.362	0.375	0.339	0.169	0.174	0.176	0.186	0.193	0.197	0.226	0.221	0.224	0.171	0.173	0.17	0.173	0.168	0.166	0.166	0.17	0.175	0.178	0.18	0.192	0.191	0.202	0.201	0.217	0.204	0.204	0.188	0.199	0.196	0.226	0.221	0.224	0.185	0.182	0.182
2.83	0.25	0.248	0.247	0.121	0.129	0.128	0.088	0.09	0.089	0.092	0.093	0.092	0.138	0.139	0.139	0.134	0.138	0.137	0.09	0.089	0.089	0.123	0.125	0.122	0.089	0.09	0.09	0.14	0.136	0.128	0.089	0.09	0.09	0.098	0.098	0.097	0.105	0.148	0.146	0.133	0.136	0.136	0.139	0.137	0.139	0.105	0.108	0.105	0.301	0.249	0.275	0.244	0.25	0.242	0.104	0.107	0.111	0.311	0.356	0.369	0.171	0.169	0.171	0.347	0.341	0.343	0.17	0.173	0.176	0.349	0.351	0.359	0.155	0.161	0.163	0.21	0.209	0.203	0.117	0.124	0.121	0.136	0.134	0.135	0.217	0.218	0.212	0.179	0.19	0.188	0.113	0.115	0.114	0.366	0.366	0.307	0.094	0.097	0.093	0.109	0.111	0.11	0.093	0.09	0.094	0.108	0.11	0.103	0.268	0.289	0.311	0.156	0.164	0.169	0.1	0.101	0.101	0.291	0.299	0.273	0.163	0.162	0.162	0.26	0.231	0.233	0.265	0.295	0.33	0.149	0.195	0.201	0.198	0.208	0.202	0.208	0.226	0.218	0.112	0.112	0.111	0.217	0.215	0.242	0.196	0.232	0.231	0.268	0.256	0.277	0.092	0.093	0.094	0.179	0.197	0.189	0.371	0.344	0.323	0.235	0.226	0.248	0.127	0.125	0.115	0.258	0.226	0.215	0.167	0.148	0.352	0.175	0.17	0.164	0.19	0.196	0.195	0.104	0.107	0.111	0.127	0.136	0.134	0.325	0.303	0.3	0.175	0.163	0.176	0.175	0.171	0.157	0.377	0.395	0.375	0.178	0.185	0.187	0.194	0.202	0.207	0.246	0.24	0.245	0.181	0.181	0.18	0.183	0.178	0.178	0.173	0.179	0.184	0.189	0.192	0.203	0.202	0.217	0.213	0.229	0.214	0.226	0.198	0.209	0.208	0.246	0.24	0.245	0.199	0.197	0.197
3.0	0.279	0.307	0.28	0.123	0.13	0.129	0.089	0.09	0.089	0.092	0.093	0.092	0.138	0.141	0.14	0.136	0.141	0.141	0.091	0.089	0.089	0.127	0.126	0.123	0.089	0.09	0.091	0.143	0.139	0.13	0.089	0.09	0.09	0.098	0.098	0.097	0.1	0.149	0.148	0.137	0.137	0.136	0.141	0.139	0.14	0.103	0.106	0.103	0.3	0.251	0.286	0.268	0.268	0.261	0.103	0.106	0.111	0.35	0.362	0.381	0.178	0.18	0.178	0.327	0.382	0.379	0.181	0.184	0.187	0.367	0.384	0.411	0.16	0.164	0.166	0.224	0.223	0.217	0.115	0.126	0.12	0.136	0.134	0.135	0.233	0.224	0.21	0.185	0.196	0.194	0.112	0.114	0.113	0.408	0.388	0.351	0.094	0.097	0.093	0.107	0.11	0.108	0.093	0.09	0.094	0.107	0.108	0.102	0.281	0.287	0.323	0.149	0.163	0.167	0.1	0.101	0.102	0.288	0.291	0.299	0.168	0.168	0.165	0.264	0.237	0.232	0.289	0.331	0.319	0.153	0.202	0.203	0.203	0.217	0.209	0.228	0.275	0.237	0.112	0.112	0.111	0.228	0.227	0.223	0.182	0.238	0.239	0.271	0.312	0.3	0.093	0.093	0.094	0.184	0.199	0.193	0.466	0.384	0.42	0.255	0.245	0.263	0.127	0.125	0.115	0.271	0.248	0.234	0.145	0.135	0.341	0.182	0.177	0.171	0.199	0.204	0.203	0.103	0.106	0.111	0.13	0.145	0.138	0.368	0.349	0.319	0.19	0.185	0.189	0.185	0.181	0.178	0.401	0.404	0.4	0.197	0.2	0.202	0.21	0.22	0.225	0.274	0.266	0.271	0.192	0.192	0.19	0.194	0.189	0.189	0.172	0.19	0.194	0.202	0.204	0.216	0.216	0.235	0.23	0.237	0.225	0.221	0.21	0.23	0.226	0.274	0.266	0.271	0.217	0.215	0.215
3.17	0.317	0.325	0.301	0.125	0.132	0.132	0.089	0.09	0.089	0.092	0.093	0.092	0.139	0.142	0.141	0.139	0.145	0.143	0.091	0.089	0.089	0.13	0.127	0.125	0.089	0.091	0.091	0.146	0.142	0.132	0.089	0.09	0.09	0.099	0.099	0.098	0.096	0.151	0.149	0.142	0.139	0.138	0.143	0.144	0.142	0.101	0.104	0.102	0.299	0.251	0.293	0.372	0.329	0.284	0.102	0.105	0.111	0.406	0.429	0.416	0.19	0.193	0.186	0.348	0.377	0.375	0.193	0.198	0.199	0.408	0.423	0.429	0.163	0.166	0.169	0.261	0.236	0.23	0.114	0.124	0.119	0.136	0.134	0.135	0.249	0.24	0.222	0.19	0.201	0.198	0.111	0.113	0.113	0.464	0.412	0.406	0.094	0.097	0.094	0.106	0.109	0.106	0.094	0.09	0.094	0.106	0.106	0.101	0.297	0.303	0.348	0.15	0.16	0.163	0.1	0.101	0.102	0.304	0.344	0.309	0.169	0.17	0.17	0.254	0.231	0.229	0.299	0.32	0.369	0.169	0.208	0.197	0.208	0.221	0.215	0.252	0.267	0.289	0.112	0.112	0.112	0.242	0.24	0.228	0.164	0.254	0.251	0.29	0.316	0.308	0.092	0.093	0.094	0.187	0.201	0.192	0.468	0.465	0.397	0.262	0.25	0.267	0.127	0.125	0.115	0.275	0.257	0.248	0.134	0.127	0.404	0.188	0.183	0.175	0.205	0.211	0.209	0.102	0.105	0.111	0.134	0.132	0.144	0.346	0.335	0.331	0.195	0.196	0.196	0.193	0.188	0.181	0.415	0.418	0.415	0.209	0.208	0.212	0.227	0.239	0.242	0.308	0.301	0.304	0.202	0.202	0.201	0.205	0.199	0.189	0.181	0.2	0.204	0.218	0.22	0.23	0.235	0.259	0.252	0.25	0.239	0.231	0.228	0.238	0.238	0.308	0.301	0.304	0.238	0.236	0.236
3.33	0.327	0.348	0.325	0.126	0.133	0.134	0.088	0.09	0.089	0.092	0.093	0.092	0.14	0.144	0.141	0.141	0.147	0.146	0.091	0.089	0.089	0.131	0.129	0.127	0.089	0.09	0.09	0.149	0.145	0.135	0.089	0.09	0.09	0.099	0.099	0.098	0.094	0.152	0.15	0.143	0.14	0.139	0.144	0.145	0.143	0.1	0.102	0.101	0.308	0.256	0.301	0.46	0.396	0.378	0.101	0.104	0.11	0.469	0.439	0.441	0.205	0.207	0.198	0.367	0.389	0.387	0.208	0.214	0.215	0.407	0.435	0.443	0.166	0.17	0.173	0.339	0.327	0.243	0.113	0.122	0.118	0.137	0.134	0.136	0.281	0.267	0.246	0.191	0.201	0.197	0.11	0.112	0.112	0.452	0.437	0.419	0.095	0.098	0.094	0.104	0.108	0.104	0.094	0.091	0.094	0.104	0.105	0.1	0.317	0.324	0.376	0.143	0.156	0.158	0.1	0.101	0.102	0.321	0.361	0.336	0.173	0.172	0.174	0.228	0.249	0.248	0.348	0.389	0.371	0.16	0.214	0.202	0.2	0.221	0.207	0.268	0.281	0.293	0.112	0.113	0.112	0.253	0.255	0.24	0.157	0.27	0.266	0.304	0.328	0.31	0.093	0.093	0.094	0.191	0.219	0.193	0.415	0.408	0.384	0.257	0.242	0.258	0.127	0.125	0.115	0.268	0.256	0.256	0.126	0.121	0.401	0.193	0.188	0.183	0.212	0.221	0.216	0.101	0.104	0.11	0.14	0.133	0.15	0.352	0.347	0.345	0.2	0.203	0.204	0.207	0.2	0.192	0.429	0.43	0.425	0.216	0.215	0.221	0.249	0.255	0.261	0.33	0.331	0.381	0.215	0.214	0.214	0.218	0.21	0.201	0.194	0.212	0.217	0.238	0.24	0.249	0.274	0.292	0.28	0.265	0.259	0.244	0.251	0.26	0.265	0.33	0.331	0.381	0.262	0.259	0.26
3.5	0.345	0.347	0.347	0.129	0.134	0.137	0.088	0.089	0.089	0.092	0.093	0.092	0.141	0.144	0.142	0.145	0.149	0.148	0.091	0.089	0.088	0.131	0.13	0.128	0.089	0.09	0.09	0.152	0.146	0.137	0.089	0.09	0.09	0.1	0.1	0.099	0.093	0.153	0.153	0.143	0.14	0.14	0.145	0.145	0.145	0.098	0.1	0.1	0.316	0.262	0.308	0.471	0.434	0.419	0.1	0.102	0.108	0.449	0.456	0.462	0.224	0.224	0.214	0.387	0.407	0.403	0.226	0.232	0.232	0.419	0.447	0.453	0.169	0.173	0.176	0.338	0.318	0.374	0.113	0.121	0.117	0.138	0.134	0.136	0.308	0.293	0.27	0.191	0.2	0.196	0.11	0.112	0.111	0.513	0.467	0.43	0.095	0.098	0.094	0.103	0.106	0.103	0.094	0.09	0.094	0.103	0.104	0.099	0.345	0.35	0.403	0.14	0.153	0.154	0.1	0.101	0.103	0.346	0.375	0.38	0.179	0.177	0.179	0.234	0.256	0.256	0.371	0.41	0.423	0.162	0.224	0.202	0.207	0.212	0.212	0.289	0.289	0.296	0.113	0.113	0.113	0.33	0.325	0.258	0.145	0.278	0.283	0.344	0.358	0.372	0.093	0.093	0.094	0.194	0.214	0.208	0.457	0.444	0.422	0.269	0.258	0.273	0.127	0.124	0.115	0.278	0.255	0.268	0.119	0.117	0.441	0.198	0.196	0.187	0.223	0.234	0.229	0.1	0.102	0.108	0.147	0.138	0.149	0.393	0.382	0.378	0.208	0.211	0.21	0.221	0.21	0.215	0.452	0.45	0.443	0.225	0.22	0.227	0.263	0.274	0.278	0.387	0.38	0.401	0.232	0.23	0.231	0.235	0.222	0.222	0.21	0.228	0.234	0.27	0.271	0.273	0.302	0.319	0.309	0.285	0.283	0.263	0.266	0.279	0.273	0.387	0.38	0.401	0.289	0.286	0.286
3.67	0.364	0.371	0.365	0.13	0.135	0.139	0.088	0.089	0.089	0.092	0.093	0.092	0.142	0.146	0.143	0.148	0.152	0.151	0.091	0.089	0.088	0.132	0.132	0.13	0.089	0.09	0.09	0.154	0.149	0.14	0.089	0.09	0.09	0.101	0.101	0.1	0.092	0.155	0.154	0.144	0.141	0.141	0.145	0.146	0.145	0.097	0.098	0.1	0.324	0.264	0.315	0.56	0.538	0.488	0.1	0.1	0.106	0.465	0.47	0.477	0.248	0.248	0.235	0.412	0.427	0.423	0.246	0.251	0.25	0.434	0.461	0.468	0.172	0.176	0.18	0.361	0.416	0.361	0.112	0.119	0.117	0.138	0.134	0.136	0.329	0.315	0.294	0.19	0.197	0.194	0.11	0.111	0.111	0.465	0.455	0.426	0.096	0.099	0.094	0.102	0.105	0.102	0.094	0.091	0.094	0.102	0.103	0.099	0.379	0.384	0.433	0.138	0.148	0.15	0.101	0.102	0.104	0.411	0.422	0.428	0.184	0.182	0.184	0.227	0.259	0.261	0.441	0.475	0.488	0.178	0.177	0.196	0.207	0.21	0.206	0.293	0.305	0.303	0.114	0.114	0.114	0.348	0.34	0.269	0.136	0.273	0.264	0.393	0.407	0.435	0.093	0.093	0.094	0.185	0.195	0.194	0.467	0.463	0.447	0.275	0.268	0.285	0.127	0.124	0.115	0.29	0.267	0.282	0.117	0.115	0.456	0.202	0.197	0.188	0.233	0.243	0.237	0.1	0.1	0.106	0.162	0.144	0.145	0.425	0.416	0.407	0.218	0.219	0.218	0.233	0.224	0.22	0.473	0.473	0.463	0.234	0.226	0.236	0.277	0.294	0.296	0.391	0.391	0.411	0.267	0.256	0.263	0.271	0.243	0.252	0.229	0.253	0.259	0.3	0.3	0.303	0.325	0.336	0.333	0.307	0.311	0.287	0.28	0.312	0.298	0.391	0.391	0.411	0.317	0.314	0.314
3.83	0.383	0.393	0.378	0.131	0.138	0.141	0.088	0.089	0.089	0.092	0.094	0.092	0.144	0.148	0.145	0.15	0.153	0.153	0.091	0.089	0.089	0.133	0.133	0.131	0.089	0.09	0.09	0.156	0.151	0.142	0.089	0.09	0.09	0.101	0.101	0.1	0.092	0.156	0.156	0.145	0.142	0.141	0.145	0.147	0.147	0.096	0.097	0.099	0.333	0.264	0.324	0.533	0.571	0.558	0.099	0.099	0.106	0.478	0.481	0.482	0.272	0.27	0.256	0.443	0.445	0.439	0.272	0.272	0.271	0.454	0.479	0.483	0.173	0.18	0.183	0.394	0.417	0.337	0.112	0.119	0.116	0.137	0.134	0.136	0.343	0.33	0.312	0.187	0.196	0.191	0.11	0.111	0.111	0.516	0.496	0.463	0.097	0.1	0.095	0.102	0.104	0.102	0.094	0.091	0.095	0.102	0.102	0.098	0.414	0.418	0.456	0.134	0.145	0.147	0.101	0.102	0.105	0.382	0.427	0.41	0.191	0.189	0.191	0.2	0.256	0.26	0.571	0.549	0.548	0.17	0.178	0.186	0.203	0.214	0.209	0.304	0.374	0.348	0.114	0.115	0.115	0.349	0.338	0.284	0.128	0.26	0.252	0.375	0.4	0.416	0.093	0.093	0.094	0.189	0.2	0.197	0.48	0.474	0.456	0.288	0.28	0.298	0.127	0.124	0.115	0.304	0.278	0.288	0.115	0.113	0.467	0.202	0.198	0.188	0.237	0.243	0.241	0.099	0.099	0.106	0.167	0.15	0.148	0.444	0.436	0.429	0.237	0.232	0.231	0.244	0.235	0.229	0.498	0.496	0.484	0.242	0.234	0.244	0.293	0.314	0.314	0.41	0.408	0.422	0.297	0.289	0.295	0.304	0.283	0.284	0.264	0.29	0.295	0.327	0.328	0.331	0.347	0.355	0.351	0.331	0.343	0.316	0.31	0.317	0.33	0.41	0.408	0.422	0.346	0.343	0.343
4.0	0.405	0.415	0.399	0.133	0.14	0.142	0.088	0.089	0.089	0.092	0.094	0.092	0.146	0.15	0.147	0.151	0.155	0.154	0.091	0.089	0.089	0.134	0.135	0.132	0.089	0.09	0.09	0.157	0.152	0.145	0.089	0.09	0.09	0.101	0.101	0.1	0.092	0.157	0.158	0.144	0.143	0.141	0.146	0.147	0.146	0.095	0.097	0.099	0.343	0.266	0.336	0.523	0.544	0.544	0.099	0.099	0.105	0.495	0.492	0.495	0.301	0.298	0.281	0.455	0.465	0.465	0.287	0.295	0.294	0.477	0.491	0.507	0.176	0.183	0.187	0.407	0.395	0.388	0.112	0.118	0.116	0.137	0.133	0.136	0.36	0.344	0.325	0.184	0.193	0.187	0.109	0.111	0.111	0.54	0.53	0.492	0.097	0.101	0.095	0.101	0.103	0.101	0.094	0.091	0.095	0.101	0.102	0.098	0.444	0.449	0.474	0.13	0.142	0.145	0.101	0.103	0.105	0.432	0.433	0.423	0.198	0.196	0.197	0.178	0.256	0.27	0.583	0.663	0.588	0.171	0.18	0.176	0.205	0.22	0.215	0.341	0.414	0.37	0.115	0.116	0.116	0.356	0.386	0.31	0.121	0.244	0.238	0.39	0.405	0.407	0.093	0.094	0.094	0.189	0.199	0.197	0.518	0.508	0.479	0.298	0.289	0.309	0.127	0.124	0.115	0.315	0.289	0.298	0.113	0.112	0.484	0.204	0.197	0.187	0.234	0.245	0.245	0.099	0.099	0.105	0.161	0.157	0.154	0.454	0.446	0.44	0.258	0.245	0.247	0.259	0.246	0.245	0.525	0.522	0.513	0.251	0.242	0.248	0.313	0.333	0.334	0.424	0.423	0.436	0.32	0.313	0.319	0.325	0.307	0.308	0.294	0.309	0.317	0.357	0.359	0.348	0.369	0.373	0.368	0.357	0.373	0.344	0.324	0.343	0.322	0.424	0.423	0.436	0.375	0.372	0.371
4.17	0.431	0.441	0.426	0.134	0.142	0.144	0.088	0.089	0.089	0.092	0.094	0.092	0.148	0.151	0.147	0.152	0.156	0.156	0.091	0.089	0.089	0.134	0.135	0.133	0.089	0.09	0.09	0.159	0.153	0.148	0.089	0.09	0.09	0.1	0.1	0.1	0.092	0.158	0.16	0.144	0.143	0.142	0.147	0.148	0.146	0.095	0.096	0.099	0.351	0.267	0.346	0.54	0.543	0.53	0.1	0.099	0.106	0.514	0.506	0.515	0.35	0.335	0.313	0.474	0.493	0.501	0.3	0.321	0.319	0.499	0.52	0.544	0.178	0.185	0.19	0.424	0.426	0.402	0.112	0.117	0.116	0.136	0.133	0.135	0.379	0.358	0.339	0.178	0.186	0.182	0.109	0.111	0.111	0.537	0.528	0.51	0.099	0.103	0.095	0.1	0.103	0.1	0.095	0.091	0.095	0.101	0.101	0.097	0.468	0.477	0.491	0.128	0.139	0.141	0.101	0.103	0.106	0.451	0.435	0.435	0.206	0.203	0.204	0.165	0.238	0.276	0.621	0.662	0.631	0.169	0.189	0.176	0.209	0.225	0.221	0.444	0.445	0.424	0.116	0.117	0.118	0.374	0.417	0.337	0.118	0.233	0.229	0.405	0.42	0.442	0.093	0.094	0.094	0.189	0.199	0.203	0.553	0.547	0.518	0.31	0.297	0.322	0.127	0.124	0.115	0.329	0.299	0.309	0.111	0.111	0.505	0.205	0.2	0.188	0.236	0.247	0.248	0.1	0.099	0.106	0.168	0.164	0.161	0.467	0.459	0.453	0.267	0.265	0.263	0.276	0.263	0.253	0.539	0.542	0.533	0.265	0.256	0.26	0.331	0.352	0.352	0.443	0.442	0.453	0.341	0.332	0.339	0.341	0.326	0.332	0.321	0.324	0.334	0.379	0.377	0.365	0.389	0.392	0.386	0.383	0.401	0.372	0.342	0.363	0.353	0.443	0.442	0.453	0.401	0.398	0.396
4.33	0.455	0.464	0.447	0.136	0.144	0.144	0.088	0.09	0.089	0.092	0.094	0.092	0.15	0.152	0.149	0.152	0.157	0.157	0.091	0.089	0.089	0.135	0.137	0.134	0.089	0.091	0.091	0.159	0.154	0.15	0.089	0.09	0.09	0.099	0.098	0.099	0.092	0.16	0.162	0.143	0.143	0.143	0.147	0.147	0.146	0.094	0.096	0.099	0.351	0.265	0.343	0.558	0.556	0.535	0.1	0.1	0.106	0.536	0.529	0.548	0.392	0.395	0.367	0.501	0.523	0.525	0.314	0.345	0.344	0.526	0.566	0.572	0.18	0.188	0.192	0.469	0.441	0.436	0.112	0.117	0.116	0.135	0.132	0.134	0.389	0.37	0.351	0.176	0.179	0.177	0.109	0.111	0.111	0.552	0.543	0.522	0.102	0.105	0.096	0.1	0.102	0.099	0.095	0.092	0.096	0.1	0.101	0.097	0.484	0.498	0.506	0.126	0.137	0.139	0.102	0.104	0.107	0.462	0.458	0.447	0.215	0.211	0.21	0.165	0.219	0.283	0.653	0.664	0.633	0.172	0.198	0.178	0.215	0.232	0.225	0.459	0.477	0.485	0.117	0.118	0.119	0.39	0.398	0.379	0.117	0.223	0.219	0.428	0.408	0.443	0.093	0.094	0.094	0.194	0.205	0.206	0.584	0.577	0.55	0.323	0.31	0.337	0.127	0.124	0.115	0.343	0.309	0.324	0.109	0.109	0.511	0.208	0.202	0.19	0.24	0.25	0.251	0.1	0.1	0.106	0.177	0.172	0.169	0.508	0.507	0.485	0.269	0.263	0.268	0.293	0.28	0.27	0.552	0.547	0.54	0.28	0.271	0.271	0.349	0.371	0.368	0.461	0.461	0.477	0.358	0.351	0.357	0.358	0.345	0.358	0.344	0.343	0.35	0.39	0.388	0.389	0.411	0.414	0.406	0.408	0.428	0.398	0.364	0.387	0.377	0.461	0.461	0.477	0.422	0.42	0.417
4.5	0.472	0.481	0.465	0.138	0.146	0.144	0.089	0.089	0.089	0.092	0.094	0.092	0.15	0.152	0.149	0.153	0.157	0.157	0.091	0.089	0.089	0.136	0.138	0.135	0.089	0.09	0.09	0.159	0.155	0.152	0.089	0.09	0.09	0.102	0.105	0.097	0.092	0.161	0.163	0.142	0.142	0.142	0.147	0.146	0.146	0.094	0.095	0.099	0.341	0.258	0.333	0.573	0.572	0.555	0.101	0.101	0.108	0.557	0.57	0.59	0.422	0.425	0.399	0.524	0.532	0.536	0.329	0.366	0.359	0.564	0.596	0.601	0.182	0.19	0.194	0.486	0.461	0.458	0.112	0.117	0.115	0.135	0.131	0.133	0.401	0.378	0.367	0.17	0.17	0.171	0.109	0.111	0.11	0.574	0.57	0.544	0.108	0.109	0.097	0.1	0.102	0.099	0.095	0.092	0.097	0.1	0.1	0.097	0.492	0.511	0.523	0.125	0.135	0.137	0.102	0.105	0.108	0.468	0.468	0.461	0.224	0.22	0.219	0.151	0.197	0.295	0.63	0.647	0.623	0.175	0.199	0.207	0.218	0.236	0.229	0.493	0.492	0.504	0.118	0.119	0.121	0.405	0.412	0.413	0.117	0.213	0.21	0.428	0.401	0.457	0.093	0.094	0.094	0.198	0.208	0.205	0.624	0.606	0.588	0.336	0.321	0.354	0.127	0.124	0.115	0.355	0.32	0.337	0.108	0.108	0.511	0.208	0.203	0.19	0.244	0.254	0.255	0.101	0.101	0.108	0.187	0.181	0.177	0.553	0.538	0.517	0.273	0.271	0.274	0.31	0.298	0.287	0.568	0.56	0.55	0.295	0.285	0.285	0.363	0.386	0.383	0.495	0.488	0.518	0.374	0.382	0.381	0.377	0.376	0.379	0.365	0.366	0.372	0.408	0.404	0.41	0.437	0.436	0.427	0.43	0.454	0.423	0.381	0.403	0.394	0.495	0.488	0.518	0.438	0.436	0.434
4.67	0.49	0.497	0.48	0.14	0.146	0.147	0.088	0.089	0.089	0.093	0.094	0.092	0.149	0.151	0.15	0.153	0.157	0.157	0.091	0.089	0.089	0.136	0.138	0.134	0.089	0.091	0.09	0.159	0.156	0.154	0.089	0.09	0.09	0.112	0.112	0.106	0.092	0.162	0.164	0.141	0.141	0.141	0.147	0.145	0.145	0.094	0.095	0.1	0.329	0.253	0.32	0.59	0.594	0.576	0.103	0.103	0.11	0.587	0.611	0.619	0.439	0.44	0.427	0.535	0.531	0.532	0.34	0.385	0.375	0.602	0.619	0.628	0.183	0.192	0.196	0.487	0.465	0.469	0.112	0.117	0.116	0.135	0.131	0.133	0.413	0.392	0.379	0.162	0.16	0.165	0.109	0.11	0.11	0.603	0.599	0.58	0.117	0.114	0.098	0.099	0.102	0.099	0.096	0.093	0.097	0.099	0.1	0.096	0.494	0.52	0.545	0.124	0.132	0.136	0.103	0.106	0.109	0.484	0.488	0.478	0.231	0.229	0.228	0.144	0.185	0.299	0.619	0.656	0.638	0.174	0.211	0.186	0.223	0.242	0.231	0.494	0.52	0.512	0.119	0.121	0.122	0.419	0.432	0.418	0.118	0.204	0.201	0.441	0.377	0.474	0.093	0.094	0.094	0.203	0.211	0.213	0.64	0.632	0.605	0.351	0.334	0.37	0.127	0.124	0.115	0.37	0.333	0.352	0.108	0.108	0.514	0.21	0.203	0.19	0.247	0.257	0.258	0.103	0.103	0.11	0.196	0.191	0.184	0.564	0.553	0.548	0.285	0.282	0.284	0.324	0.315	0.305	0.587	0.577	0.566	0.309	0.301	0.302	0.378	0.405	0.399	0.539	0.528	0.553	0.392	0.399	0.401	0.394	0.392	0.402	0.38	0.388	0.392	0.428	0.425	0.433	0.462	0.46	0.451	0.453	0.481	0.447	0.398	0.406	0.408	0.539	0.528	0.553	0.452	0.45	0.448
4.83	0.514	0.524	0.516	0.141	0.145	0.151	0.088	0.089	0.089	0.093	0.094	0.093	0.149	0.151	0.15	0.153	0.157	0.157	0.091	0.089	0.089	0.136	0.139	0.135	0.089	0.09	0.09	0.159	0.157	0.155	0.089	0.09	0.09	0.113	0.115	0.11	0.092	0.164	0.165	0.14	0.141	0.141	0.146	0.145	0.144	0.093	0.095	0.1	0.311	0.246	0.303	0.625	0.622	0.598	0.105	0.106	0.112	0.617	0.637	0.633	0.452	0.457	0.444	0.542	0.539	0.534	0.346	0.403	0.395	0.619	0.64	0.646	0.185	0.193	0.197	0.507	0.487	0.478	0.112	0.117	0.116	0.134	0.13	0.132	0.428	0.402	0.389	0.154	0.149	0.159	0.109	0.11	0.11	0.637	0.633	0.612	0.115	0.12	0.1	0.099	0.101	0.099	0.097	0.093	0.099	0.099	0.1	0.096	0.495	0.528	0.567	0.124	0.131	0.135	0.104	0.107	0.111	0.485	0.505	0.488	0.241	0.237	0.237	0.136	0.183	0.305	0.635	0.668	0.65	0.178	0.201	0.207	0.244	0.245	0.245	0.511	0.561	0.531	0.122	0.123	0.125	0.437	0.44	0.432	0.12	0.194	0.195	0.463	0.353	0.471	0.093	0.094	0.094	0.204	0.215	0.218	0.642	0.632	0.613	0.366	0.348	0.387	0.128	0.125	0.115	0.387	0.346	0.367	0.108	0.107	0.512	0.21	0.204	0.19	0.25	0.26	0.261	0.105	0.106	0.112	0.207	0.2	0.193	0.577	0.571	0.563	0.295	0.294	0.295	0.342	0.331	0.323	0.608	0.6	0.588	0.328	0.319	0.322	0.396	0.421	0.418	0.572	0.569	0.581	0.412	0.426	0.421	0.414	0.411	0.417	0.402	0.411	0.413	0.447	0.446	0.457	0.487	0.483	0.475	0.475	0.508	0.473	0.418	0.425	0.431	0.572	0.569	0.581	0.469	0.464	0.46
5.0	0.538	0.559	0.534	0.143	0.145	0.153	0.088	0.09	0.089	0.093	0.095	0.093	0.148	0.152	0.151	0.154	0.158	0.157	0.092	0.09	0.089	0.137	0.14	0.135	0.089	0.091	0.091	0.16	0.157	0.195	0.089	0.09	0.09	0.117	0.117	0.113	0.092	0.165	0.165	0.137	0.14	0.14	0.146	0.144	0.142	0.094	0.095	0.101	0.295	0.243	0.29	0.654	0.646	0.619	0.109	0.111	0.116	0.635	0.644	0.641	0.469	0.478	0.461	0.554	0.551	0.548	0.347	0.421	0.413	0.631	0.647	0.653	0.186	0.194	0.198	0.501	0.525	0.485	0.111	0.118	0.116	0.133	0.129	0.131	0.443	0.413	0.399	0.147	0.14	0.152	0.109	0.11	0.11	0.668	0.655	0.644	0.125	0.118	0.102	0.099	0.101	0.098	0.097	0.094	0.1	0.099	0.099	0.096	0.499	0.539	0.585	0.124	0.13	0.134	0.105	0.109	0.112	0.509	0.522	0.504	0.249	0.246	0.244	0.134	0.179	0.329	0.649	0.679	0.668	0.176	0.212	0.202	0.243	0.258	0.241	0.53	0.542	0.532	0.123	0.125	0.126	0.467	0.451	0.456	0.122	0.188	0.19	0.473	0.338	0.496	0.093	0.095	0.094	0.211	0.217	0.215	0.644	0.638	0.616	0.382	0.361	0.404	0.128	0.125	0.115	0.403	0.358	0.382	0.107	0.107	0.515	0.211	0.205	0.191	0.253	0.263	0.264	0.109	0.111	0.116	0.217	0.21	0.201	0.585	0.58	0.576	0.308	0.309	0.31	0.358	0.351	0.343	0.679	0.646	0.647	0.347	0.34	0.34	0.418	0.443	0.439	0.596	0.59	0.593	0.432	0.441	0.437	0.435	0.43	0.428	0.424	0.431	0.433	0.472	0.471	0.48	0.51	0.506	0.498	0.497	0.536	0.498	0.438	0.439	0.44	0.596	0.59	0.593	0.49	0.481	0.473
5.17	0.567	0.586	0.553	0.145	0.147	0.155	0.089	0.09	0.089	0.093	0.095	0.093	0.148	0.153	0.151	0.155	0.159	0.157	0.092	0.09	0.089	0.138	0.141	0.135	0.089	0.091	0.091	0.16	0.158	0.193	0.089	0.09	0.09	0.119	0.121	0.121	0.091	0.165	0.164	0.136	0.139	0.139	0.144	0.143	0.139	0.094	0.096	0.101	0.282	0.238	0.278	0.695	0.679	0.658	0.113	0.124	0.12	0.649	0.644	0.639	0.487	0.497	0.481	0.592	0.599	0.595	0.347	0.438	0.429	0.64	0.652	0.658	0.187	0.194	0.199	0.541	0.511	0.5	0.111	0.118	0.116	0.132	0.128	0.131	0.445	0.424	0.409	0.141	0.134	0.147	0.108	0.11	0.109	0.679	0.673	0.656	0.117	0.121	0.105	0.099	0.101	0.098	0.099	0.095	0.103	0.099	0.099	0.096	0.507	0.549	0.601	0.124	0.129	0.134	0.106	0.11	0.114	0.509	0.529	0.514	0.257	0.252	0.258	0.129	0.174	0.307	0.671	0.712	0.693	0.181	0.219	0.223	0.246	0.27	0.255	0.538	0.552	0.544	0.125	0.127	0.128	0.466	0.459	0.468	0.126	0.183	0.186	0.481	0.318	0.487	0.093	0.095	0.094	0.215	0.22	0.221	0.646	0.639	0.615	0.397	0.374	0.419	0.128	0.125	0.115	0.419	0.372	0.396	0.107	0.107	0.524	0.211	0.206	0.191	0.255	0.265	0.266	0.113	0.124	0.12	0.227	0.219	0.209	0.594	0.591	0.592	0.322	0.322	0.323	0.377	0.371	0.362	0.752	0.733	0.738	0.366	0.359	0.358	0.443	0.467	0.464	0.62	0.612	0.602	0.454	0.459	0.457	0.459	0.45	0.444	0.449	0.452	0.455	0.497	0.498	0.505	0.528	0.532	0.522	0.518	0.555	0.522	0.462	0.475	0.461	0.62	0.612	0.602	0.518	0.505	0.492
5.33	0.577	0.602	0.559	0.146	0.149	0.156	0.089	0.09	0.089	0.094	0.095	0.094	0.149	0.153	0.151	0.155	0.159	0.157	0.092	0.09	0.09	0.138	0.141	0.135	0.09	0.091	0.091	0.161	0.158	0.193	0.089	0.09	0.09	0.123	0.124	0.127	0.092	0.164	0.162	0.134	0.139	0.138	0.144	0.141	0.139	0.094	0.096	0.102	0.272	0.233	0.268	0.761	0.727	0.694	0.137	0.127	0.125	0.653	0.645	0.645	0.507	0.515	0.5	0.656	0.673	0.668	0.337	0.452	0.442	0.646	0.661	0.668	0.188	0.194	0.2	0.558	0.543	0.51	0.111	0.118	0.116	0.132	0.128	0.13	0.461	0.434	0.417	0.136	0.129	0.143	0.108	0.11	0.109	0.694	0.681	0.66	0.118	0.124	0.109	0.099	0.101	0.098	0.1	0.096	0.109	0.099	0.099	0.096	0.51	0.557	0.613	0.124	0.129	0.133	0.107	0.111	0.115	0.518	0.53	0.535	0.263	0.259	0.255	0.127	0.171	0.314	0.693	0.75	0.73	0.182	0.223	0.202	0.262	0.289	0.268	0.547	0.574	0.557	0.127	0.129	0.129	0.494	0.496	0.467	0.13	0.181	0.184	0.482	0.318	0.489	0.093	0.095	0.094	0.225	0.224	0.22	0.656	0.649	0.618	0.411	0.386	0.434	0.128	0.125	0.115	0.435	0.384	0.408	0.107	0.106	0.533	0.211	0.207	0.191	0.256	0.266	0.267	0.137	0.127	0.125	0.238	0.229	0.215	0.61	0.609	0.616	0.335	0.337	0.335	0.395	0.387	0.379	0.776	0.776	0.762	0.385	0.378	0.374	0.472	0.497	0.492	0.646	0.633	0.622	0.475	0.477	0.476	0.482	0.472	0.46	0.474	0.471	0.477	0.522	0.524	0.529	0.553	0.548	0.545	0.538	0.583	0.534	0.482	0.472	0.478	0.646	0.633	0.622	0.543	0.526	0.512
5.5	0.596	0.613	0.571	0.149	0.152	0.156	0.089	0.09	0.089	0.094	0.095	0.135	0.15	0.154	0.151	0.156	0.159	0.157	0.093	0.091	0.09	0.138	0.141	0.136	0.09	0.091	0.091	0.161	0.157	0.191	0.09	0.09	0.09	0.122	0.141	0.138	0.092	0.164	0.162	0.133	0.139	0.136	0.143	0.139	0.14	0.094	0.096	0.103	0.263	0.23	0.259	0.834	0.794	0.769	0.139	0.138	0.122	0.659	0.652	0.651	0.528	0.534	0.52	0.701	0.72	0.719	0.321	0.464	0.451	0.657	0.672	0.694	0.188	0.193	0.2	0.532	0.533	0.522	0.112	0.118	0.116	0.131	0.127	0.129	0.464	0.443	0.428	0.131	0.126	0.14	0.108	0.109	0.109	0.705	0.692	0.666	0.121	0.127	0.116	0.099	0.101	0.098	0.103	0.098	0.123	0.099	0.099	0.096	0.514	0.555	0.625	0.123	0.128	0.132	0.108	0.113	0.117	0.532	0.547	0.542	0.265	0.267	0.252	0.125	0.169	0.324	0.725	0.805	0.761	0.181	0.219	0.219	0.246	0.265	0.248	0.557	0.58	0.558	0.13	0.132	0.133	0.497	0.501	0.495	0.133	0.178	0.182	0.487	0.32	0.498	0.094	0.095	0.095	0.226	0.23	0.227	0.682	0.672	0.63	0.424	0.397	0.447	0.129	0.126	0.115	0.449	0.395	0.418	0.107	0.106	0.544	0.211	0.207	0.191	0.255	0.266	0.267	0.139	0.138	0.122	0.243	0.235	0.221	0.634	0.636	0.638	0.351	0.351	0.35	0.408	0.404	0.393	0.784	0.795	0.782	0.403	0.396	0.389	0.501	0.52	0.518	0.681	0.663	0.654	0.495	0.493	0.498	0.504	0.494	0.488	0.497	0.491	0.494	0.55	0.553	0.553	0.578	0.567	0.565	0.555	0.611	0.542	0.495	0.49	0.489	0.681	0.663	0.654	0.562	0.546	0.53
5.67	0.619	0.628	0.589	0.15	0.154	0.157	0.089	0.09	0.089	0.095	0.096	0.123	0.151	0.154	0.151	0.157	0.16	0.157	0.093	0.091	0.091	0.138	0.141	0.137	0.09	0.091	0.091	0.161	0.156	0.19	0.09	0.09	0.091	0.125	0.131	0.131	0.092	0.164	0.162	0.133	0.139	0.134	0.143	0.138	0.14	0.095	0.097	0.105	0.256	0.226	0.252	0.885	0.846	0.838	0.161	0.139	0.127	0.673	0.67	0.673	0.554	0.552	0.543	0.726	0.747	0.744	0.308	0.474	0.456	0.685	0.725	0.762	0.188	0.193	0.2	0.541	0.545	0.534	0.112	0.118	0.116	0.13	0.126	0.129	0.474	0.451	0.435	0.127	0.124	0.139	0.108	0.109	0.108	0.725	0.705	0.679	0.124	0.13	0.118	0.099	0.1	0.098	0.106	0.1	0.119	0.099	0.099	0.096	0.524	0.561	0.636	0.122	0.127	0.132	0.109	0.114	0.118	0.56	0.564	0.554	0.267	0.26	0.258	0.122	0.167	0.331	0.769	0.909	0.815	0.187	0.206	0.21	0.254	0.261	0.255	0.57	0.588	0.569	0.133	0.137	0.156	0.503	0.511	0.494	0.138	0.175	0.182	0.495	0.322	0.503	0.094	0.095	0.095	0.221	0.232	0.227	0.726	0.721	0.666	0.435	0.407	0.459	0.129	0.126	0.115	0.461	0.405	0.427	0.107	0.106	0.557	0.21	0.206	0.189	0.254	0.265	0.265	0.161	0.139	0.127	0.25	0.241	0.227	0.66	0.661	0.671	0.366	0.366	0.367	0.419	0.42	0.405	0.792	0.803	0.79	0.417	0.41	0.405	0.524	0.545	0.544	0.708	0.697	0.702	0.517	0.511	0.518	0.535	0.515	0.515	0.514	0.514	0.52	0.576	0.582	0.577	0.599	0.595	0.586	0.559	0.625	0.563	0.504	0.504	0.51	0.708	0.697	0.702	0.582	0.565	0.55
5.83	0.659	0.657	0.613	0.151	0.156	0.16	0.089	0.09	0.089	0.095	0.096	0.119	0.151	0.153	0.151	0.157	0.159	0.157	0.093	0.091	0.091	0.139	0.14	0.137	0.09	0.091	0.091	0.16	0.155	0.19	0.09	0.09	0.091	0.125	0.125	0.123	0.091	0.162	0.16	0.133	0.138	0.133	0.143	0.137	0.14	0.095	0.097	0.106	0.251	0.223	0.246	0.912	0.885	0.877	0.149	0.142	0.133	0.694	0.724	0.744	0.581	0.573	0.564	0.75	0.763	0.763	0.297	0.484	0.463	0.75	0.791	0.814	0.188	0.193	0.199	0.553	0.554	0.543	0.112	0.118	0.116	0.129	0.126	0.128	0.479	0.459	0.444	0.124	0.122	0.137	0.108	0.109	0.108	0.756	0.737	0.7	0.128	0.133	0.13	0.099	0.1	0.098	0.111	0.104	0.118	0.099	0.099	0.095	0.531	0.57	0.647	0.12	0.127	0.131	0.111	0.115	0.12	0.552	0.551	0.546	0.265	0.264	0.256	0.121	0.164	0.329	0.836	1.009	0.928	0.189	0.238	0.224	0.248	0.265	0.26	0.585	0.596	0.583	0.141	0.159	0.192	0.525	0.535	0.498	0.147	0.175	0.185	0.496	0.326	0.51	0.094	0.096	0.095	0.223	0.234	0.232	0.771	0.755	0.704	0.445	0.415	0.468	0.129	0.126	0.115	0.471	0.413	0.434	0.107	0.106	0.572	0.208	0.205	0.188	0.252	0.263	0.263	0.149	0.142	0.133	0.259	0.246	0.234	0.679	0.689	0.689	0.382	0.381	0.383	0.435	0.434	0.42	0.8	0.802	0.794	0.431	0.426	0.418	0.549	0.573	0.573	0.743	0.728	0.742	0.54	0.532	0.54	0.57	0.555	0.542	0.546	0.548	0.555	0.593	0.596	0.6	0.628	0.614	0.606	0.575	0.622	0.577	0.517	0.523	0.518	0.743	0.728	0.742	0.597	0.583	0.567
6.0	0.713	0.711	0.661	0.153	0.158	0.163	0.089	0.09	0.089	0.096	0.097	0.11	0.151	0.153	0.15	0.157	0.159	0.156	0.094	0.092	0.091	0.139	0.141	0.138	0.09	0.091	0.091	0.159	0.155	0.188	0.09	0.09	0.091	0.126	0.126	0.129	0.091	0.16	0.16	0.133	0.137	0.134	0.144	0.137	0.141	0.095	0.098	0.107	0.247	0.221	0.243	0.926	0.913	0.904	0.15	0.148	0.145	0.768	0.823	0.826	0.606	0.597	0.588	0.764	0.78	0.775	0.286	0.494	0.469	0.805	0.84	0.837	0.188	0.193	0.199	0.565	0.561	0.552	0.111	0.117	0.116	0.128	0.125	0.127	0.488	0.465	0.455	0.122	0.121	0.137	0.107	0.109	0.108	0.815	0.795	0.744	0.135	0.138	0.129	0.099	0.1	0.098	0.117	0.11	0.12	0.099	0.099	0.096	0.538	0.57	0.66	0.118	0.127	0.131	0.112	0.117	0.122	0.55	0.57	0.567	0.261	0.261	0.259	0.119	0.162	0.332	0.969	1.106	1.099	0.19	0.221	0.232	0.242	0.261	0.26	0.585	0.607	0.595	0.19	0.182	0.148	0.552	0.531	0.526	0.159	0.174	0.188	0.502	0.332	0.519	0.094	0.096	0.095	0.224	0.235	0.23	0.796	0.783	0.741	0.452	0.421	0.476	0.129	0.126	0.115	0.479	0.418	0.439	0.107	0.106	0.587	0.206	0.203	0.186	0.249	0.259	0.259	0.15	0.148	0.145	0.271	0.252	0.243	0.705	0.705	0.706	0.396	0.395	0.395	0.449	0.448	0.432	0.809	0.807	0.801	0.445	0.44	0.432	0.575	0.59	0.599	0.772	0.77	0.786	0.561	0.551	0.563	0.596	0.578	0.569	0.582	0.579	0.585	0.614	0.612	0.621	0.656	0.641	0.627	0.586	0.621	0.588	0.533	0.532	0.533	0.772	0.77	0.786	0.612	0.598	0.582
6.17	0.776	0.769	0.729	0.154	0.16	0.164	0.089	0.09	0.09	0.097	0.098	0.118	0.152	0.153	0.15	0.157	0.159	0.156	0.095	0.093	0.092	0.14	0.141	0.138	0.09	0.091	0.091	0.159	0.155	0.188	0.09	0.09	0.091	0.126	0.128	0.126	0.092	0.16	0.159	0.133	0.138	0.134	0.144	0.138	0.141	0.096	0.099	0.109	0.245	0.22	0.24	0.93	0.933	0.922	0.158	0.158	0.158	0.856	0.894	0.892	0.632	0.622	0.619	0.784	0.8	0.793	0.275	0.503	0.47	0.84	0.857	0.864	0.186	0.192	0.198	0.566	0.586	0.567	0.112	0.117	0.116	0.127	0.124	0.126	0.501	0.477	0.443	0.121	0.12	0.136	0.107	0.108	0.108	0.866	0.845	0.802	0.148	0.146	0.128	0.099	0.1	0.098	0.126	0.105	0.121	0.099	0.099	0.096	0.538	0.572	0.671	0.117	0.126	0.13	0.113	0.119	0.123	0.569	0.575	0.579	0.263	0.263	0.265	0.117	0.16	0.335	1.077	1.181	1.196	0.19	0.234	0.241	0.251	0.264	0.253	0.593	0.614	0.621	0.15	0.162	0.164	0.536	0.542	0.52	0.169	0.17	0.192	0.509	0.338	0.525	0.094	0.096	0.095	0.231	0.235	0.228	0.823	0.815	0.771	0.458	0.426	0.482	0.129	0.126	0.115	0.484	0.422	0.443	0.107	0.106	0.602	0.203	0.2	0.184	0.244	0.254	0.256	0.158	0.158	0.158	0.285	0.261	0.256	0.731	0.727	0.72	0.408	0.409	0.409	0.463	0.463	0.446	0.822	0.819	0.81	0.458	0.451	0.442	0.595	0.606	0.616	0.801	0.784	0.808	0.581	0.572	0.584	0.622	0.602	0.598	0.595	0.609	0.609	0.64	0.634	0.645	0.68	0.665	0.648	0.588	0.624	0.594	0.549	0.542	0.543	0.801	0.784	0.808	0.632	0.614	0.602
6.33	0.817	0.839	0.803	0.157	0.162	0.165	0.089	0.091	0.09	0.099	0.099	0.122	0.153	0.154	0.151	0.157	0.159	0.157	0.096	0.094	0.093	0.14	0.142	0.139	0.091	0.092	0.092	0.158	0.155	0.188	0.09	0.091	0.091	0.126	0.127	0.131	0.092	0.157	0.159	0.134	0.138	0.134	0.145	0.138	0.141	0.097	0.1	0.11	0.244	0.219	0.238	0.946	0.947	0.931	0.168	0.169	0.17	0.932	0.933	0.924	0.66	0.649	0.643	0.808	0.818	0.815	0.267	0.514	0.47	0.865	0.874	0.888	0.186	0.191	0.198	0.6	0.578	0.579	0.112	0.117	0.116	0.127	0.124	0.125	0.49	0.482	0.476	0.12	0.12	0.136	0.107	0.108	0.107	0.902	0.883	0.832	0.138	0.159	0.127	0.099	0.1	0.098	0.115	0.109	0.121	0.099	0.099	0.096	0.547	0.575	0.679	0.116	0.126	0.13	0.115	0.121	0.125	0.568	0.588	0.575	0.26	0.26	0.261	0.116	0.158	0.341	1.137	1.184	1.189	0.196	0.231	0.231	0.25	0.267	0.247	0.615	0.621	0.623	0.193	0.198	0.15	0.543	0.554	0.544	0.199	0.168	0.197	0.507	0.345	0.531	0.095	0.096	0.095	0.233	0.235	0.231	0.851	0.837	0.801	0.462	0.428	0.486	0.129	0.126	0.115	0.487	0.423	0.444	0.107	0.106	0.619	0.201	0.197	0.182	0.239	0.249	0.251	0.168	0.169	0.17	0.301	0.274	0.27	0.755	0.749	0.743	0.424	0.422	0.425	0.476	0.472	0.46	0.84	0.836	0.831	0.472	0.463	0.455	0.613	0.626	0.626	0.819	0.795	0.824	0.601	0.591	0.605	0.648	0.638	0.623	0.625	0.631	0.641	0.662	0.661	0.67	0.707	0.682	0.67	0.592	0.637	0.602	0.57	0.553	0.556	0.819	0.795	0.824	0.653	0.633	0.625
6.5	0.862	0.872	0.843	0.159	0.164	0.166	0.09	0.091	0.09	0.1	0.101	0.124	0.154	0.154	0.151	0.158	0.159	0.157	0.097	0.096	0.094	0.141	0.142	0.138	0.091	0.092	0.092	0.157	0.155	0.186	0.09	0.091	0.091	0.127	0.129	0.127	0.091	0.155	0.158	0.134	0.138	0.134	0.144	0.138	0.142	0.098	0.102	0.112	0.242	0.22	0.236	0.964	0.969	0.945	0.179	0.183	0.191	0.955	0.956	0.95	0.677	0.67	0.669	0.83	0.838	0.834	0.26	0.523	0.471	0.89	0.896	0.907	0.185	0.19	0.196	0.605	0.587	0.593	0.112	0.117	0.116	0.126	0.123	0.124	0.507	0.472	0.456	0.119	0.12	0.137	0.106	0.108	0.107	0.937	0.917	0.872	0.144	0.17	0.128	0.099	0.101	0.098	0.112	0.111	0.121	0.099	0.099	0.096	0.555	0.582	0.68	0.115	0.126	0.129	0.116	0.123	0.127	0.567	0.589	0.582	0.261	0.256	0.257	0.114	0.156	0.352	1.141	1.175	1.18	0.193	0.227	0.237	0.252	0.268	0.252	0.612	0.635	0.619	0.15	0.186	0.177	0.552	0.562	0.548	0.225	0.167	0.208	0.506	0.353	0.535	0.095	0.096	0.095	0.228	0.236	0.231	0.875	0.859	0.835	0.464	0.428	0.488	0.13	0.126	0.115	0.488	0.421	0.442	0.107	0.106	0.636	0.198	0.193	0.18	0.234	0.246	0.247	0.179	0.183	0.191	0.319	0.288	0.286	0.759	0.756	0.751	0.436	0.434	0.439	0.492	0.489	0.47	0.865	0.861	0.854	0.489	0.478	0.471	0.632	0.639	0.647	0.817	0.801	0.828	0.621	0.608	0.62	0.674	0.664	0.649	0.656	0.656	0.661	0.684	0.689	0.697	0.737	0.71	0.693	0.598	0.659	0.615	0.595	0.573	0.577	0.817	0.801	0.828	0.68	0.657	0.642
6.67	0.876	0.895	0.868	0.16	0.166	0.168	0.09	0.091	0.091	0.102	0.102	0.139	0.154	0.154	0.151	0.158	0.175	0.158	0.099	0.097	0.096	0.141	0.142	0.138	0.091	0.092	0.092	0.156	0.154	0.185	0.091	0.091	0.091	0.127	0.13	0.128	0.091	0.154	0.158	0.134	0.138	0.134	0.144	0.138	0.142	0.099	0.102	0.113	0.242	0.22	0.235	0.997	0.991	0.966	0.192	0.199	0.198	0.972	0.975	0.97	0.69	0.678	0.681	0.848	0.859	0.858	0.255	0.532	0.47	0.914	0.923	0.927	0.184	0.189	0.194	0.609	0.601	0.592	0.112	0.116	0.116	0.125	0.122	0.124	0.52	0.503	0.478	0.119	0.12	0.137	0.106	0.107	0.106	0.961	0.937	0.911	0.151	0.184	0.133	0.099	0.1	0.099	0.112	0.118	0.124	0.099	0.099	0.096	0.564	0.586	0.675	0.114	0.125	0.129	0.116	0.124	0.13	0.58	0.591	0.587	0.258	0.255	0.255	0.113	0.154	0.353	1.139	1.148	1.172	0.195	0.225	0.23	0.251	0.27	0.253	0.632	0.641	0.626	0.175	0.193	0.155	0.554	0.562	0.55	0.242	0.164	0.222	0.51	0.357	0.541	0.095	0.096	0.095	0.229	0.236	0.228	0.892	0.88	0.869	0.464	0.427	0.488	0.13	0.126	0.115	0.487	0.419	0.442	0.108	0.106	0.655	0.196	0.191	0.176	0.231	0.241	0.24	0.192	0.199	0.198	0.338	0.304	0.303	0.78	0.785	0.778	0.451	0.447	0.45	0.515	0.508	0.49	0.887	0.888	0.88	0.51	0.494	0.484	0.649	0.657	0.658	0.817	0.811	0.833	0.64	0.623	0.636	0.697	0.69	0.675	0.671	0.68	0.687	0.708	0.715	0.721	0.766	0.73	0.717	0.612	0.692	0.633	0.614	0.595	0.601	0.817	0.811	0.833	0.708	0.68	0.664
6.83	0.894	0.913	0.891	0.162	0.168	0.171	0.09	0.092	0.091	0.104	0.104	0.115	0.154	0.154	0.151	0.159	0.172	0.157	0.101	0.099	0.098	0.141	0.142	0.138	0.092	0.093	0.093	0.156	0.153	0.185	0.091	0.091	0.092	0.127	0.129	0.133	0.091	0.152	0.158	0.134	0.138	0.134	0.144	0.138	0.142	0.101	0.103	0.114	0.241	0.221	0.234	1.022	1.01	0.988	0.208	0.216	0.205	0.989	0.989	0.986	0.705	0.695	0.7	0.873	0.875	0.873	0.251	0.542	0.469	0.938	0.941	0.945	0.183	0.187	0.192	0.619	0.598	0.594	0.112	0.115	0.116	0.124	0.122	0.123	0.52	0.488	0.467	0.119	0.12	0.137	0.106	0.107	0.106	0.982	0.965	0.946	0.16	0.188	0.139	0.099	0.101	0.099	0.115	0.125	0.127	0.099	0.099	0.096	0.569	0.587	0.67	0.114	0.125	0.129	0.117	0.125	0.132	0.595	0.607	0.589	0.25	0.254	0.254	0.112	0.153	0.357	1.149	1.135	1.165	0.196	0.236	0.239	0.249	0.273	0.252	0.644	0.643	0.632	0.17	0.161	0.156	0.562	0.564	0.554	0.26	0.159	0.232	0.514	0.362	0.549	0.095	0.097	0.096	0.229	0.234	0.227	0.909	0.905	0.899	0.462	0.424	0.487	0.13	0.126	0.115	0.484	0.413	0.435	0.108	0.107	0.673	0.191	0.187	0.175	0.224	0.234	0.233	0.208	0.216	0.205	0.358	0.321	0.322	0.812	0.814	0.803	0.469	0.461	0.465	0.542	0.532	0.516	0.903	0.909	0.902	0.534	0.516	0.502	0.665	0.678	0.667	0.823	0.822	0.844	0.659	0.64	0.653	0.728	0.718	0.697	0.696	0.703	0.706	0.733	0.738	0.746	0.794	0.757	0.74	0.633	0.722	0.691	0.634	0.613	0.617	0.823	0.822	0.844	0.731	0.702	0.688
7.0	0.882	0.924	0.907	0.165	0.17	0.172	0.091	0.092	0.092	0.107	0.122	0.112	0.154	0.153	0.151	0.159	0.172	0.157	0.104	0.102	0.102	0.142	0.142	0.139	0.092	0.093	0.093	0.156	0.153	0.184	0.091	0.092	0.092	0.128	0.13	0.129	0.091	0.152	0.157	0.134	0.138	0.134	0.143	0.137	0.142	0.102	0.104	0.115	0.241	0.223	0.233	1.045	1.027	1.004	0.227	0.237	0.221	1.005	1.005	0.996	0.712	0.707	0.711	0.899	0.901	0.899	0.249	0.552	0.467	0.959	0.958	0.964	0.181	0.186	0.191	0.613	0.629	0.608	0.111	0.115	0.116	0.124	0.121	0.123	0.516	0.496	0.476	0.118	0.12	0.137	0.106	0.107	0.106	1.002	0.99	0.973	0.171	0.203	0.149	0.099	0.101	0.099	0.119	0.116	0.131	0.099	0.099	0.096	0.567	0.589	0.659	0.112	0.124	0.128	0.118	0.126	0.135	0.59	0.606	0.61	0.247	0.252	0.253	0.111	0.152	0.357	1.166	1.144	1.154	0.199	0.22	0.238	0.247	0.269	0.253	0.655	0.655	0.64	0.169	0.175	0.159	0.593	0.576	0.57	0.3	0.154	0.239	0.514	0.367	0.552	0.096	0.097	0.096	0.227	0.235	0.227	0.926	0.93	0.925	0.458	0.421	0.482	0.13	0.126	0.116	0.477	0.405	0.428	0.109	0.107	0.692	0.187	0.183	0.172	0.22	0.229	0.226	0.227	0.237	0.221	0.38	0.339	0.342	0.838	0.841	0.831	0.48	0.471	0.479	0.569	0.558	0.539	0.926	0.934	0.923	0.557	0.54	0.523	0.68	0.69	0.68	0.833	0.835	0.857	0.678	0.66	0.669	0.748	0.742	0.719	0.715	0.735	0.736	0.755	0.758	0.766	0.817	0.786	0.766	0.701	0.758	0.746	0.657	0.638	0.637	0.833	0.835	0.857	0.746	0.723	0.709
7.17	0.908	0.936	0.919	0.168	0.173	0.174	0.092	0.093	0.093	0.112	0.137	0.109	0.154	0.153	0.151	0.159	0.172	0.156	0.109	0.108	0.117	0.142	0.143	0.139	0.093	0.094	0.094	0.156	0.153	0.185	0.092	0.093	0.093	0.131	0.129	0.129	0.092	0.152	0.155	0.134	0.138	0.134	0.143	0.137	0.142	0.104	0.105	0.116	0.241	0.225	0.233	1.067	1.043	1.018	0.249	0.261	0.241	1.015	1.019	1.004	0.709	0.715	0.712	0.921	0.923	0.92	0.247	0.563	0.465	0.981	0.98	0.987	0.18	0.184	0.189	0.623	0.626	0.617	0.111	0.115	0.116	0.123	0.121	0.122	0.537	0.499	0.487	0.118	0.12	0.137	0.105	0.106	0.105	1.011	1.003	0.993	0.183	0.221	0.164	0.099	0.101	0.099	0.125	0.121	0.135	0.099	0.099	0.096	0.567	0.585	0.65	0.111	0.123	0.128	0.12	0.128	0.137	0.615	0.623	0.609	0.244	0.248	0.25	0.11	0.151	0.358	1.181	1.151	1.151	0.205	0.222	0.243	0.246	0.264	0.25	0.652	0.674	0.651	0.174	0.168	0.163	0.584	0.592	0.573	0.323	0.15	0.241	0.516	0.372	0.554	0.096	0.098	0.096	0.226	0.234	0.226	0.946	0.951	0.951	0.453	0.414	0.477	0.13	0.126	0.115	0.469	0.392	0.413	0.111	0.108	0.713	0.183	0.18	0.17	0.214	0.222	0.218	0.249	0.261	0.241	0.404	0.359	0.364	0.875	0.872	0.863	0.499	0.486	0.493	0.596	0.584	0.56	0.95	0.955	0.942	0.578	0.563	0.544	0.693	0.7	0.694	0.845	0.852	0.872	0.697	0.674	0.691	0.776	0.764	0.739	0.735	0.76	0.766	0.773	0.777	0.789	0.838	0.814	0.795	0.732	0.769	0.773	0.68	0.657	0.658	0.845	0.852	0.872	0.765	0.741	0.73
7.33	0.928	0.941	0.933	0.172	0.175	0.175	0.093	0.094	0.094	0.117	0.147	0.109	0.154	0.153	0.151	0.159	0.172	0.155	0.104	0.119	0.119	0.142	0.143	0.139	0.094	0.095	0.096	0.155	0.152	0.186	0.093	0.093	0.093	0.129	0.128	0.135	0.092	0.15	0.153	0.133	0.137	0.133	0.142	0.137	0.141	0.105	0.106	0.116	0.241	0.226	0.232	1.079	1.059	1.033	0.278	0.298	0.263	1.026	1.026	1.014	0.705	0.722	0.716	0.946	0.95	0.941	0.245	0.574	0.464	0.997	1.0	1.002	0.179	0.183	0.187	0.634	0.633	0.627	0.111	0.114	0.115	0.123	0.12	0.122	0.538	0.504	0.498	0.118	0.12	0.137	0.105	0.106	0.105	1.019	1.016	1.014	0.198	0.239	0.179	0.099	0.101	0.099	0.13	0.123	0.141	0.099	0.099	0.096	0.572	0.584	0.638	0.111	0.123	0.127	0.122	0.13	0.14	0.62	0.621	0.616	0.242	0.244	0.247	0.11	0.149	0.358	1.196	1.149	1.159	0.202	0.241	0.247	0.246	0.26	0.25	0.654	0.666	0.663	0.173	0.168	0.166	0.584	0.593	0.583	0.339	0.146	0.24	0.517	0.378	0.557	0.096	0.098	0.096	0.224	0.232	0.225	0.96	0.973	0.972	0.445	0.405	0.469	0.13	0.126	0.115	0.459	0.38	0.399	0.112	0.109	0.733	0.18	0.178	0.168	0.208	0.216	0.213	0.278	0.298	0.263	0.427	0.381	0.386	0.903	0.898	0.892	0.517	0.502	0.513	0.622	0.608	0.58	0.974	0.98	0.971	0.598	0.585	0.568	0.71	0.713	0.711	0.86	0.869	0.889	0.717	0.693	0.706	0.806	0.792	0.758	0.769	0.788	0.796	0.795	0.8	0.813	0.862	0.842	0.825	0.755	0.776	0.793	0.691	0.673	0.676	0.86	0.869	0.889	0.781	0.755	0.748
7.5	0.938	0.948	0.946	0.175	0.176	0.176	0.094	0.096	0.095	0.12	0.139	0.109	0.154	0.153	0.151	0.158	0.172	0.155	0.105	0.122	0.113	0.143	0.143	0.139	0.096	0.097	0.097	0.154	0.152	0.187	0.094	0.095	0.094	0.127	0.129	0.13	0.092	0.149	0.152	0.133	0.137	0.133	0.141	0.136	0.14	0.106	0.107	0.117	0.24	0.228	0.231	1.091	1.069	1.046	0.369	0.378	0.287	1.035	1.033	1.025	0.693	0.724	0.713	0.971	0.968	0.967	0.243	0.587	0.464	1.013	1.02	1.022	0.177	0.182	0.186	0.641	0.647	0.632	0.111	0.114	0.115	0.122	0.12	0.121	0.54	0.512	0.493	0.118	0.12	0.137	0.105	0.106	0.105	1.027	1.028	1.03	0.214	0.259	0.197	0.1	0.101	0.099	0.134	0.13	0.15	0.1	0.099	0.097	0.575	0.585	0.626	0.11	0.122	0.127	0.125	0.132	0.144	0.611	0.631	0.628	0.236	0.241	0.244	0.11	0.149	0.358	1.212	1.163	1.172	0.202	0.235	0.243	0.251	0.254	0.246	0.674	0.684	0.684	0.164	0.168	0.168	0.601	0.615	0.587	0.368	0.142	0.236	0.525	0.385	0.558	0.097	0.098	0.097	0.224	0.231	0.224	0.979	0.991	0.995	0.437	0.395	0.459	0.13	0.126	0.116	0.445	0.367	0.386	0.113	0.11	0.753	0.177	0.175	0.166	0.204	0.211	0.208	0.369	0.378	0.287	0.451	0.405	0.408	0.926	0.923	0.922	0.538	0.517	0.532	0.641	0.628	0.599	1.008	1.015	1.006	0.619	0.607	0.589	0.73	0.734	0.733	0.874	0.886	0.903	0.738	0.71	0.721	0.834	0.819	0.775	0.791	0.819	0.831	0.817	0.822	0.839	0.89	0.872	0.853	0.767	0.784	0.805	0.71	0.689	0.696	0.874	0.886	0.903	0.796	0.769	0.764
7.67	0.953	0.959	0.962	0.175	0.178	0.177	0.096	0.098	0.097	0.121	0.13	0.11	0.153	0.153	0.15	0.158	0.173	0.154	0.105	0.119	0.116	0.142	0.143	0.139	0.098	0.099	0.099	0.153	0.152	0.189	0.095	0.096	0.096	0.127	0.132	0.131	0.092	0.149	0.151	0.132	0.136	0.132	0.141	0.136	0.14	0.106	0.107	0.118	0.239	0.229	0.229	1.099	1.076	1.056	0.42	0.411	0.315	1.042	1.046	1.037	0.677	0.722	0.705	0.996	0.991	0.991	0.242	0.599	0.463	1.029	1.035	1.041	0.176	0.181	0.184	0.652	0.655	0.64	0.111	0.114	0.115	0.121	0.119	0.12	0.536	0.51	0.495	0.118	0.121	0.136	0.105	0.106	0.105	1.04	1.038	1.044	0.232	0.277	0.207	0.1	0.101	0.099	0.141	0.137	0.159	0.1	0.1	0.097	0.576	0.585	0.614	0.109	0.121	0.126	0.128	0.135	0.147	0.617	0.649	0.631	0.231	0.239	0.238	0.111	0.148	0.358	1.228	1.177	1.188	0.219	0.234	0.245	0.244	0.251	0.241	0.674	0.681	0.671	0.17	0.174	0.171	0.606	0.615	0.604	0.374	0.139	0.235	0.528	0.393	0.562	0.097	0.099	0.097	0.223	0.229	0.223	0.995	1.006	1.014	0.427	0.385	0.446	0.13	0.126	0.116	0.432	0.355	0.37	0.115	0.112	0.773	0.175	0.173	0.165	0.2	0.206	0.204	0.42	0.411	0.315	0.474	0.428	0.431	0.946	0.943	0.945	0.561	0.539	0.555	0.666	0.654	0.621	1.044	1.056	1.036	0.639	0.629	0.612	0.743	0.743	0.744	0.891	0.901	0.919	0.755	0.728	0.74	0.863	0.846	0.792	0.813	0.857	0.868	0.84	0.845	0.867	0.918	0.905	0.883	0.781	0.795	0.815	0.72	0.705	0.71	0.891	0.901	0.919	0.811	0.784	0.782
7.83	0.972	0.974	0.976	0.176	0.18	0.179	0.098	0.1	0.099	0.121	0.119	0.112	0.153	0.152	0.15	0.158	0.173	0.153	0.106	0.118	0.123	0.142	0.143	0.139	0.102	0.102	0.102	0.152	0.152	0.187	0.097	0.099	0.098	0.129	0.132	0.137	0.091	0.15	0.151	0.132	0.136	0.132	0.14	0.135	0.139	0.107	0.109	0.118	0.238	0.23	0.228	1.11	1.083	1.071	0.467	0.443	0.343	1.059	1.061	1.051	0.662	0.714	0.69	1.02	1.014	1.014	0.239	0.613	0.464	1.047	1.054	1.064	0.175	0.18	0.183	0.657	0.664	0.648	0.111	0.114	0.115	0.121	0.119	0.12	0.529	0.512	0.5	0.118	0.121	0.136	0.105	0.106	0.105	1.055	1.052	1.06	0.247	0.292	0.218	0.1	0.101	0.099	0.154	0.129	0.17	0.1	0.1	0.097	0.579	0.586	0.602	0.107	0.12	0.126	0.131	0.139	0.151	0.623	0.655	0.64	0.227	0.248	0.234	0.111	0.147	0.354	1.232	1.185	1.194	0.215	0.233	0.244	0.238	0.25	0.239	0.676	0.7	0.682	0.17	0.175	0.173	0.619	0.631	0.608	0.368	0.136	0.233	0.526	0.4	0.567	0.098	0.1	0.098	0.224	0.228	0.223	1.01	1.023	1.032	0.415	0.374	0.433	0.13	0.126	0.116	0.418	0.342	0.358	0.118	0.113	0.789	0.172	0.171	0.163	0.196	0.202	0.2	0.467	0.443	0.343	0.496	0.453	0.453	0.967	0.958	0.969	0.58	0.562	0.576	0.684	0.675	0.642	1.077	1.104	1.069	0.656	0.643	0.632	0.762	0.757	0.757	0.907	0.914	0.934	0.774	0.745	0.756	0.893	0.872	0.806	0.837	0.894	0.904	0.865	0.87	0.895	0.948	0.939	0.915	0.789	0.803	0.827	0.73	0.721	0.723	0.907	0.914	0.934	0.827	0.798	0.795
8.0	0.996	0.991	0.99	0.18	0.181	0.181	0.1	0.103	0.102	0.119	0.117	0.116	0.152	0.152	0.15	0.157	0.173	0.153	0.106	0.117	0.115	0.142	0.143	0.139	0.11	0.109	0.109	0.151	0.151	0.183	0.1	0.102	0.1	0.131	0.131	0.133	0.092	0.151	0.151	0.132	0.135	0.132	0.139	0.135	0.138	0.108	0.11	0.12	0.236	0.232	0.226	1.125	1.09	1.083	0.482	0.46	0.371	1.073	1.079	1.065	0.654	0.703	0.675	1.037	1.036	1.04	0.238	0.624	0.465	1.062	1.074	1.083	0.173	0.179	0.182	0.668	0.668	0.663	0.111	0.113	0.115	0.12	0.118	0.12	0.54	0.517	0.5	0.118	0.12	0.136	0.104	0.105	0.105	1.071	1.067	1.076	0.263	0.305	0.237	0.101	0.102	0.1	0.157	0.134	0.184	0.101	0.1	0.097	0.586	0.584	0.594	0.106	0.119	0.125	0.135	0.142	0.155	0.627	0.655	0.653	0.225	0.239	0.228	0.111	0.146	0.349	1.245	1.196	1.204	0.211	0.234	0.248	0.233	0.249	0.238	0.686	0.699	0.689	0.175	0.178	0.176	0.625	0.639	0.617	0.372	0.133	0.23	0.524	0.403	0.568	0.099	0.1	0.099	0.222	0.228	0.222	1.025	1.038	1.047	0.403	0.362	0.421	0.13	0.127	0.117	0.402	0.328	0.344	0.121	0.115	0.806	0.17	0.169	0.161	0.193	0.199	0.197	0.482	0.46	0.371	0.519	0.477	0.475	0.98	0.976	0.985	0.6	0.58	0.595	0.701	0.692	0.662	1.117	1.133	1.101	0.673	0.661	0.653	0.773	0.767	0.768	0.927	0.93	0.959	0.794	0.762	0.775	0.919	0.899	0.819	0.86	0.922	0.936	0.89	0.896	0.925	0.977	0.973	0.949	0.801	0.814	0.842	0.74	0.734	0.734	0.927	0.93	0.959	0.842	0.81	0.804
8.17	1.017	1.01	1.01	0.182	0.182	0.183	0.104	0.107	0.106	0.118	0.118	0.12	0.152	0.151	0.149	0.157	0.173	0.152	0.108	0.117	0.115	0.142	0.143	0.139	0.118	0.127	0.125	0.15	0.149	0.178	0.103	0.106	0.104	0.128	0.131	0.132	0.092	0.15	0.151	0.131	0.135	0.131	0.138	0.135	0.138	0.11	0.112	0.122	0.235	0.234	0.225	1.132	1.098	1.098	0.482	0.468	0.404	1.086	1.09	1.079	0.648	0.699	0.666	1.058	1.057	1.061	0.236	0.634	0.465	1.081	1.097	1.1	0.172	0.178	0.181	0.676	0.676	0.664	0.111	0.113	0.115	0.12	0.118	0.119	0.539	0.518	0.508	0.118	0.12	0.135	0.104	0.105	0.104	1.088	1.082	1.092	0.279	0.317	0.257	0.101	0.102	0.1	0.169	0.14	0.199	0.101	0.101	0.098	0.589	0.586	0.582	0.106	0.119	0.124	0.139	0.146	0.159	0.643	0.672	0.675	0.222	0.236	0.223	0.111	0.145	0.347	1.25	1.202	1.207	0.217	0.234	0.249	0.23	0.247	0.236	0.701	0.712	0.692	0.181	0.18	0.178	0.633	0.653	0.62	0.405	0.131	0.226	0.522	0.406	0.569	0.099	0.101	0.099	0.222	0.227	0.22	1.046	1.059	1.064	0.391	0.351	0.41	0.13	0.127	0.117	0.385	0.315	0.33	0.125	0.118	0.822	0.169	0.167	0.16	0.189	0.196	0.193	0.482	0.468	0.404	0.541	0.502	0.498	0.993	0.995	1.004	0.621	0.6	0.613	0.721	0.708	0.681	1.134	1.152	1.123	0.683	0.676	0.667	0.776	0.77	0.773	0.95	0.952	0.972	0.814	0.782	0.794	0.943	0.921	0.831	0.883	0.944	0.957	0.917	0.923	0.957	1.005	1.007	0.984	0.812	0.828	0.856	0.751	0.745	0.744	0.95	0.952	0.972	0.856	0.821	0.813
8.33	1.04	1.032	1.033	0.184	0.183	0.185	0.11	0.114	0.112	0.12	0.119	0.123	0.152	0.151	0.149	0.156	0.172	0.151	0.112	0.116	0.116	0.142	0.142	0.139	0.115	0.117	0.124	0.149	0.148	0.177	0.108	0.113	0.114	0.129	0.133	0.133	0.092	0.149	0.15	0.131	0.134	0.131	0.138	0.134	0.137	0.111	0.113	0.124	0.233	0.235	0.224	1.145	1.109	1.115	0.49	0.486	0.433	1.099	1.104	1.097	0.641	0.693	0.657	1.077	1.074	1.076	0.234	0.645	0.467	1.099	1.112	1.112	0.171	0.177	0.18	0.683	0.691	0.671	0.111	0.113	0.115	0.119	0.117	0.118	0.543	0.522	0.512	0.117	0.12	0.135	0.104	0.105	0.104	1.104	1.097	1.108	0.288	0.328	0.277	0.102	0.103	0.1	0.184	0.148	0.214	0.102	0.101	0.098	0.589	0.589	0.571	0.107	0.119	0.124	0.143	0.15	0.164	0.647	0.671	0.664	0.218	0.232	0.221	0.111	0.144	0.344	1.234	1.209	1.208	0.222	0.234	0.252	0.23	0.245	0.236	0.72	0.727	0.702	0.184	0.181	0.181	0.658	0.663	0.631	0.441	0.13	0.222	0.525	0.409	0.568	0.101	0.102	0.1	0.222	0.226	0.219	1.064	1.073	1.079	0.378	0.338	0.396	0.13	0.128	0.118	0.369	0.302	0.316	0.129	0.121	0.837	0.167	0.165	0.159	0.187	0.192	0.191	0.49	0.486	0.433	0.563	0.525	0.523	1.013	1.012	1.02	0.644	0.619	0.633	0.729	0.718	0.694	1.15	1.165	1.144	0.698	0.689	0.679	0.782	0.771	0.774	0.966	0.969	0.988	0.834	0.801	0.813	0.959	0.931	0.843	0.9	0.951	0.971	0.945	0.951	0.988	1.03	1.038	1.019	0.823	0.847	0.869	0.757	0.751	0.753	0.966	0.969	0.988	0.87	0.83	0.817
8.5	1.062	1.052	1.05	0.185	0.185	0.187	0.124	0.127	0.126	0.124	0.119	0.126	0.151	0.15	0.148	0.155	0.171	0.151	0.116	0.119	0.117	0.141	0.142	0.139	0.123	0.117	0.12	0.148	0.148	0.175	0.119	0.126	0.122	0.128	0.149	0.137	0.092	0.148	0.149	0.13	0.134	0.13	0.137	0.134	0.137	0.112	0.115	0.126	0.232	0.238	0.223	1.155	1.123	1.129	0.505	0.505	0.463	1.112	1.115	1.104	0.639	0.691	0.655	1.092	1.09	1.092	0.232	0.655	0.47	1.12	1.134	1.13	0.17	0.177	0.179	0.695	0.698	0.689	0.111	0.113	0.114	0.119	0.117	0.118	0.537	0.525	0.515	0.117	0.12	0.135	0.104	0.105	0.104	1.117	1.11	1.121	0.303	0.339	0.293	0.102	0.103	0.101	0.202	0.158	0.231	0.103	0.102	0.099	0.588	0.589	0.565	0.107	0.12	0.123	0.147	0.155	0.169	0.655	0.676	0.675	0.214	0.228	0.217	0.111	0.144	0.335	1.226	1.217	1.218	0.229	0.235	0.248	0.229	0.243	0.233	0.703	0.712	0.701	0.187	0.184	0.182	0.657	0.679	0.644	0.459	0.128	0.219	0.523	0.411	0.568	0.102	0.104	0.101	0.221	0.225	0.218	1.079	1.087	1.095	0.365	0.325	0.381	0.131	0.128	0.119	0.353	0.288	0.302	0.134	0.125	0.849	0.166	0.163	0.158	0.184	0.189	0.188	0.505	0.505	0.463	0.584	0.548	0.548	1.03	1.027	1.034	0.659	0.638	0.652	0.743	0.727	0.706	1.157	1.169	1.155	0.709	0.703	0.693	0.786	0.771	0.776	0.984	0.986	1.002	0.856	0.821	0.832	0.972	0.936	0.853	0.908	0.946	0.974	0.974	0.978	1.019	1.052	1.065	1.052	0.839	0.867	0.884	0.758	0.751	0.754	0.984	0.986	1.002	0.88	0.84	0.813
8.67	1.075	1.073	1.07	0.187	0.186	0.188	0.124	0.125	0.127	0.127	0.12	0.129	0.151	0.15	0.148	0.154	0.17	0.15	0.118	0.116	0.119	0.141	0.142	0.138	0.128	0.127	0.125	0.147	0.147	0.174	0.107	0.126	0.116	0.129	0.14	0.137	0.092	0.147	0.149	0.13	0.133	0.13	0.137	0.133	0.136	0.114	0.117	0.129	0.23	0.24	0.222	1.163	1.138	1.142	0.524	0.517	0.488	1.117	1.117	1.107	0.638	0.687	0.651	1.105	1.103	1.112	0.228	0.664	0.472	1.129	1.144	1.137	0.168	0.176	0.178	0.703	0.707	0.691	0.111	0.113	0.114	0.118	0.116	0.118	0.55	0.529	0.521	0.117	0.119	0.134	0.104	0.105	0.104	1.128	1.122	1.131	0.312	0.353	0.308	0.103	0.104	0.102	0.221	0.17	0.247	0.104	0.103	0.1	0.589	0.588	0.561	0.107	0.12	0.123	0.153	0.161	0.176	0.664	0.687	0.678	0.211	0.224	0.213	0.111	0.143	0.331	1.227	1.228	1.226	0.234	0.237	0.252	0.227	0.242	0.232	0.712	0.724	0.714	0.19	0.186	0.185	0.657	0.69	0.651	0.47	0.127	0.215	0.523	0.413	0.567	0.104	0.106	0.103	0.22	0.225	0.217	1.099	1.11	1.11	0.352	0.314	0.366	0.131	0.129	0.12	0.338	0.276	0.289	0.14	0.129	0.86	0.164	0.162	0.157	0.181	0.186	0.185	0.524	0.517	0.488	0.603	0.569	0.571	1.05	1.05	1.046	0.677	0.657	0.671	0.761	0.736	0.714	1.164	1.175	1.161	0.721	0.716	0.704	0.785	0.769	0.776	0.996	0.998	1.012	0.877	0.842	0.852	0.974	0.935	0.862	0.906	0.932	0.962	1.002	1.006	1.049	1.067	1.088	1.08	0.855	0.885	0.902	0.753	0.749	0.748	0.996	0.998	1.012	0.87	0.851	0.789
8.83	1.08	1.089	1.084	0.19	0.187	0.189	0.123	0.126	0.126	0.131	0.122	0.132	0.15	0.149	0.147	0.154	0.169	0.149	0.119	0.118	0.123	0.141	0.142	0.138	0.132	0.136	0.132	0.146	0.147	0.174	0.107	0.134	0.119	0.13	0.139	0.195	0.092	0.147	0.148	0.129	0.133	0.129	0.136	0.133	0.136	0.115	0.119	0.133	0.23	0.243	0.221	1.172	1.154	1.151	0.543	0.533	0.512	1.119	1.114	1.104	0.636	0.684	0.648	1.121	1.126	1.142	0.225	0.671	0.473	1.149	1.153	1.146	0.167	0.175	0.177	0.713	0.717	0.702	0.111	0.113	0.115	0.118	0.116	0.117	0.547	0.529	0.526	0.117	0.119	0.134	0.104	0.105	0.104	1.137	1.131	1.139	0.324	0.368	0.322	0.104	0.105	0.102	0.242	0.184	0.263	0.105	0.104	0.101	0.593	0.59	0.554	0.107	0.121	0.123	0.157	0.167	0.183	0.662	0.688	0.678	0.205	0.22	0.21	0.112	0.142	0.323	1.238	1.229	1.225	0.225	0.239	0.254	0.224	0.241	0.231	0.726	0.739	0.728	0.193	0.19	0.187	0.68	0.673	0.654	0.48	0.126	0.213	0.524	0.416	0.566	0.105	0.108	0.105	0.219	0.224	0.217	1.112	1.124	1.123	0.339	0.303	0.353	0.132	0.13	0.121	0.323	0.264	0.277	0.148	0.133	0.872	0.163	0.161	0.156	0.179	0.184	0.182	0.543	0.533	0.512	0.617	0.589	0.59	1.069	1.062	1.057	0.692	0.67	0.685	0.77	0.749	0.724	1.17	1.183	1.165	0.734	0.729	0.716	0.783	0.772	0.777	1.007	1.012	1.028	0.899	0.864	0.872	0.972	0.929	0.871	0.902	0.923	0.941	1.029	1.034	1.077	1.076	1.105	1.106	0.873	0.901	0.921	0.751	0.742	0.74	1.007	1.012	1.028	0.847	0.847	0.763
9.0	1.078	1.099	1.088	0.192	0.188	0.19	0.131	0.132	0.132	0.14	0.126	0.136	0.15	0.149	0.147	0.153	0.167	0.149	0.124	0.121	0.127	0.141	0.142	0.138	0.134	0.147	0.137	0.145	0.146	0.174	0.11	0.129	0.123	0.131	0.169	0.145	0.092	0.147	0.148	0.129	0.134	0.129	0.136	0.133	0.135	0.118	0.122	0.137	0.23	0.248	0.222	1.181	1.169	1.163	0.561	0.547	0.535	1.127	1.108	1.103	0.635	0.682	0.645	1.138	1.159	1.18	0.222	0.679	0.475	1.158	1.159	1.156	0.165	0.175	0.176	0.723	0.723	0.721	0.112	0.113	0.115	0.117	0.116	0.117	0.55	0.537	0.531	0.116	0.119	0.134	0.105	0.105	0.104	1.141	1.137	1.148	0.339	0.382	0.334	0.105	0.107	0.103	0.262	0.2	0.279	0.107	0.105	0.103	0.598	0.596	0.554	0.106	0.122	0.123	0.164	0.174	0.19	0.676	0.702	0.689	0.201	0.215	0.208	0.111	0.142	0.317	1.244	1.232	1.225	0.231	0.239	0.256	0.223	0.239	0.228	0.743	0.736	0.747	0.197	0.192	0.189	0.677	0.696	0.662	0.492	0.125	0.213	0.52	0.418	0.567	0.108	0.111	0.107	0.219	0.223	0.216	1.123	1.132	1.137	0.327	0.292	0.339	0.133	0.131	0.123	0.309	0.253	0.265	0.156	0.138	0.883	0.162	0.16	0.155	0.177	0.181	0.18	0.561	0.547	0.535	0.626	0.605	0.604	1.083	1.077	1.069	0.706	0.684	0.697	0.78	0.757	0.734	1.176	1.188	1.173	0.744	0.74	0.722	0.788	0.771	0.776	1.024	1.024	1.041	0.921	0.885	0.891	0.969	0.921	0.878	0.899	0.9	0.939	1.053	1.058	1.1	1.077	1.111	1.126	0.89	0.912	0.938	0.753	0.746	0.742	1.024	1.024	1.041	0.826	0.827	0.759
9.17	1.074	1.103	1.086	0.193	0.189	0.191	0.134	0.135	0.136	0.139	0.132	0.141	0.149	0.148	0.146	0.153	0.166	0.148	0.13	0.125	0.133	0.141	0.142	0.137	0.128	0.163	0.138	0.144	0.146	0.173	0.113	0.135	0.128	0.13	0.145	0.169	0.092	0.147	0.147	0.129	0.133	0.129	0.136	0.132	0.135	0.12	0.124	0.141	0.231	0.253	0.222	1.193	1.18	1.171	0.58	0.561	0.559	1.13	1.107	1.101	0.633	0.68	0.641	1.159	1.189	1.219	0.219	0.685	0.477	1.169	1.166	1.161	0.163	0.174	0.178	0.734	0.733	0.727	0.112	0.113	0.115	0.117	0.116	0.117	0.55	0.537	0.534	0.116	0.119	0.133	0.105	0.105	0.104	1.141	1.142	1.154	0.356	0.401	0.348	0.105	0.108	0.105	0.28	0.217	0.292	0.109	0.107	0.105	0.599	0.6	0.551	0.106	0.123	0.123	0.169	0.18	0.199	0.69	0.716	0.696	0.198	0.212	0.207	0.111	0.141	0.307	1.249	1.233	1.223	0.235	0.239	0.254	0.223	0.236	0.226	0.734	0.76	0.73	0.2	0.194	0.191	0.686	0.686	0.672	0.504	0.125	0.213	0.518	0.422	0.565	0.11	0.115	0.11	0.218	0.224	0.216	1.127	1.143	1.148	0.315	0.281	0.325	0.135	0.133	0.125	0.295	0.243	0.254	0.161	0.142	0.893	0.161	0.159	0.154	0.176	0.179	0.177	0.58	0.561	0.559	0.633	0.617	0.615	1.103	1.089	1.082	0.722	0.695	0.711	0.788	0.765	0.745	1.182	1.193	1.18	0.753	0.751	0.733	0.793	0.764	0.776	1.036	1.04	1.05	0.942	0.907	0.91	0.97	0.896	0.884	0.891	0.866	0.939	1.073	1.078	1.12	1.069	1.101	1.139	0.905	0.919	0.951	0.759	0.753	0.747	1.036	1.04	1.05	0.822	0.814	0.772
9.33	1.07	1.109	1.085	0.195	0.19	0.193	0.142	0.137	0.137	0.144	0.138	0.147	0.148	0.148	0.146	0.152	0.165	0.147	0.138	0.131	0.141	0.14	0.142	0.137	0.13	0.133	0.131	0.143	0.147	0.172	0.127	0.141	0.133	0.131	0.158	0.173	0.092	0.146	0.147	0.128	0.133	0.128	0.136	0.132	0.135	0.123	0.128	0.146	0.232	0.258	0.224	1.204	1.191	1.18	0.6	0.575	0.582	1.133	1.106	1.102	0.631	0.678	0.638	1.181	1.225	1.251	0.215	0.691	0.479	1.177	1.168	1.164	0.162	0.174	0.177	0.742	0.742	0.736	0.113	0.112	0.115	0.117	0.116	0.116	0.552	0.537	0.538	0.116	0.118	0.133	0.105	0.105	0.104	1.14	1.144	1.157	0.375	0.417	0.365	0.107	0.11	0.107	0.296	0.234	0.304	0.112	0.109	0.108	0.6	0.602	0.552	0.107	0.125	0.123	0.175	0.186	0.207	0.691	0.724	0.702	0.194	0.209	0.206	0.111	0.14	0.299	1.254	1.234	1.222	0.234	0.241	0.257	0.221	0.235	0.23	0.743	0.745	0.744	0.205	0.195	0.194	0.689	0.694	0.679	0.52	0.125	0.211	0.522	0.419	0.565	0.112	0.118	0.114	0.218	0.224	0.216	1.133	1.151	1.153	0.303	0.271	0.313	0.137	0.135	0.128	0.282	0.234	0.245	0.166	0.146	0.902	0.16	0.158	0.154	0.174	0.177	0.175	0.6	0.575	0.582	0.636	0.625	0.62	1.118	1.099	1.086	0.734	0.705	0.722	0.8	0.778	0.752	1.189	1.2	1.184	0.766	0.762	0.748	0.791	0.761	0.776	1.043	1.051	1.059	0.963	0.93	0.931	0.963	0.873	0.888	0.887	0.845	0.904	1.088	1.093	1.131	1.054	1.09	1.138	0.915	0.924	0.963	0.767	0.763	0.756	1.043	1.051	1.059	0.829	0.814	0.795
9.5	1.069	1.109	1.084	0.198	0.19	0.193	0.141	0.138	0.14	0.152	0.144	0.155	0.148	0.147	0.146	0.152	0.164	0.146	0.147	0.139	0.15	0.14	0.142	0.137	0.136	0.135	0.133	0.142	0.147	0.172	0.134	0.141	0.129	0.132	0.176	0.16	0.092	0.146	0.146	0.128	0.134	0.128	0.136	0.132	0.135	0.126	0.132	0.151	0.234	0.265	0.226	1.217	1.202	1.188	0.62	0.589	0.6	1.137	1.111	1.109	0.631	0.679	0.636	1.211	1.267	1.276	0.211	0.698	0.482	1.188	1.174	1.173	0.16	0.173	0.177	0.753	0.747	0.748	0.114	0.112	0.116	0.117	0.116	0.116	0.555	0.543	0.541	0.116	0.118	0.133	0.106	0.106	0.105	1.141	1.146	1.162	0.392	0.43	0.382	0.112	0.113	0.109	0.308	0.263	0.316	0.116	0.112	0.115	0.603	0.601	0.552	0.107	0.127	0.124	0.181	0.193	0.215	0.7	0.714	0.71	0.191	0.207	0.204	0.111	0.139	0.293	1.258	1.236	1.217	0.237	0.243	0.255	0.22	0.234	0.223	0.76	0.758	0.753	0.21	0.198	0.197	0.701	0.709	0.684	0.536	0.125	0.209	0.523	0.42	0.566	0.114	0.127	0.116	0.218	0.223	0.216	1.14	1.154	1.159	0.291	0.261	0.301	0.139	0.137	0.131	0.271	0.226	0.236	0.171	0.151	0.911	0.16	0.158	0.154	0.173	0.174	0.173	0.62	0.589	0.6	0.638	0.629	0.622	1.133	1.104	1.095	0.744	0.715	0.732	0.803	0.785	0.762	1.196	1.206	1.191	0.774	0.772	0.761	0.795	0.763	0.782	1.056	1.06	1.068	0.985	0.953	0.949	0.932	0.861	0.89	0.881	0.831	0.871	1.097	1.103	1.138	1.036	1.075	1.123	0.922	0.926	0.971	0.776	0.772	0.768	1.056	1.06	1.068	0.84	0.826	0.814
9.67	1.071	1.11	1.09	0.201	0.191	0.194	0.135	0.138	0.139	0.16	0.15	0.166	0.148	0.147	0.146	0.152	0.164	0.145	0.157	0.147	0.16	0.14	0.142	0.137	0.144	0.142	0.139	0.142	0.148	0.171	0.145	0.139	0.13	0.138	0.157	0.188	0.092	0.146	0.146	0.128	0.134	0.128	0.137	0.132	0.135	0.13	0.136	0.157	0.238	0.273	0.23	1.228	1.217	1.198	0.637	0.603	0.623	1.144	1.122	1.118	0.631	0.68	0.635	1.23	1.304	1.298	0.208	0.707	0.484	1.196	1.181	1.179	0.158	0.172	0.176	0.762	0.753	0.759	0.116	0.112	0.116	0.117	0.116	0.116	0.561	0.541	0.544	0.116	0.118	0.132	0.107	0.106	0.105	1.14	1.141	1.167	0.411	0.441	0.4	0.116	0.117	0.112	0.321	0.284	0.332	0.122	0.118	0.139	0.603	0.601	0.556	0.108	0.129	0.124	0.189	0.201	0.225	0.718	0.723	0.715	0.189	0.205	0.203	0.112	0.139	0.289	1.263	1.238	1.218	0.241	0.244	0.255	0.218	0.232	0.22	0.748	0.771	0.771	0.213	0.202	0.2	0.707	0.707	0.69	0.553	0.128	0.207	0.516	0.421	0.565	0.112	0.133	0.123	0.218	0.223	0.216	1.151	1.155	1.165	0.281	0.253	0.289	0.142	0.14	0.135	0.261	0.219	0.229	0.178	0.155	0.92	0.16	0.158	0.155	0.172	0.172	0.172	0.637	0.603	0.623	0.637	0.631	0.622	1.146	1.105	1.1	0.755	0.722	0.738	0.808	0.797	0.77	1.204	1.212	1.197	0.786	0.78	0.775	0.798	0.767	0.788	1.066	1.068	1.078	1.003	0.975	0.968	0.897	0.856	0.892	0.879	0.826	0.846	1.1	1.107	1.14	1.019	1.056	1.105	0.925	0.925	0.977	0.785	0.781	0.779	1.066	1.068	1.078	0.853	0.841	0.829
9.83	1.072	1.111	1.094	0.202	0.193	0.194	0.139	0.143	0.144	0.171	0.161	0.18	0.148	0.146	0.145	0.152	0.163	0.145	0.167	0.157	0.17	0.14	0.143	0.137	0.156	0.151	0.148	0.141	0.149	0.17	0.163	0.144	0.135	0.159	0.191	0.172	0.092	0.146	0.145	0.128	0.135	0.128	0.138	0.132	0.136	0.134	0.141	0.164	0.241	0.281	0.234	1.236	1.228	1.208	0.65	0.615	0.641	1.151	1.132	1.128	0.633	0.683	0.634	1.244	1.333	1.312	0.206	0.716	0.486	1.199	1.188	1.185	0.157	0.172	0.176	0.773	0.762	0.766	0.117	0.112	0.117	0.117	0.117	0.116	0.554	0.545	0.547	0.116	0.118	0.132	0.108	0.107	0.106	1.136	1.139	1.169	0.428	0.449	0.419	0.132	0.12	0.125	0.331	0.297	0.347	0.128	0.12	0.136	0.604	0.603	0.558	0.109	0.132	0.125	0.197	0.21	0.235	0.706	0.736	0.723	0.187	0.202	0.201	0.111	0.138	0.282	1.261	1.236	1.216	0.242	0.244	0.255	0.216	0.23	0.219	0.779	0.785	0.752	0.217	0.206	0.204	0.708	0.736	0.693	0.568	0.124	0.205	0.523	0.424	0.565	0.114	0.137	0.136	0.219	0.224	0.216	1.168	1.169	1.172	0.27	0.245	0.279	0.145	0.144	0.14	0.252	0.212	0.222	0.184	0.161	0.928	0.16	0.158	0.155	0.172	0.171	0.17	0.65	0.615	0.641	0.633	0.63	0.62	1.161	1.115	1.105	0.761	0.729	0.744	0.811	0.801	0.78	1.212	1.214	1.206	0.793	0.788	0.786	0.801	0.77	0.795	1.074	1.076	1.087	1.019	0.994	0.984	0.877	0.857	0.89	0.876	0.823	0.833	1.099	1.106	1.138	1.004	1.04	1.086	0.926	0.923	0.982	0.789	0.788	0.788	1.074	1.076	1.087	0.864	0.854	0.837
10.0	1.071	1.112	1.101	0.202	0.194	0.194	0.146	0.152	0.153	0.182	0.167	0.195	0.148	0.146	0.145	0.152	0.163	0.145	0.179	0.168	0.182	0.141	0.144	0.137	0.17	0.163	0.16	0.141	0.15	0.17	0.164	0.154	0.144	0.163	0.163	0.186	0.092	0.146	0.145	0.128	0.136	0.128	0.138	0.132	0.136	0.138	0.147	0.17	0.246	0.29	0.238	1.245	1.239	1.216	0.661	0.625	0.654	1.158	1.142	1.142	0.639	0.692	0.636	1.252	1.348	1.319	0.202	0.723	0.489	1.207	1.193	1.191	0.156	0.171	0.176	0.779	0.77	0.774	0.121	0.113	0.118	0.116	0.117	0.116	0.574	0.545	0.549	0.116	0.118	0.131	0.11	0.108	0.108	1.137	1.137	1.17	0.442	0.454	0.435	0.136	0.137	0.134	0.344	0.31	0.364	0.126	0.12	0.129	0.608	0.603	0.558	0.111	0.136	0.127	0.205	0.217	0.246	0.715	0.736	0.737	0.186	0.201	0.202	0.112	0.137	0.276	1.259	1.235	1.215	0.241	0.244	0.256	0.214	0.229	0.217	0.759	0.773	0.777	0.222	0.21	0.209	0.716	0.741	0.696	0.581	0.119	0.203	0.52	0.427	0.566	0.119	0.139	0.136	0.22	0.224	0.217	1.186	1.182	1.185	0.261	0.237	0.269	0.15	0.148	0.144	0.244	0.207	0.216	0.189	0.164	0.936	0.16	0.158	0.157	0.171	0.169	0.169	0.661	0.625	0.654	0.627	0.627	0.616	1.182	1.132	1.11	0.763	0.735	0.749	0.815	0.8	0.783	1.218	1.222	1.213	0.8	0.793	0.787	0.807	0.771	0.794	1.081	1.08	1.093	1.033	1.009	0.998	0.866	0.859	0.888	0.874	0.824	0.824	1.096	1.1	1.135	0.995	1.029	1.066	0.926	0.921	0.983	0.79	0.794	0.793	1.081	1.08	1.093	0.886	0.877	0.844
10.17	1.07	1.115	1.115	0.202	0.195	0.195	0.156	0.163	0.165	0.195	0.176	0.215	0.148	0.145	0.145	0.153	0.164	0.145	0.193	0.179	0.195	0.142	0.146	0.138	0.198	0.179	0.175	0.141	0.152	0.17	0.169	0.166	0.155	0.137	0.186	0.176	0.092	0.146	0.145	0.129	0.136	0.128	0.14	0.133	0.137	0.143	0.153	0.18	0.251	0.299	0.243	1.25	1.25	1.223	0.668	0.632	0.664	1.166	1.155	1.16	0.654	0.7	0.64	1.263	1.345	1.317	0.2	0.731	0.491	1.218	1.201	1.199	0.155	0.171	0.176	0.788	0.776	0.783	0.123	0.114	0.12	0.116	0.118	0.116	0.558	0.547	0.552	0.116	0.117	0.131	0.113	0.11	0.11	1.148	1.135	1.172	0.455	0.46	0.45	0.13	0.142	0.141	0.36	0.318	0.383	0.131	0.117	0.128	0.61	0.602	0.559	0.113	0.134	0.129	0.213	0.226	0.26	0.727	0.743	0.736	0.185	0.2	0.199	0.111	0.137	0.269	1.257	1.234	1.209	0.24	0.243	0.259	0.213	0.227	0.216	0.771	0.788	0.776	0.228	0.216	0.223	0.722	0.742	0.702	0.596	0.12	0.201	0.521	0.429	0.567	0.126	0.142	0.135	0.221	0.225	0.218	1.207	1.194	1.202	0.253	0.231	0.26	0.155	0.154	0.151	0.236	0.202	0.211	0.195	0.169	0.944	0.161	0.159	0.158	0.17	0.168	0.167	0.668	0.632	0.664	0.619	0.623	0.611	1.204	1.153	1.126	0.77	0.741	0.755	0.823	0.807	0.786	1.224	1.228	1.219	0.801	0.798	0.792	0.81	0.774	0.796	1.084	1.082	1.098	1.042	1.02	1.008	0.861	0.863	0.882	0.872	0.825	0.82	1.086	1.09	1.125	0.996	1.026	1.049	0.924	0.915	0.982	0.794	0.797	0.797	1.084	1.082	1.098	0.903	0.887	0.853
10.33	1.07	1.118	1.122	0.204	0.196	0.195	0.168	0.176	0.178	0.212	0.187	0.217	0.148	0.146	0.146	0.153	0.165	0.145	0.207	0.192	0.209	0.143	0.149	0.139	0.227	0.22	0.193	0.141	0.154	0.171	0.184	0.182	0.17	0.136	0.166	0.18	0.092	0.146	0.144	0.13	0.138	0.13	0.142	0.134	0.139	0.149	0.16	0.189	0.256	0.31	0.249	1.257	1.26	1.231	0.671	0.634	0.675	1.173	1.165	1.177	0.679	0.712	0.648	1.275	1.341	1.298	0.197	0.739	0.493	1.225	1.212	1.211	0.155	0.171	0.176	0.798	0.783	0.791	0.126	0.115	0.122	0.117	0.119	0.116	0.571	0.548	0.555	0.117	0.117	0.131	0.116	0.113	0.113	1.166	1.141	1.175	0.466	0.467	0.462	0.13	0.131	0.134	0.378	0.332	0.403	0.135	0.122	0.13	0.612	0.601	0.561	0.115	0.144	0.131	0.222	0.237	0.274	0.74	0.753	0.738	0.184	0.198	0.196	0.111	0.136	0.265	1.254	1.228	1.205	0.241	0.242	0.263	0.212	0.227	0.214	0.788	0.784	0.77	0.247	0.244	0.243	0.734	0.741	0.705	0.609	0.12	0.199	0.522	0.431	0.566	0.131	0.149	0.14	0.222	0.226	0.219	1.229	1.209	1.217	0.245	0.225	0.251	0.161	0.16	0.159	0.23	0.198	0.206	0.2	0.172	0.951	0.162	0.16	0.16	0.17	0.166	0.166	0.671	0.634	0.675	0.61	0.618	0.604	1.235	1.182	1.156	0.776	0.746	0.766	0.829	0.814	0.795	1.231	1.228	1.22	0.807	0.804	0.795	0.816	0.78	0.8	1.087	1.081	1.103	1.048	1.027	1.014	0.857	0.863	0.875	0.872	0.825	0.818	1.073	1.078	1.112	1.005	1.034	1.042	0.92	0.909	0.98	0.798	0.803	0.805	1.087	1.081	1.103	0.914	0.896	0.865
10.5	1.072	1.123	1.128	0.207	0.197	0.197	0.183	0.192	0.196	0.235	0.2	0.235	0.148	0.146	0.147	0.154	0.165	0.147	0.225	0.215	0.229	0.145	0.148	0.141	0.255	0.246	0.233	0.141	0.156	0.171	0.205	0.22	0.208	0.145	0.185	0.179	0.092	0.146	0.144	0.131	0.139	0.131	0.144	0.136	0.141	0.156	0.168	0.199	0.262	0.322	0.255	1.264	1.268	1.239	0.673	0.636	0.679	1.184	1.174	1.188	0.704	0.73	0.661	1.284	1.333	1.28	0.194	0.746	0.495	1.234	1.222	1.216	0.155	0.171	0.177	0.806	0.79	0.801	0.131	0.116	0.123	0.117	0.12	0.118	0.559	0.553	0.557	0.117	0.117	0.131	0.118	0.115	0.117	1.193	1.156	1.178	0.475	0.472	0.471	0.132	0.134	0.134	0.396	0.346	0.42	0.141	0.125	0.135	0.612	0.601	0.563	0.118	0.146	0.135	0.231	0.249	0.287	0.731	0.758	0.744	0.183	0.196	0.194	0.111	0.135	0.26	1.253	1.224	1.2	0.249	0.245	0.265	0.211	0.225	0.214	0.778	0.809	0.795	0.257	0.25	0.255	0.72	0.753	0.713	0.629	0.12	0.197	0.523	0.436	0.565	0.136	0.16	0.149	0.223	0.227	0.221	1.253	1.222	1.236	0.238	0.219	0.244	0.169	0.167	0.168	0.224	0.194	0.203	0.206	0.176	0.957	0.164	0.162	0.163	0.17	0.166	0.165	0.673	0.636	0.679	0.602	0.61	0.596	1.266	1.213	1.187	0.779	0.75	0.77	0.83	0.819	0.795	1.234	1.228	1.226	0.808	0.802	0.797	0.819	0.788	0.807	1.092	1.083	1.108	1.05	1.029	1.018	0.855	0.865	0.867	0.874	0.825	0.819	1.057	1.062	1.1	1.016	1.048	1.048	0.914	0.898	0.974	0.803	0.808	0.812	1.092	1.083	1.108	0.922	0.907	0.877
10.67	1.075	1.128	1.13	0.21	0.199	0.2	0.216	0.233	0.235	0.255	0.215	0.254	0.15	0.147	0.149	0.156	0.168	0.149	0.238	0.236	0.256	0.148	0.153	0.143	0.283	0.278	0.265	0.143	0.159	0.172	0.244	0.249	0.236	0.16	0.172	0.184	0.092	0.147	0.144	0.132	0.14	0.131	0.145	0.138	0.142	0.164	0.176	0.21	0.269	0.335	0.261	1.267	1.276	1.244	0.67	0.638	0.684	1.191	1.184	1.194	0.724	0.754	0.681	1.296	1.315	1.268	0.19	0.752	0.498	1.241	1.226	1.224	0.155	0.171	0.178	0.815	0.795	0.809	0.134	0.119	0.126	0.116	0.122	0.119	0.571	0.552	0.559	0.118	0.117	0.131	0.12	0.117	0.119	1.218	1.184	1.186	0.481	0.478	0.476	0.136	0.139	0.133	0.419	0.361	0.432	0.147	0.132	0.142	0.613	0.604	0.564	0.123	0.154	0.13	0.241	0.261	0.302	0.741	0.761	0.758	0.183	0.195	0.193	0.111	0.134	0.253	1.25	1.221	1.196	0.251	0.248	0.267	0.21	0.224	0.213	0.794	0.793	0.78	0.268	0.259	0.265	0.746	0.747	0.718	0.65	0.121	0.195	0.492	0.439	0.568	0.141	0.157	0.17	0.225	0.228	0.222	1.27	1.234	1.262	0.232	0.214	0.238	0.177	0.175	0.178	0.219	0.191	0.199	0.21	0.178	0.963	0.167	0.164	0.166	0.171	0.165	0.165	0.67	0.638	0.684	0.595	0.602	0.587	1.282	1.248	1.211	0.782	0.756	0.768	0.832	0.816	0.797	1.235	1.23	1.228	0.809	0.803	0.795	0.822	0.794	0.817	1.093	1.089	1.111	1.048	1.024	1.019	0.854	0.865	0.857	0.879	0.825	0.818	1.044	1.05	1.095	1.028	1.067	1.061	0.907	0.886	0.966	0.806	0.814	0.816	1.093	1.089	1.111	0.929	0.919	0.891
10.83	1.078	1.133	1.135	0.214	0.201	0.202	0.252	0.261	0.263	0.277	0.229	0.276	0.152	0.149	0.151	0.16	0.171	0.15	0.255	0.253	0.276	0.151	0.156	0.145	0.309	0.305	0.292	0.145	0.163	0.173	0.272	0.278	0.267	0.171	0.178	0.178	0.092	0.148	0.145	0.132	0.141	0.132	0.147	0.14	0.143	0.172	0.184	0.221	0.277	0.35	0.269	1.272	1.285	1.254	0.667	0.637	0.685	1.198	1.191	1.198	0.743	0.776	0.705	1.302	1.296	1.261	0.187	0.759	0.5	1.249	1.232	1.224	0.156	0.172	0.179	0.82	0.801	0.817	0.138	0.123	0.129	0.117	0.12	0.119	0.562	0.555	0.561	0.118	0.117	0.131	0.124	0.119	0.121	1.244	1.222	1.198	0.489	0.483	0.482	0.142	0.144	0.138	0.432	0.379	0.44	0.157	0.141	0.151	0.615	0.605	0.566	0.131	0.16	0.134	0.253	0.273	0.317	0.753	0.759	0.764	0.183	0.194	0.192	0.111	0.133	0.248	1.249	1.218	1.191	0.252	0.25	0.269	0.211	0.224	0.213	0.808	0.815	0.802	0.278	0.265	0.272	0.742	0.75	0.722	0.672	0.121	0.193	0.478	0.443	0.564	0.146	0.161	0.158	0.229	0.23	0.223	1.291	1.24	1.289	0.227	0.21	0.232	0.187	0.185	0.191	0.215	0.189	0.196	0.216	0.181	0.968	0.17	0.166	0.17	0.173	0.164	0.165	0.667	0.637	0.685	0.59	0.595	0.579	1.256	1.278	1.23	0.782	0.759	0.771	0.83	0.812	0.803	1.237	1.232	1.231	0.809	0.803	0.792	0.831	0.804	0.824	1.099	1.095	1.12	1.039	1.012	1.015	0.853	0.865	0.843	0.895	0.83	0.826	1.039	1.042	1.091	1.047	1.087	1.079	0.897	0.87	0.956	0.811	0.819	0.823	1.099	1.095	1.12	0.94	0.933	0.905
11.0	1.08	1.135	1.137	0.22	0.203	0.203	0.278	0.287	0.287	0.293	0.248	0.296	0.153	0.15	0.152	0.163	0.175	0.152	0.271	0.272	0.291	0.154	0.16	0.148	0.329	0.326	0.316	0.147	0.164	0.174	0.296	0.301	0.291	0.14	0.185	0.19	0.092	0.15	0.146	0.134	0.144	0.134	0.151	0.141	0.147	0.18	0.194	0.23	0.285	0.364	0.277	1.275	1.29	1.263	0.665	0.637	0.685	1.204	1.195	1.201	0.762	0.798	0.727	1.302	1.284	1.26	0.185	0.765	0.502	1.253	1.238	1.223	0.157	0.174	0.181	0.827	0.806	0.825	0.145	0.133	0.132	0.117	0.124	0.12	0.565	0.552	0.564	0.119	0.117	0.131	0.129	0.122	0.126	1.272	1.26	1.218	0.493	0.491	0.489	0.15	0.152	0.145	0.446	0.396	0.448	0.169	0.157	0.162	0.615	0.607	0.569	0.143	0.167	0.139	0.265	0.288	0.333	0.761	0.773	0.767	0.183	0.193	0.193	0.111	0.132	0.242	1.246	1.212	1.184	0.248	0.253	0.269	0.211	0.223	0.214	0.794	0.802	0.791	0.284	0.274	0.281	0.75	0.757	0.729	0.687	0.12	0.191	0.465	0.445	0.562	0.154	0.167	0.163	0.23	0.231	0.225	1.306	1.251	1.306	0.222	0.207	0.227	0.199	0.195	0.206	0.211	0.186	0.194	0.222	0.183	0.973	0.173	0.169	0.175	0.175	0.165	0.166	0.665	0.637	0.685	0.586	0.587	0.572	1.244	1.296	1.243	0.784	0.761	0.775	0.823	0.813	0.811	1.238	1.238	1.233	0.81	0.799	0.788	0.84	0.812	0.834	1.103	1.099	1.131	1.025	0.996	1.0	0.858	0.867	0.829	0.908	0.848	0.842	1.04	1.045	1.088	1.07	1.111	1.096	0.888	0.854	0.945	0.817	0.825	0.831	1.103	1.099	1.131	0.947	0.947	0.921
11.17	1.086	1.138	1.137	0.225	0.206	0.204	0.299	0.308	0.309	0.304	0.267	0.319	0.155	0.152	0.152	0.168	0.179	0.153	0.288	0.289	0.31	0.159	0.165	0.152	0.341	0.34	0.333	0.149	0.157	0.175	0.318	0.319	0.311	0.141	0.169	0.177	0.093	0.149	0.148	0.138	0.148	0.138	0.157	0.138	0.152	0.189	0.202	0.24	0.294	0.378	0.286	1.278	1.295	1.276	0.665	0.638	0.682	1.211	1.199	1.206	0.781	0.822	0.746	1.299	1.278	1.259	0.183	0.771	0.505	1.258	1.24	1.223	0.159	0.176	0.184	0.833	0.812	0.831	0.149	0.135	0.136	0.119	0.129	0.121	0.567	0.556	0.566	0.12	0.118	0.131	0.136	0.128	0.132	1.308	1.298	1.228	0.501	0.498	0.497	0.16	0.162	0.154	0.457	0.415	0.453	0.183	0.167	0.175	0.614	0.608	0.57	0.147	0.175	0.145	0.277	0.303	0.35	0.764	0.771	0.773	0.182	0.194	0.193	0.112	0.131	0.237	1.24	1.205	1.179	0.252	0.255	0.268	0.211	0.223	0.215	0.826	0.829	0.806	0.291	0.283	0.292	0.752	0.762	0.735	0.696	0.119	0.19	0.453	0.449	0.575	0.168	0.178	0.167	0.233	0.233	0.227	1.318	1.259	1.322	0.217	0.203	0.222	0.213	0.209	0.222	0.209	0.185	0.192	0.228	0.185	0.977	0.177	0.172	0.179	0.177	0.166	0.166	0.665	0.638	0.682	0.584	0.582	0.566	1.248	1.276	1.244	0.79	0.766	0.78	0.82	0.816	0.817	1.24	1.244	1.235	0.815	0.801	0.79	0.853	0.826	0.844	1.11	1.11	1.142	1.011	0.981	0.987	0.87	0.878	0.812	0.922	0.866	0.866	1.046	1.053	1.093	1.067	1.142	1.115	0.877	0.839	0.933	0.82	0.829	0.837	1.11	1.11	1.142	0.953	0.961	0.94
11.33	1.094	1.142	1.143	0.227	0.208	0.207	0.317	0.326	0.328	0.322	0.286	0.34	0.158	0.153	0.155	0.173	0.183	0.157	0.309	0.303	0.33	0.165	0.172	0.157	0.357	0.354	0.345	0.152	0.16	0.176	0.339	0.336	0.328	0.14	0.198	0.171	0.093	0.151	0.151	0.144	0.154	0.143	0.164	0.143	0.159	0.198	0.21	0.252	0.303	0.393	0.295	1.282	1.302	1.292	0.665	0.639	0.678	1.217	1.207	1.209	0.8	0.843	0.763	1.292	1.275	1.261	0.181	0.775	0.507	1.259	1.241	1.226	0.16	0.179	0.187	0.831	0.816	0.84	0.153	0.134	0.141	0.12	0.13	0.122	0.574	0.554	0.568	0.122	0.117	0.131	0.144	0.135	0.14	1.339	1.335	1.231	0.508	0.503	0.504	0.173	0.175	0.165	0.467	0.432	0.461	0.199	0.181	0.184	0.615	0.61	0.571	0.152	0.183	0.152	0.292	0.322	0.369	0.775	0.769	0.772	0.183	0.195	0.194	0.111	0.131	0.233	1.236	1.199	1.174	0.25	0.255	0.268	0.212	0.222	0.214	0.81	0.815	0.818	0.296	0.291	0.301	0.754	0.755	0.742	0.706	0.119	0.189	0.472	0.447	0.574	0.186	0.191	0.176	0.238	0.235	0.228	1.323	1.261	1.336	0.213	0.2	0.217	0.228	0.238	0.242	0.206	0.183	0.19	0.236	0.187	0.981	0.182	0.177	0.185	0.18	0.167	0.167	0.665	0.639	0.678	0.583	0.577	0.562	1.257	1.271	1.244	0.791	0.769	0.781	0.821	0.818	0.823	1.241	1.248	1.237	0.819	0.803	0.792	0.864	0.837	0.856	1.116	1.131	1.152	1.002	0.97	0.973	0.886	0.886	0.792	0.93	0.886	0.879	1.06	1.067	1.105	1.042	1.176	1.143	0.867	0.825	0.92	0.827	0.836	0.848	1.116	1.131	1.152	0.96	0.98	0.959
11.5	1.105	1.148	1.15	0.234	0.21	0.21	0.328	0.338	0.34	0.342	0.305	0.359	0.162	0.155	0.157	0.178	0.189	0.162	0.331	0.321	0.342	0.171	0.179	0.163	0.374	0.37	0.358	0.157	0.163	0.179	0.356	0.35	0.339	0.151	0.183	0.182	0.092	0.153	0.153	0.15	0.162	0.148	0.169	0.149	0.167	0.206	0.22	0.262	0.313	0.407	0.305	1.286	1.308	1.307	0.665	0.64	0.676	1.221	1.215	1.215	0.818	0.867	0.781	1.288	1.28	1.266	0.179	0.779	0.509	1.26	1.238	1.232	0.164	0.182	0.191	0.837	0.818	0.844	0.159	0.138	0.146	0.123	0.134	0.124	0.566	0.557	0.57	0.123	0.117	0.131	0.149	0.144	0.149	1.365	1.369	1.23	0.515	0.509	0.511	0.187	0.191	0.179	0.475	0.445	0.467	0.219	0.198	0.201	0.615	0.611	0.572	0.166	0.194	0.161	0.308	0.34	0.389	0.768	0.779	0.781	0.185	0.197	0.196	0.111	0.13	0.229	1.234	1.196	1.168	0.257	0.257	0.269	0.213	0.223	0.214	0.831	0.836	0.807	0.305	0.298	0.306	0.765	0.78	0.751	0.712	0.119	0.189	0.446	0.455	0.577	0.191	0.205	0.194	0.242	0.24	0.232	1.327	1.265	1.346	0.209	0.198	0.213	0.247	0.268	0.267	0.203	0.183	0.189	0.241	0.19	0.985	0.187	0.182	0.193	0.183	0.169	0.168	0.665	0.64	0.676	0.584	0.572	0.559	1.261	1.283	1.247	0.793	0.771	0.78	0.822	0.82	0.825	1.243	1.251	1.239	0.821	0.803	0.793	0.873	0.848	0.867	1.123	1.16	1.158	1.001	0.967	0.966	0.894	0.898	0.773	0.938	0.902	0.889	1.077	1.085	1.124	1.029	1.161	1.18	0.857	0.81	0.906	0.833	0.844	0.856	1.123	1.16	1.158	0.968	1.003	0.984
11.67	1.115	1.153	1.156	0.241	0.214	0.214	0.342	0.35	0.354	0.366	0.326	0.381	0.17	0.159	0.162	0.188	0.197	0.17	0.355	0.34	0.357	0.18	0.19	0.172	0.397	0.392	0.38	0.165	0.167	0.184	0.378	0.37	0.358	0.146	0.163	0.178	0.093	0.155	0.156	0.16	0.171	0.155	0.178	0.157	0.177	0.215	0.231	0.278	0.324	0.421	0.316	1.292	1.316	1.321	0.667	0.643	0.674	1.226	1.222	1.218	0.841	0.891	0.804	1.286	1.29	1.274	0.177	0.781	0.512	1.264	1.241	1.236	0.167	0.187	0.195	0.841	0.816	0.851	0.164	0.143	0.153	0.126	0.138	0.127	0.577	0.56	0.572	0.126	0.118	0.131	0.158	0.155	0.16	1.387	1.395	1.23	0.519	0.516	0.516	0.205	0.207	0.194	0.483	0.457	0.473	0.239	0.217	0.221	0.616	0.611	0.574	0.182	0.203	0.165	0.323	0.36	0.41	0.794	0.786	0.795	0.185	0.199	0.197	0.111	0.13	0.226	1.23	1.189	1.164	0.262	0.259	0.272	0.214	0.223	0.215	0.82	0.824	0.818	0.311	0.308	0.317	0.769	0.779	0.759	0.72	0.118	0.19	0.444	0.456	0.576	0.205	0.225	0.206	0.251	0.244	0.236	1.329	1.266	1.358	0.206	0.195	0.209	0.268	0.281	0.289	0.202	0.182	0.188	0.248	0.193	0.987	0.194	0.19	0.201	0.187	0.171	0.171	0.667	0.643	0.674	0.586	0.57	0.557	1.261	1.29	1.255	0.795	0.772	0.781	0.817	0.822	0.826	1.243	1.252	1.243	0.82	0.808	0.795	0.881	0.856	0.876	1.13	1.177	1.163	1.009	0.97	0.972	0.899	0.905	0.751	0.946	0.911	0.895	1.098	1.106	1.149	1.028	1.146	1.198	0.845	0.796	0.893	0.841	0.852	0.86	1.13	1.177	1.163	0.976	1.036	1.019
11.83	1.12	1.156	1.161	0.247	0.218	0.22	0.358	0.37	0.375	0.39	0.348	0.402	0.178	0.166	0.169	0.197	0.207	0.203	0.38	0.361	0.376	0.191	0.233	0.182	0.424	0.412	0.403	0.177	0.172	0.189	0.403	0.395	0.381	0.143	0.179	0.171	0.093	0.16	0.16	0.171	0.182	0.165	0.189	0.166	0.188	0.225	0.242	0.291	0.335	0.435	0.327	1.299	1.323	1.339	0.672	0.644	0.673	1.23	1.226	1.221	0.863	0.916	0.824	1.288	1.302	1.288	0.177	0.78	0.514	1.262	1.241	1.239	0.173	0.192	0.201	0.838	0.822	0.857	0.168	0.149	0.16	0.129	0.145	0.13	0.569	0.559	0.574	0.128	0.118	0.132	0.168	0.167	0.171	1.403	1.42	1.232	0.527	0.523	0.526	0.225	0.226	0.213	0.49	0.465	0.48	0.271	0.248	0.269	0.616	0.611	0.576	0.199	0.212	0.175	0.339	0.383	0.433	0.775	0.793	0.8	0.187	0.201	0.2	0.112	0.129	0.222	1.234	1.183	1.159	0.263	0.26	0.276	0.217	0.224	0.216	0.832	0.847	0.829	0.321	0.318	0.326	0.773	0.77	0.766	0.726	0.118	0.19	0.438	0.46	0.581	0.232	0.277	0.23	0.268	0.265	0.253	1.326	1.268	1.369	0.203	0.194	0.206	0.289	0.298	0.308	0.2	0.183	0.188	0.255	0.196	0.99	0.202	0.198	0.212	0.193	0.174	0.175	0.672	0.644	0.673	0.59	0.569	0.557	1.258	1.289	1.263	0.798	0.776	0.783	0.814	0.822	0.83	1.246	1.253	1.248	0.814	0.807	0.796	0.891	0.865	0.883	1.137	1.175	1.167	1.025	0.983	0.986	0.909	0.911	0.732	0.95	0.924	0.904	1.127	1.137	1.184	1.041	1.129	1.175	0.834	0.783	0.879	0.848	0.856	0.867	1.137	1.175	1.167	0.989	1.071	1.065
12.0	1.127	1.158	1.167	0.252	0.223	0.226	0.38	0.394	0.397	0.412	0.37	0.423	0.189	0.173	0.177	0.203	0.219	0.232	0.406	0.383	0.396	0.201	0.263	0.194	0.452	0.437	0.431	0.204	0.178	0.196	0.432	0.418	0.405	0.141	0.158	0.17	0.093	0.166	0.166	0.183	0.194	0.178	0.201	0.177	0.2	0.235	0.252	0.303	0.346	0.449	0.339	1.305	1.329	1.354	0.677	0.646	0.674	1.234	1.232	1.223	0.884	0.935	0.843	1.297	1.313	1.295	0.175	0.778	0.516	1.263	1.24	1.239	0.179	0.2	0.207	0.838	0.823	0.862	0.175	0.157	0.167	0.133	0.15	0.133	0.577	0.562	0.574	0.131	0.119	0.133	0.178	0.179	0.182	1.414	1.443	1.232	0.536	0.531	0.539	0.269	0.253	0.237	0.497	0.475	0.488	0.316	0.29	0.297	0.616	0.612	0.577	0.217	0.229	0.189	0.359	0.408	0.455	0.783	0.798	0.797	0.19	0.204	0.203	0.112	0.129	0.219	1.228	1.188	1.153	0.272	0.263	0.298	0.221	0.225	0.219	0.833	0.84	0.837	0.328	0.327	0.337	0.781	0.776	0.771	0.734	0.117	0.191	0.436	0.463	0.583	0.254	0.322	0.248	0.277	0.285	0.261	1.323	1.27	1.384	0.201	0.192	0.203	0.309	0.318	0.328	0.199	0.182	0.189	0.262	0.199	0.992	0.212	0.206	0.222	0.199	0.179	0.18	0.677	0.646	0.674	0.594	0.568	0.557	1.257	1.288	1.272	0.804	0.782	0.787	0.814	0.818	0.838	1.249	1.258	1.252	0.817	0.801	0.798	0.902	0.879	0.892	1.142	1.178	1.171	1.047	1.003	1.006	0.918	0.92	0.708	0.961	0.934	0.914	1.174	1.179	1.23	1.057	1.127	1.128	0.825	0.77	0.866	0.854	0.864	0.875	1.142	1.178	1.171	1.0	1.1	1.101
12.17	1.139	1.164	1.179	0.259	0.229	0.233	0.404	0.418	0.422	0.433	0.393	0.445	0.201	0.182	0.186	0.214	0.235	0.253	0.433	0.405	0.418	0.213	0.284	0.238	0.472	0.463	0.459	0.232	0.186	0.204	0.462	0.445	0.431	0.14	0.149	0.16	0.093	0.174	0.173	0.228	0.239	0.222	0.223	0.189	0.214	0.246	0.266	0.318	0.358	0.461	0.351	1.311	1.336	1.368	0.682	0.648	0.674	1.238	1.234	1.222	0.905	0.956	0.865	1.305	1.324	1.302	0.172	0.775	0.518	1.266	1.24	1.243	0.188	0.208	0.214	0.838	0.822	0.864	0.184	0.165	0.172	0.139	0.156	0.139	0.572	0.564	0.577	0.134	0.119	0.134	0.188	0.189	0.192	1.423	1.458	1.233	0.548	0.542	0.55	0.303	0.296	0.283	0.504	0.484	0.495	0.346	0.354	0.314	0.616	0.612	0.578	0.237	0.248	0.205	0.38	0.435	0.479	0.795	0.804	0.807	0.193	0.207	0.208	0.112	0.129	0.216	1.211	1.183	1.148	0.275	0.267	0.321	0.249	0.23	0.259	0.846	0.838	0.83	0.336	0.332	0.344	0.777	0.782	0.779	0.743	0.117	0.193	0.438	0.469	0.585	0.281	0.391	0.345	0.286	0.293	0.27	1.322	1.275	1.393	0.199	0.192	0.201	0.33	0.341	0.353	0.198	0.183	0.189	0.269	0.202	0.993	0.222	0.216	0.235	0.205	0.184	0.186	0.682	0.648	0.674	0.598	0.568	0.558	1.26	1.288	1.276	0.807	0.785	0.789	0.816	0.815	0.829	1.255	1.261	1.26	0.819	0.797	0.796	0.91	0.887	0.898	1.147	1.178	1.173	1.077	1.03	1.034	0.924	0.927	0.687	0.972	0.947	0.924	1.219	1.225	1.327	1.079	1.12	1.128	0.817	0.759	0.854	0.863	0.872	0.884	1.147	1.178	1.173	1.017	1.125	1.127
12.33	1.146	1.167	1.19	0.268	0.235	0.241	0.429	0.444	0.447	0.451	0.415	0.462	0.248	0.191	0.233	0.231	0.258	0.268	0.454	0.429	0.437	0.227	0.299	0.267	0.507	0.482	0.476	0.252	0.196	0.211	0.49	0.468	0.458	0.143	0.15	0.155	0.093	0.19	0.18	0.257	0.274	0.251	0.266	0.224	0.233	0.257	0.279	0.334	0.369	0.473	0.363	1.318	1.345	1.38	0.688	0.651	0.674	1.241	1.232	1.218	0.935	0.975	0.888	1.31	1.331	1.311	0.171	0.77	0.521	1.27	1.241	1.252	0.196	0.217	0.222	0.836	0.824	0.867	0.194	0.173	0.178	0.144	0.162	0.143	0.578	0.566	0.578	0.137	0.122	0.135	0.196	0.199	0.2	1.428	1.46	1.23	0.56	0.554	0.556	0.324	0.321	0.318	0.514	0.494	0.501	0.382	0.353	0.338	0.616	0.612	0.579	0.258	0.267	0.222	0.401	0.464	0.501	0.795	0.81	0.808	0.197	0.212	0.213	0.112	0.129	0.213	1.204	1.177	1.146	0.277	0.272	0.332	0.276	0.263	0.276	0.836	0.854	0.824	0.346	0.335	0.355	0.77	0.784	0.781	0.753	0.117	0.196	0.435	0.475	0.582	0.318	0.424	0.356	0.295	0.299	0.279	1.322	1.276	1.396	0.197	0.191	0.199	0.355	0.363	0.382	0.197	0.184	0.191	0.275	0.205	0.993	0.232	0.227	0.248	0.212	0.19	0.192	0.688	0.651	0.674	0.603	0.569	0.56	1.272	1.287	1.281	0.811	0.788	0.793	0.823	0.815	0.828	1.262	1.263	1.264	0.821	0.794	0.798	0.922	0.895	0.908	1.15	1.18	1.178	1.113	1.065	1.071	0.931	0.931	0.662	0.986	0.965	0.932	1.239	1.271	1.375	1.097	1.114	1.132	0.807	0.749	0.843	0.872	0.877	0.89	1.15	1.18	1.178	1.043	1.147	1.148
12.5	1.156	1.176	1.199	0.28	0.243	0.251	0.453	0.467	0.469	0.466	0.437	0.476	0.281	0.226	0.26	0.264	0.276	0.277	0.476	0.447	0.453	0.273	0.311	0.286	0.549	0.524	0.529	0.268	0.208	0.22	0.538	0.491	0.478	0.172	0.149	0.179	0.094	0.231	0.19	0.281	0.298	0.272	0.291	0.259	0.266	0.27	0.293	0.352	0.382	0.485	0.376	1.324	1.354	1.386	0.693	0.653	0.676	1.245	1.231	1.213	0.961	0.998	0.915	1.317	1.34	1.317	0.17	0.763	0.523	1.276	1.241	1.256	0.203	0.224	0.229	0.833	0.826	0.868	0.204	0.183	0.19	0.15	0.169	0.148	0.576	0.574	0.578	0.138	0.124	0.137	0.202	0.204	0.208	1.432	1.458	1.23	0.569	0.564	0.564	0.337	0.341	0.338	0.519	0.502	0.509	0.406	0.385	0.362	0.616	0.613	0.58	0.279	0.283	0.243	0.424	0.49	0.522	0.804	0.817	0.813	0.201	0.217	0.218	0.112	0.129	0.211	1.205	1.17	1.148	0.281	0.307	0.34	0.289	0.278	0.287	0.852	0.833	0.835	0.352	0.34	0.369	0.777	0.782	0.786	0.759	0.116	0.201	0.429	0.482	0.582	0.381	0.45	0.344	0.301	0.307	0.289	1.32	1.28	1.395	0.196	0.191	0.197	0.382	0.39	0.411	0.197	0.186	0.192	0.282	0.208	0.993	0.243	0.239	0.261	0.22	0.196	0.199	0.693	0.653	0.676	0.608	0.571	0.562	1.282	1.293	1.282	0.814	0.792	0.795	0.827	0.817	0.831	1.272	1.265	1.269	0.824	0.795	0.802	0.935	0.902	0.916	1.15	1.18	1.182	1.155	1.116	1.103	0.941	0.938	0.64	1.003	0.983	0.943	1.265	1.274	1.296	1.111	1.112	1.124	0.799	0.742	0.832	0.876	0.881	0.895	1.15	1.18	1.182	1.077	1.168	1.166
12.67	1.16	1.184	1.214	0.307	0.249	0.261	0.472	0.489	0.495	0.482	0.457	0.493	0.3	0.263	0.276	0.295	0.287	0.289	0.498	0.464	0.47	0.299	0.324	0.302	0.583	0.576	0.568	0.28	0.22	0.23	0.577	0.536	0.523	0.142	0.149	0.172	0.094	0.248	0.2	0.299	0.317	0.292	0.308	0.281	0.288	0.285	0.309	0.371	0.393	0.498	0.388	1.326	1.357	1.387	0.699	0.654	0.676	1.248	1.229	1.206	0.977	1.016	0.938	1.328	1.349	1.32	0.169	0.755	0.525	1.282	1.243	1.26	0.211	0.232	0.235	0.833	0.825	0.868	0.214	0.192	0.197	0.157	0.175	0.154	0.585	0.571	0.581	0.136	0.126	0.139	0.205	0.208	0.212	1.436	1.462	1.23	0.582	0.576	0.577	0.356	0.365	0.352	0.527	0.511	0.516	0.42	0.39	0.386	0.615	0.613	0.582	0.3	0.302	0.271	0.449	0.516	0.542	0.804	0.821	0.819	0.207	0.255	0.245	0.112	0.129	0.209	1.2	1.166	1.145	0.284	0.319	0.349	0.304	0.286	0.297	0.838	0.84	0.827	0.353	0.341	0.378	0.794	0.792	0.791	0.763	0.115	0.214	0.437	0.486	0.582	0.463	0.494	0.404	0.31	0.312	0.294	1.323	1.282	1.399	0.197	0.192	0.196	0.411	0.417	0.438	0.197	0.188	0.192	0.29	0.21	0.992	0.257	0.252	0.277	0.229	0.205	0.206	0.699	0.654	0.676	0.614	0.572	0.564	1.289	1.301	1.288	0.815	0.799	0.801	0.831	0.824	0.837	1.28	1.268	1.272	0.83	0.801	0.805	0.948	0.911	0.924	1.151	1.181	1.184	1.167	1.168	1.132	0.953	0.947	0.614	1.027	1.005	0.96	1.225	1.208	1.296	1.119	1.1	1.11	0.79	0.735	0.821	0.886	0.888	0.903	1.151	1.181	1.184	1.116	1.189	1.183
12.83	1.168	1.196	1.231	0.321	0.257	0.285	0.507	0.524	0.537	0.502	0.477	0.518	0.316	0.283	0.295	0.315	0.301	0.302	0.525	0.481	0.488	0.318	0.339	0.314	0.619	0.615	0.591	0.292	0.235	0.241	0.627	0.584	0.574	0.143	0.151	0.176	0.094	0.266	0.213	0.316	0.333	0.305	0.319	0.299	0.304	0.301	0.325	0.393	0.405	0.513	0.401	1.329	1.365	1.385	0.705	0.655	0.677	1.248	1.225	1.199	0.999	1.03	0.958	1.334	1.358	1.32	0.167	0.745	0.526	1.287	1.244	1.262	0.22	0.24	0.245	0.832	0.824	0.87	0.222	0.201	0.206	0.164	0.182	0.161	0.58	0.575	0.58	0.145	0.128	0.141	0.207	0.21	0.215	1.437	1.465	1.233	0.593	0.591	0.592	0.378	0.385	0.367	0.535	0.521	0.526	0.439	0.416	0.41	0.615	0.613	0.583	0.321	0.319	0.291	0.474	0.541	0.559	0.809	0.826	0.824	0.236	0.276	0.257	0.113	0.129	0.208	1.197	1.159	1.142	0.291	0.328	0.398	0.318	0.298	0.308	0.833	0.853	0.841	0.345	0.326	0.389	0.787	0.792	0.794	0.765	0.114	0.269	0.435	0.491	0.585	0.54	0.529	0.429	0.322	0.315	0.301	1.324	1.288	1.402	0.197	0.194	0.195	0.439	0.446	0.465	0.198	0.19	0.194	0.296	0.212	0.99	0.271	0.266	0.292	0.239	0.213	0.215	0.705	0.655	0.677	0.62	0.574	0.565	1.286	1.314	1.289	0.816	0.806	0.803	0.839	0.83	0.843	1.288	1.274	1.276	0.838	0.807	0.815	0.96	0.919	0.934	1.152	1.186	1.188	1.145	1.169	1.134	0.967	0.956	0.593	1.052	1.028	0.978	1.222	1.22	1.3	1.133	1.091	1.096	0.783	0.73	0.812	0.892	0.898	0.909	1.152	1.186	1.188	1.151	1.213	1.205
13.0	1.176	1.203	1.247	0.334	0.269	0.311	0.547	0.551	0.565	0.52	0.5	0.538	0.329	0.298	0.31	0.325	0.313	0.317	0.552	0.497	0.506	0.324	0.353	0.325	0.647	0.652	0.611	0.3	0.253	0.251	0.66	0.622	0.604	0.148	0.172	0.171	0.095	0.284	0.239	0.324	0.344	0.32	0.332	0.317	0.316	0.318	0.344	0.415	0.417	0.531	0.415	1.33	1.369	1.385	0.709	0.655	0.677	1.247	1.221	1.195	1.019	1.044	0.982	1.338	1.364	1.317	0.166	0.735	0.528	1.291	1.247	1.264	0.227	0.266	0.264	0.831	0.825	0.87	0.227	0.21	0.212	0.171	0.187	0.168	0.592	0.575	0.581	0.154	0.131	0.143	0.275	0.26	0.269	1.44	1.47	1.237	0.605	0.607	0.602	0.405	0.407	0.39	0.546	0.534	0.535	0.461	0.443	0.437	0.616	0.613	0.586	0.342	0.34	0.31	0.501	0.56	0.574	0.813	0.832	0.831	0.258	0.287	0.266	0.113	0.129	0.206	1.196	1.154	1.135	0.297	0.338	0.429	0.328	0.31	0.322	0.827	0.831	0.821	0.354	0.332	0.394	0.784	0.799	0.799	0.767	0.114	0.238	0.437	0.497	0.588	0.541	0.558	0.514	0.33	0.322	0.313	1.323	1.291	1.409	0.199	0.197	0.196	0.47	0.479	0.492	0.199	0.194	0.198	0.303	0.214	0.988	0.285	0.28	0.309	0.25	0.222	0.225	0.709	0.655	0.677	0.626	0.576	0.566	1.282	1.32	1.289	0.816	0.81	0.807	0.85	0.841	0.853	1.287	1.279	1.282	0.844	0.813	0.824	0.974	0.928	0.943	1.157	1.185	1.188	1.137	1.158	1.148	0.987	0.967	0.57	1.069	1.046	0.997	1.226	1.222	1.303	1.146	1.079	1.07	0.777	0.727	0.804	0.898	0.901	0.916	1.157	1.185	1.188	1.174	1.236	1.222
13.17	1.185	1.209	1.261	0.347	0.298	0.322	0.582	0.584	0.595	0.54	0.53	0.56	0.34	0.31	0.323	0.335	0.327	0.325	0.58	0.513	0.53	0.329	0.369	0.34	0.688	0.675	0.651	0.31	0.272	0.263	0.69	0.656	0.643	0.168	0.17	0.172	0.095	0.299	0.275	0.337	0.357	0.331	0.342	0.331	0.327	0.335	0.366	0.436	0.428	0.549	0.428	1.336	1.374	1.388	0.713	0.655	0.675	1.25	1.215	1.191	1.04	1.063	1.006	1.351	1.371	1.319	0.164	0.723	0.529	1.297	1.246	1.267	0.233	0.285	0.288	0.831	0.824	0.87	0.233	0.217	0.216	0.177	0.193	0.175	0.587	0.585	0.584	0.155	0.134	0.146	0.289	0.283	0.277	1.442	1.478	1.245	0.626	0.62	0.618	0.435	0.434	0.42	0.559	0.543	0.546	0.481	0.471	0.465	0.613	0.611	0.586	0.363	0.361	0.324	0.524	0.578	0.587	0.819	0.835	0.835	0.271	0.299	0.278	0.113	0.13	0.206	1.194	1.15	1.132	0.304	0.375	0.442	0.339	0.321	0.333	0.838	0.848	0.83	0.363	0.342	0.393	0.796	0.82	0.803	0.769	0.114	0.184	0.442	0.502	0.592	0.553	0.568	0.596	0.34	0.334	0.326	1.328	1.295	1.415	0.2	0.2	0.197	0.501	0.512	0.523	0.201	0.198	0.201	0.309	0.215	0.986	0.302	0.295	0.327	0.261	0.231	0.235	0.713	0.655	0.675	0.632	0.578	0.567	1.284	1.309	1.296	0.817	0.814	0.811	0.86	0.852	0.865	1.283	1.283	1.282	0.852	0.823	0.834	0.99	0.94	0.955	1.16	1.177	1.185	1.138	1.172	1.154	1.011	0.979	0.551	1.091	1.058	1.018	1.236	1.224	1.29	1.155	1.07	1.059	0.774	0.726	0.797	0.903	0.908	0.922	1.16	1.177	1.185	1.196	1.262	1.238
13.33	1.199	1.215	1.272	0.359	0.322	0.332	0.618	0.617	0.627	0.558	0.565	0.582	0.355	0.325	0.337	0.347	0.344	0.342	0.606	0.536	0.554	0.34	0.386	0.356	0.716	0.701	0.69	0.324	0.287	0.275	0.719	0.687	0.664	0.165	0.178	0.174	0.095	0.314	0.297	0.359	0.38	0.347	0.358	0.344	0.343	0.356	0.389	0.458	0.439	0.567	0.44	1.341	1.381	1.391	0.715	0.656	0.673	1.254	1.208	1.188	1.068	1.079	1.02	1.361	1.381	1.331	0.162	0.711	0.53	1.302	1.249	1.268	0.242	0.3	0.294	0.831	0.824	0.873	0.264	0.223	0.22	0.184	0.198	0.182	0.585	0.579	0.587	0.16	0.137	0.15	0.302	0.296	0.291	1.451	1.49	1.248	0.637	0.634	0.635	0.464	0.46	0.452	0.567	0.553	0.556	0.502	0.498	0.492	0.613	0.611	0.587	0.39	0.388	0.344	0.546	0.593	0.596	0.817	0.835	0.833	0.305	0.313	0.286	0.113	0.131	0.205	1.189	1.146	1.132	0.315	0.363	0.414	0.346	0.333	0.343	0.835	0.858	0.848	0.362	0.345	0.398	0.804	0.809	0.809	0.766	0.113	0.169	0.443	0.508	0.596	0.566	0.583	0.621	0.353	0.346	0.337	1.33	1.302	1.417	0.202	0.204	0.198	0.54	0.545	0.548	0.203	0.203	0.205	0.314	0.217	0.983	0.321	0.313	0.346	0.274	0.243	0.246	0.715	0.656	0.673	0.638	0.579	0.568	1.285	1.309	1.301	0.821	0.818	0.814	0.873	0.861	0.874	1.281	1.291	1.278	0.86	0.831	0.846	1.007	0.951	0.966	1.163	1.18	1.182	1.139	1.186	1.163	1.038	1.004	0.53	1.115	1.07	1.043	1.242	1.234	1.276	1.173	1.067	1.047	0.772	0.727	0.788	0.91	0.914	0.924	1.163	1.18	1.182	1.215	1.286	1.255
13.5	1.213	1.222	1.279	0.368	0.332	0.342	0.645	0.653	0.659	0.577	0.578	0.62	0.372	0.341	0.35	0.365	0.361	0.36	0.633	0.559	0.585	0.357	0.406	0.375	0.722	0.731	0.717	0.343	0.302	0.288	0.747	0.706	0.69	0.172	0.178	0.18	0.096	0.326	0.312	0.387	0.403	0.359	0.38	0.361	0.363	0.377	0.412	0.477	0.452	0.583	0.452	1.343	1.388	1.397	0.718	0.656	0.672	1.253	1.204	1.188	1.097	1.092	1.034	1.373	1.391	1.339	0.161	0.7	0.531	1.307	1.255	1.269	0.256	0.312	0.324	0.828	0.826	0.872	0.282	0.227	0.242	0.189	0.201	0.188	0.591	0.587	0.586	0.166	0.141	0.153	0.314	0.309	0.302	1.461	1.503	1.255	0.653	0.654	0.652	0.491	0.486	0.481	0.582	0.563	0.568	0.525	0.526	0.517	0.612	0.61	0.589	0.419	0.416	0.366	0.567	0.605	0.604	0.825	0.842	0.84	0.347	0.333	0.299	0.114	0.132	0.205	1.189	1.143	1.128	0.327	0.37	0.421	0.352	0.344	0.346	0.86	0.845	0.838	0.368	0.355	0.403	0.817	0.808	0.814	0.755	0.113	0.165	0.451	0.513	0.598	0.58	0.608	0.653	0.368	0.356	0.348	1.332	1.302	1.419	0.205	0.209	0.201	0.564	0.575	0.574	0.207	0.208	0.209	0.318	0.218	0.979	0.343	0.332	0.366	0.287	0.254	0.256	0.718	0.656	0.672	0.643	0.58	0.568	1.29	1.313	1.305	0.826	0.821	0.819	0.885	0.871	0.886	1.284	1.292	1.278	0.867	0.838	0.857	1.023	0.962	0.977	1.17	1.191	1.179	1.154	1.205	1.182	1.064	1.028	0.511	1.135	1.082	1.067	1.25	1.236	1.274	1.191	1.059	1.043	0.771	0.728	0.782	0.916	0.92	0.927	1.17	1.191	1.179	1.236	1.31	1.272
13.67	1.225	1.23	1.285	0.375	0.347	0.359	0.69	0.691	0.69	0.604	0.619	0.656	0.388	0.357	0.361	0.386	0.382	0.382	0.663	0.585	0.615	0.377	0.428	0.394	0.713	0.738	0.722	0.362	0.316	0.304	0.754	0.713	0.709	0.176	0.18	0.184	0.096	0.335	0.324	0.419	0.43	0.373	0.404	0.38	0.388	0.399	0.439	0.494	0.468	0.596	0.464	1.344	1.392	1.403	0.719	0.657	0.669	1.252	1.2	1.189	1.123	1.098	1.044	1.389	1.405	1.352	0.159	0.688	0.532	1.311	1.259	1.272	0.269	0.322	0.333	0.838	0.826	0.878	0.302	0.254	0.274	0.194	0.203	0.194	0.587	0.58	0.585	0.172	0.147	0.157	0.326	0.32	0.317	1.47	1.515	1.26	0.673	0.669	0.669	0.515	0.51	0.507	0.593	0.573	0.582	0.554	0.554	0.551	0.611	0.609	0.591	0.449	0.445	0.39	0.584	0.614	0.613	0.829	0.844	0.842	0.37	0.35	0.312	0.115	0.133	0.204	1.195	1.141	1.125	0.346	0.378	0.426	0.358	0.353	0.352	0.862	0.852	0.838	0.374	0.364	0.408	0.801	0.807	0.819	0.745	0.113	0.161	0.457	0.517	0.603	0.6	0.627	0.692	0.396	0.368	0.361	1.338	1.305	1.427	0.208	0.215	0.204	0.578	0.595	0.595	0.211	0.213	0.213	0.322	0.218	0.975	0.369	0.356	0.391	0.303	0.267	0.267	0.719	0.657	0.669	0.647	0.58	0.569	1.296	1.32	1.313	0.833	0.826	0.823	0.899	0.884	0.899	1.285	1.295	1.275	0.875	0.846	0.867	1.038	0.98	0.992	1.181	1.201	1.177	1.163	1.221	1.198	1.091	1.053	0.492	1.151	1.095	1.091	1.262	1.234	1.27	1.203	1.058	1.039	0.772	0.728	0.777	0.919	0.921	0.93	1.181	1.201	1.177	1.25	1.332	1.287
13.83	1.234	1.242	1.288	0.382	0.358	0.372	0.696	0.694	0.698	0.633	0.65	0.693	0.407	0.371	0.374	0.411	0.404	0.407	0.685	0.617	0.633	0.397	0.449	0.414	0.7	0.725	0.718	0.385	0.332	0.323	0.73	0.709	0.71	0.177	0.182	0.186	0.096	0.343	0.331	0.452	0.457	0.393	0.429	0.404	0.413	0.423	0.463	0.509	0.485	0.608	0.478	1.345	1.397	1.406	0.718	0.657	0.665	1.253	1.196	1.19	1.159	1.109	1.055	1.406	1.421	1.365	0.158	0.678	0.532	1.314	1.262	1.272	0.288	0.331	0.343	0.842	0.828	0.88	0.309	0.264	0.286	0.197	0.251	0.199	0.593	0.587	0.589	0.179	0.152	0.16	0.342	0.339	0.329	1.481	1.524	1.265	0.686	0.69	0.687	0.543	0.54	0.53	0.609	0.583	0.597	0.608	0.595	0.589	0.61	0.609	0.595	0.481	0.474	0.416	0.597	0.622	0.622	0.834	0.843	0.845	0.365	0.341	0.323	0.117	0.134	0.203	1.194	1.14	1.127	0.358	0.394	0.443	0.37	0.352	0.362	0.863	0.878	0.864	0.376	0.37	0.419	0.805	0.811	0.823	0.737	0.113	0.163	0.454	0.521	0.608	0.615	0.658	0.722	0.401	0.376	0.38	1.344	1.307	1.433	0.212	0.221	0.208	0.59	0.612	0.618	0.216	0.219	0.219	0.326	0.218	0.971	0.398	0.383	0.416	0.315	0.281	0.28	0.718	0.657	0.665	0.651	0.58	0.569	1.299	1.333	1.319	0.842	0.833	0.83	0.912	0.896	0.916	1.286	1.302	1.279	0.885	0.856	0.876	1.056	0.997	1.004	1.189	1.206	1.178	1.174	1.24	1.222	1.114	1.082	0.474	1.165	1.105	1.111	1.268	1.248	1.262	1.21	1.056	1.035	0.772	0.73	0.774	0.922	0.925	0.933	1.189	1.206	1.178	1.267	1.354	1.302
14.0	1.245	1.255	1.292	0.396	0.37	0.389	0.691	0.693	0.682	0.658	0.688	0.718	0.428	0.384	0.393	0.435	0.426	0.428	0.694	0.638	0.654	0.419	0.472	0.436	0.695	0.709	0.704	0.407	0.352	0.343	0.705	0.692	0.7	0.18	0.185	0.19	0.097	0.355	0.341	0.481	0.485	0.414	0.452	0.43	0.439	0.445	0.485	0.523	0.503	0.617	0.494	1.347	1.406	1.409	0.719	0.658	0.661	1.255	1.194	1.192	1.196	1.119	1.067	1.419	1.435	1.368	0.156	0.668	0.532	1.316	1.267	1.274	0.298	0.346	0.361	0.844	0.833	0.882	0.314	0.276	0.297	0.243	0.266	0.203	0.599	0.586	0.594	0.186	0.16	0.164	0.354	0.354	0.353	1.493	1.535	1.274	0.705	0.709	0.703	0.59	0.581	0.57	0.622	0.592	0.612	0.642	0.631	0.632	0.609	0.608	0.596	0.509	0.496	0.44	0.603	0.625	0.633	0.836	0.844	0.848	0.351	0.358	0.341	0.118	0.136	0.203	1.19	1.136	1.125	0.375	0.402	0.427	0.385	0.362	0.373	0.856	0.85	0.839	0.377	0.38	0.422	0.808	0.826	0.826	0.73	0.113	0.159	0.463	0.525	0.611	0.644	0.706	0.776	0.417	0.401	0.399	1.352	1.314	1.442	0.217	0.228	0.212	0.611	0.632	0.653	0.221	0.226	0.224	0.33	0.219	0.966	0.427	0.409	0.442	0.329	0.294	0.292	0.719	0.658	0.661	0.654	0.58	0.569	1.306	1.348	1.321	0.847	0.842	0.841	0.925	0.909	0.927	1.286	1.307	1.289	0.896	0.867	0.885	1.073	1.009	1.018	1.198	1.217	1.185	1.187	1.257	1.239	1.135	1.106	0.458	1.183	1.119	1.128	1.278	1.26	1.25	1.22	1.057	1.035	0.775	0.734	0.772	0.925	0.931	0.938	1.198	1.217	1.185	1.284	1.37	1.319
14.17	1.258	1.266	1.299	0.414	0.384	0.407	0.674	0.677	0.674	0.676	0.704	0.736	0.449	0.402	0.415	0.458	0.45	0.447	0.699	0.654	0.666	0.438	0.493	0.457	0.693	0.701	0.695	0.429	0.376	0.363	0.71	0.684	0.689	0.183	0.189	0.194	0.097	0.376	0.352	0.508	0.51	0.436	0.473	0.455	0.463	0.466	0.505	0.537	0.521	0.626	0.512	1.35	1.411	1.411	0.72	0.66	0.656	1.251	1.195	1.196	1.223	1.13	1.075	1.432	1.447	1.368	0.154	0.659	0.533	1.319	1.271	1.274	0.307	0.354	0.368	0.847	0.839	0.894	0.316	0.288	0.312	0.256	0.278	0.244	0.605	0.604	0.596	0.192	0.167	0.168	0.368	0.365	0.351	1.503	1.549	1.282	0.722	0.726	0.718	0.638	0.622	0.622	0.636	0.606	0.627	0.667	0.657	0.661	0.609	0.61	0.6	0.535	0.518	0.463	0.613	0.638	0.642	0.84	0.846	0.851	0.364	0.368	0.353	0.121	0.138	0.208	1.187	1.13	1.12	0.387	0.4	0.431	0.401	0.366	0.383	0.876	0.869	0.852	0.378	0.392	0.435	0.811	0.823	0.832	0.721	0.113	0.157	0.467	0.531	0.609	0.669	0.759	0.839	0.419	0.409	0.413	1.356	1.318	1.449	0.223	0.237	0.218	0.647	0.65	0.677	0.226	0.232	0.228	0.333	0.219	0.96	0.457	0.438	0.469	0.345	0.309	0.305	0.72	0.66	0.656	0.656	0.578	0.568	1.311	1.348	1.324	0.855	0.851	0.85	0.939	0.924	0.935	1.291	1.311	1.302	0.906	0.877	0.896	1.085	1.022	1.032	1.205	1.227	1.197	1.202	1.266	1.248	1.155	1.127	0.442	1.2	1.133	1.142	1.296	1.284	1.243	1.233	1.059	1.035	0.776	0.737	0.771	0.929	0.939	0.943	1.205	1.227	1.197	1.302	1.39	1.335
14.33	1.271	1.274	1.311	0.433	0.399	0.425	0.664	0.671	0.669	0.699	0.719	0.75	0.472	0.421	0.439	0.48	0.477	0.47	0.703	0.669	0.681	0.456	0.512	0.478	0.698	0.702	0.698	0.446	0.399	0.382	0.719	0.682	0.682	0.187	0.195	0.2	0.098	0.398	0.368	0.536	0.539	0.456	0.493	0.477	0.483	0.486	0.523	0.551	0.538	0.634	0.529	1.353	1.413	1.41	0.722	0.662	0.653	1.249	1.193	1.199	1.241	1.159	1.086	1.442	1.455	1.362	0.152	0.651	0.534	1.322	1.278	1.278	0.315	0.365	0.38	0.849	0.84	0.905	0.326	0.297	0.332	0.268	0.286	0.258	0.608	0.594	0.603	0.198	0.173	0.172	0.376	0.372	0.378	1.515	1.563	1.289	0.754	0.756	0.744	0.661	0.654	0.659	0.649	0.617	0.647	0.686	0.685	0.683	0.608	0.61	0.602	0.566	0.547	0.482	0.62	0.651	0.652	0.842	0.848	0.853	0.369	0.367	0.374	0.123	0.141	0.224	1.185	1.129	1.117	0.39	0.417	0.447	0.413	0.381	0.393	0.857	0.854	0.87	0.381	0.399	0.437	0.82	0.824	0.835	0.713	0.113	0.157	0.467	0.535	0.61	0.698	0.843	0.913	0.423	0.418	0.425	1.359	1.323	1.457	0.229	0.245	0.224	0.68	0.688	0.685	0.231	0.24	0.234	0.336	0.219	0.953	0.482	0.467	0.494	0.362	0.324	0.317	0.722	0.662	0.653	0.657	0.577	0.567	1.313	1.333	1.325	0.866	0.856	0.86	0.952	0.936	0.946	1.298	1.317	1.31	0.918	0.887	0.909	1.103	1.041	1.046	1.21	1.245	1.208	1.207	1.276	1.249	1.178	1.136	0.429	1.191	1.151	1.151	1.306	1.303	1.258	1.246	1.063	1.034	0.777	0.741	0.769	0.931	0.941	0.943	1.21	1.245	1.208	1.321	1.408	1.349
14.5	1.286	1.287	1.323	0.456	0.417	0.446	0.666	0.673	0.674	0.712	0.725	0.748	0.491	0.441	0.46	0.506	0.495	0.496	0.711	0.684	0.697	0.475	0.529	0.501	0.704	0.709	0.7	0.462	0.42	0.401	0.729	0.689	0.686	0.19	0.198	0.202	0.098	0.423	0.388	0.57	0.566	0.477	0.515	0.497	0.499	0.505	0.54	0.563	0.554	0.644	0.546	1.357	1.41	1.409	0.726	0.667	0.647	1.246	1.193	1.199	1.265	1.194	1.1	1.449	1.458	1.353	0.151	0.643	0.535	1.324	1.284	1.282	0.328	0.37	0.389	0.855	0.847	0.911	0.338	0.301	0.338	0.281	0.296	0.28	0.614	0.609	0.605	0.205	0.18	0.177	0.389	0.382	0.382	1.53	1.579	1.297	0.783	0.788	0.766	0.706	0.687	0.708	0.669	0.63	0.667	0.681	0.708	0.691	0.605	0.607	0.602	0.596	0.576	0.495	0.624	0.656	0.664	0.845	0.851	0.856	0.371	0.386	0.386	0.126	0.144	0.237	1.183	1.13	1.115	0.406	0.425	0.45	0.422	0.394	0.401	0.871	0.883	0.846	0.393	0.404	0.444	0.822	0.828	0.84	0.702	0.114	0.157	0.459	0.537	0.612	0.744	0.954	0.982	0.428	0.421	0.43	1.362	1.326	1.464	0.236	0.255	0.231	0.704	0.72	0.696	0.238	0.247	0.24	0.337	0.218	0.946	0.507	0.491	0.515	0.38	0.339	0.33	0.726	0.667	0.647	0.657	0.575	0.565	1.315	1.331	1.33	0.876	0.865	0.871	0.965	0.95	0.962	1.302	1.321	1.31	0.929	0.896	0.923	1.119	1.059	1.062	1.215	1.26	1.227	1.224	1.289	1.28	1.202	1.143	0.414	1.173	1.163	1.161	1.316	1.317	1.258	1.266	1.07	1.039	0.779	0.745	0.768	0.934	0.945	0.948	1.215	1.26	1.227	1.339	1.426	1.364
14.67	1.3	1.302	1.333	0.478	0.438	0.465	0.675	0.681	0.682	0.728	0.728	0.756	0.504	0.461	0.481	0.525	0.511	0.512	0.727	0.692	0.715	0.495	0.543	0.523	0.717	0.716	0.709	0.483	0.439	0.42	0.739	0.698	0.695	0.191	0.197	0.202	0.099	0.448	0.408	0.599	0.591	0.505	0.53	0.524	0.522	0.522	0.556	0.574	0.568	0.654	0.562	1.36	1.407	1.41	0.729	0.673	0.643	1.243	1.193	1.199	1.292	1.225	1.133	1.455	1.461	1.348	0.15	0.637	0.535	1.329	1.285	1.288	0.34	0.379	0.404	0.857	0.85	0.919	0.351	0.304	0.351	0.287	0.303	0.287	0.619	0.61	0.609	0.213	0.186	0.18	0.395	0.391	0.398	1.549	1.597	1.305	0.809	0.793	0.787	0.737	0.732	0.748	0.686	0.648	0.695	0.662	0.694	0.682	0.609	0.611	0.609	0.636	0.61	0.518	0.638	0.672	0.673	0.849	0.853	0.858	0.373	0.391	0.384	0.124	0.147	0.246	1.183	1.129	1.113	0.414	0.437	0.453	0.427	0.402	0.407	0.872	0.872	0.868	0.391	0.424	0.452	0.823	0.832	0.845	0.693	0.113	0.158	0.467	0.54	0.616	0.78	0.95	1.001	0.438	0.434	0.434	1.366	1.33	1.47	0.244	0.265	0.238	0.723	0.736	0.702	0.244	0.258	0.246	0.338	0.217	0.938	0.531	0.514	0.536	0.398	0.352	0.343	0.729	0.673	0.643	0.656	0.572	0.563	1.318	1.337	1.337	0.887	0.876	0.882	0.981	0.966	0.977	1.302	1.323	1.305	0.943	0.906	0.935	1.134	1.079	1.079	1.217	1.266	1.255	1.243	1.299	1.305	1.23	1.15	0.401	1.157	1.193	1.175	1.32	1.323	1.266	1.277	1.078	1.046	0.782	0.749	0.766	0.936	0.949	0.951	1.217	1.266	1.255	1.357	1.441	1.377
14.83	1.318	1.317	1.342	0.499	0.458	0.483	0.688	0.693	0.701	0.753	0.734	0.759	0.514	0.484	0.506	0.542	0.524	0.531	0.737	0.713	0.726	0.512	0.558	0.537	0.736	0.729	0.718	0.5	0.458	0.437	0.752	0.713	0.707	0.191	0.194	0.201	0.1	0.471	0.429	0.622	0.602	0.53	0.545	0.544	0.535	0.539	0.571	0.585	0.581	0.665	0.576	1.362	1.407	1.412	0.736	0.679	0.64	1.24	1.194	1.201	1.31	1.242	1.183	1.461	1.466	1.345	0.149	0.63	0.535	1.334	1.278	1.297	0.349	0.386	0.417	0.856	0.851	0.925	0.363	0.309	0.354	0.292	0.309	0.297	0.624	0.615	0.612	0.223	0.192	0.188	0.406	0.402	0.407	1.565	1.611	1.31	0.841	0.817	0.801	0.724	0.727	0.747	0.705	0.674	0.717	0.644	0.67	0.655	0.608	0.612	0.612	0.66	0.635	0.538	0.647	0.68	0.687	0.852	0.856	0.86	0.381	0.4	0.389	0.126	0.149	0.248	1.186	1.128	1.112	0.422	0.436	0.461	0.433	0.411	0.418	0.865	0.865	0.859	0.392	0.42	0.457	0.827	0.833	0.848	0.681	0.114	0.158	0.475	0.541	0.618	0.834	0.912	0.914	0.466	0.433	0.443	1.367	1.336	1.475	0.253	0.276	0.246	0.737	0.747	0.694	0.253	0.267	0.254	0.339	0.217	0.929	0.553	0.535	0.556	0.415	0.37	0.359	0.736	0.679	0.64	0.654	0.569	0.561	1.324	1.341	1.343	0.9	0.89	0.894	0.997	0.978	0.989	1.296	1.314	1.299	0.955	0.918	0.949	1.154	1.098	1.095	1.216	1.264	1.294	1.26	1.328	1.325	1.256	1.165	0.39	1.146	1.218	1.192	1.326	1.326	1.266	1.276	1.078	1.051	0.785	0.753	0.765	0.942	0.951	0.957	1.216	1.264	1.294	1.37	1.455	1.391
15.0	1.341	1.338	1.349	0.519	0.475	0.502	0.715	0.713	0.726	0.765	0.739	0.769	0.526	0.502	0.534	0.555	0.532	0.544	0.749	0.721	0.74	0.521	0.563	0.547	0.753	0.747	0.736	0.511	0.473	0.458	0.773	0.739	0.724	0.193	0.193	0.202	0.1	0.492	0.449	0.624	0.591	0.549	0.555	0.561	0.53	0.554	0.583	0.597	0.593	0.68	0.589	1.364	1.41	1.418	0.753	0.68	0.639	1.239	1.195	1.204	1.327	1.254	1.228	1.463	1.469	1.348	0.148	0.623	0.536	1.336	1.27	1.311	0.358	0.398	0.425	0.857	0.858	0.93	0.375	0.317	0.372	0.297	0.314	0.304	0.628	0.616	0.614	0.234	0.196	0.192	0.414	0.41	0.415	1.578	1.629	1.318	0.862	0.82	0.81	0.707	0.704	0.733	0.729	0.696	0.741	0.641	0.661	0.64	0.607	0.613	0.615	0.68	0.647	0.558	0.659	0.689	0.697	0.854	0.858	0.863	0.394	0.411	0.406	0.13	0.153	0.255	1.192	1.127	1.113	0.429	0.441	0.461	0.441	0.424	0.428	0.874	0.867	0.876	0.397	0.427	0.466	0.84	0.835	0.853	0.671	0.114	0.159	0.478	0.547	0.622	0.886	0.911	0.911	0.468	0.443	0.451	1.378	1.344	1.484	0.261	0.287	0.254	0.746	0.754	0.665	0.263	0.277	0.261	0.34	0.216	0.919	0.57	0.552	0.573	0.431	0.388	0.376	0.753	0.68	0.639	0.651	0.565	0.557	1.342	1.344	1.343	0.91	0.902	0.905	1.009	0.99	1.0	1.287	1.302	1.292	0.967	0.928	0.961	1.172	1.115	1.105	1.213	1.248	1.286	1.278	1.347	1.364	1.269	1.173	0.378	1.133	1.243	1.215	1.323	1.333	1.262	1.277	1.087	1.056	0.788	0.755	0.763	0.945	0.951	0.958	1.213	1.248	1.286	1.384	1.468	1.402
15.17	1.364	1.35	1.353	0.542	0.493	0.518	0.75	0.745	0.767	0.775	0.748	0.78	0.54	0.533	0.568	0.567	0.539	0.548	0.761	0.731	0.747	0.529	0.574	0.551	0.776	0.767	0.759	0.524	0.493	0.473	0.797	0.761	0.746	0.194	0.192	0.203	0.101	0.516	0.469	0.616	0.568	0.563	0.561	0.571	0.518	0.568	0.594	0.609	0.604	0.707	0.601	1.365	1.415	1.426	0.781	0.67	0.638	1.239	1.194	1.204	1.34	1.264	1.265	1.467	1.471	1.361	0.148	0.617	0.536	1.339	1.266	1.326	0.376	0.405	0.432	0.859	0.859	0.931	0.383	0.326	0.382	0.304	0.322	0.308	0.631	0.621	0.617	0.241	0.2	0.194	0.423	0.417	0.422	1.59	1.649	1.327	0.855	0.837	0.83	0.685	0.684	0.705	0.759	0.736	0.772	0.653	0.666	0.645	0.606	0.614	0.618	0.701	0.65	0.573	0.668	0.698	0.709	0.857	0.86	0.865	0.403	0.421	0.408	0.133	0.156	0.263	1.21	1.127	1.117	0.435	0.447	0.51	0.442	0.429	0.431	0.882	0.891	0.868	0.403	0.434	0.47	0.832	0.84	0.858	0.661	0.113	0.159	0.477	0.554	0.625	0.921	0.924	0.925	0.46	0.449	0.445	1.381	1.351	1.489	0.271	0.299	0.264	0.734	0.752	0.636	0.271	0.286	0.267	0.341	0.216	0.907	0.58	0.558	0.582	0.445	0.405	0.391	0.781	0.67	0.638	0.647	0.561	0.554	1.347	1.353	1.349	0.922	0.913	0.915	1.022	1.005	1.018	1.28	1.294	1.286	0.98	0.941	0.975	1.191	1.131	1.117	1.217	1.224	1.23	1.291	1.373	1.405	1.25	1.18	0.366	1.132	1.262	1.237	1.333	1.336	1.265	1.281	1.092	1.051	0.792	0.759	0.761	0.947	0.953	0.961	1.217	1.224	1.23	1.4	1.478	1.412
15.33	1.371	1.358	1.363	0.557	0.508	0.54	0.787	0.781	0.785	0.784	0.758	0.788	0.553	0.567	0.594	0.574	0.549	0.557	0.778	0.737	0.756	0.533	0.583	0.555	0.797	0.787	0.776	0.544	0.513	0.486	0.818	0.789	0.77	0.194	0.191	0.204	0.102	0.539	0.489	0.599	0.556	0.564	0.563	0.564	0.519	0.582	0.605	0.619	0.616	0.737	0.613	1.369	1.418	1.432	0.767	0.67	0.64	1.239	1.195	1.203	1.352	1.274	1.274	1.465	1.472	1.388	0.146	0.611	0.536	1.343	1.27	1.327	0.372	0.409	0.435	0.858	0.858	0.927	0.391	0.335	0.393	0.308	0.343	0.313	0.633	0.622	0.618	0.25	0.241	0.23	0.431	0.423	0.43	1.599	1.67	1.336	0.86	0.853	0.862	0.676	0.674	0.683	0.796	0.757	0.813	0.67	0.69	0.663	0.605	0.614	0.624	0.698	0.642	0.584	0.677	0.704	0.712	0.859	0.863	0.868	0.412	0.429	0.425	0.137	0.16	0.271	1.229	1.13	1.123	0.443	0.45	0.489	0.448	0.43	0.432	0.872	0.889	0.886	0.423	0.466	0.475	0.831	0.846	0.863	0.65	0.114	0.16	0.477	0.56	0.617	0.957	0.929	0.923	0.459	0.44	0.459	1.387	1.355	1.499	0.281	0.312	0.275	0.716	0.759	0.628	0.279	0.299	0.276	0.341	0.215	0.894	0.583	0.564	0.579	0.459	0.42	0.406	0.767	0.67	0.64	0.643	0.556	0.55	1.322	1.357	1.353	0.936	0.925	0.926	1.034	1.019	1.034	1.278	1.288	1.281	0.992	0.953	0.988	1.208	1.147	1.128	1.231	1.211	1.197	1.307	1.393	1.436	1.257	1.181	0.356	1.139	1.272	1.261	1.337	1.342	1.27	1.288	1.089	1.051	0.795	0.761	0.76	0.949	0.954	0.963	1.231	1.211	1.197	1.416	1.486	1.416
15.5	1.378	1.36	1.373	0.57	0.53	0.559	0.811	0.8	0.805	0.788	0.772	0.796	0.564	0.591	0.611	0.578	0.552	0.568	0.787	0.745	0.76	0.539	0.594	0.56	0.817	0.802	0.797	0.56	0.524	0.5	0.838	0.807	0.79	0.196	0.191	0.206	0.102	0.551	0.514	0.591	0.553	0.557	0.569	0.56	0.519	0.595	0.618	0.629	0.625	0.77	0.624	1.369	1.419	1.435	0.742	0.662	0.639	1.238	1.196	1.204	1.361	1.282	1.28	1.464	1.472	1.407	0.145	0.604	0.536	1.347	1.268	1.328	0.385	0.413	0.437	0.858	0.861	0.928	0.396	0.347	0.403	0.316	0.342	0.323	0.637	0.623	0.619	0.255	0.25	0.236	0.441	0.433	0.438	1.609	1.684	1.348	0.872	0.866	0.886	0.686	0.68	0.676	0.831	0.785	0.831	0.695	0.72	0.686	0.604	0.615	0.631	0.689	0.637	0.595	0.685	0.71	0.714	0.861	0.865	0.869	0.419	0.439	0.429	0.144	0.164	0.281	1.245	1.135	1.132	0.45	0.455	0.487	0.442	0.433	0.427	0.882	0.867	0.869	0.441	0.483	0.481	0.839	0.843	0.866	0.64	0.114	0.16	0.481	0.566	0.617	0.975	0.947	0.892	0.466	0.453	0.465	1.387	1.362	1.506	0.291	0.325	0.287	0.698	0.768	0.645	0.287	0.31	0.282	0.341	0.214	0.88	0.586	0.564	0.57	0.47	0.435	0.417	0.742	0.662	0.639	0.638	0.551	0.547	1.32	1.359	1.359	0.948	0.935	0.937	1.05	1.033	1.048	1.275	1.281	1.274	1.005	0.964	0.998	1.223	1.157	1.142	1.251	1.206	1.184	1.324	1.406	1.455	1.269	1.179	0.345	1.151	1.276	1.279	1.339	1.353	1.28	1.295	1.094	1.052	0.798	0.763	0.757	0.953	0.955	0.964	1.251	1.206	1.184	1.429	1.49	1.417
15.67	1.385	1.36	1.379	0.59	0.551	0.576	0.827	0.818	0.822	0.792	0.78	0.81	0.576	0.605	0.623	0.577	0.547	0.578	0.794	0.749	0.763	0.542	0.607	0.569	0.831	0.826	0.816	0.572	0.531	0.512	0.857	0.82	0.814	0.199	0.192	0.208	0.103	0.562	0.535	0.593	0.554	0.554	0.577	0.557	0.53	0.608	0.631	0.641	0.635	0.803	0.634	1.37	1.423	1.437	0.729	0.653	0.628	1.239	1.196	1.205	1.367	1.286	1.285	1.461	1.471	1.411	0.144	0.598	0.535	1.349	1.274	1.333	0.385	0.417	0.44	0.858	0.859	0.923	0.418	0.359	0.412	0.324	0.364	0.328	0.638	0.625	0.621	0.264	0.262	0.243	0.453	0.443	0.448	1.619	1.692	1.361	0.879	0.883	0.896	0.701	0.693	0.682	0.869	0.816	0.85	0.724	0.748	0.721	0.604	0.616	0.638	0.682	0.638	0.607	0.691	0.715	0.721	0.864	0.868	0.873	0.424	0.442	0.43	0.148	0.177	0.293	1.257	1.14	1.145	0.458	0.478	0.514	0.464	0.442	0.44	0.881	0.873	0.869	0.442	0.48	0.49	0.836	0.847	0.87	0.63	0.114	0.161	0.485	0.571	0.618	0.996	0.935	0.874	0.481	0.451	0.462	1.391	1.367	1.515	0.303	0.338	0.299	0.706	0.787	0.682	0.298	0.321	0.289	0.341	0.214	0.866	0.591	0.565	0.557	0.478	0.449	0.429	0.729	0.653	0.628	0.634	0.545	0.543	1.331	1.363	1.363	0.958	0.946	0.951	1.07	1.046	1.06	1.274	1.278	1.271	1.021	0.977	1.009	1.234	1.167	1.155	1.289	1.21	1.176	1.337	1.422	1.453	1.28	1.173	0.336	1.163	1.274	1.293	1.35	1.359	1.289	1.302	1.099	1.062	0.801	0.764	0.755	0.954	0.952	0.962	1.289	1.21	1.176	1.442	1.492	1.414
15.83	1.393	1.361	1.387	0.605	0.567	0.584	0.834	0.829	0.839	0.795	0.789	0.812	0.587	0.61	0.632	0.582	0.55	0.588	0.799	0.753	0.768	0.546	0.624	0.575	0.85	0.849	0.832	0.584	0.537	0.527	0.871	0.834	0.834	0.201	0.191	0.21	0.104	0.571	0.549	0.599	0.559	0.553	0.591	0.566	0.544	0.623	0.644	0.65	0.645	0.839	0.645	1.373	1.422	1.438	0.723	0.646	0.617	1.241	1.198	1.206	1.363	1.292	1.288	1.46	1.471	1.408	0.143	0.594	0.534	1.353	1.281	1.34	0.404	0.428	0.45	0.857	0.861	0.924	0.422	0.369	0.42	0.337	0.361	0.366	0.638	0.627	0.624	0.273	0.268	0.252	0.458	0.452	0.456	1.626	1.696	1.372	0.887	0.892	0.899	0.724	0.713	0.695	0.89	0.833	0.88	0.746	0.773	0.745	0.604	0.616	0.645	0.683	0.64	0.615	0.697	0.72	0.727	0.866	0.871	0.875	0.431	0.444	0.435	0.157	0.193	0.304	1.264	1.145	1.152	0.466	0.468	0.51	0.467	0.455	0.436	0.884	0.886	0.885	0.448	0.518	0.51	0.837	0.848	0.875	0.621	0.115	0.162	0.489	0.574	0.619	1.013	0.936	0.873	0.475	0.46	0.46	1.393	1.375	1.521	0.314	0.35	0.311	0.714	0.791	0.727	0.309	0.331	0.298	0.341	0.213	0.85	0.595	0.566	0.549	0.481	0.461	0.442	0.723	0.646	0.617	0.629	0.539	0.538	1.341	1.371	1.368	0.969	0.956	0.963	1.092	1.062	1.074	1.272	1.276	1.272	1.038	0.989	1.023	1.243	1.177	1.166	1.356	1.229	1.179	1.352	1.43	1.438	1.285	1.181	0.326	1.179	1.287	1.304	1.36	1.364	1.291	1.312	1.105	1.072	0.804	0.766	0.753	0.951	0.95	0.961	1.356	1.229	1.179	1.454	1.494	1.411
16.0	1.403	1.362	1.395	0.612	0.573	0.592	0.839	0.84	0.85	0.799	0.793	0.82	0.601	0.614	0.636	0.587	0.561	0.602	0.807	0.758	0.776	0.552	0.638	0.58	0.871	0.862	0.837	0.595	0.545	0.543	0.885	0.851	0.856	0.203	0.193	0.214	0.105	0.579	0.56	0.609	0.564	0.556	0.604	0.579	0.554	0.637	0.657	0.66	0.657	0.875	0.657	1.375	1.422	1.439	0.72	0.645	0.612	1.244	1.2	1.206	1.348	1.301	1.288	1.455	1.472	1.402	0.143	0.591	0.534	1.358	1.28	1.344	0.424	0.433	0.454	0.858	0.865	0.922	0.433	0.376	0.424	0.342	0.386	0.362	0.642	0.63	0.626	0.28	0.275	0.267	0.457	0.461	0.466	1.631	1.701	1.384	0.895	0.899	0.907	0.745	0.736	0.713	0.908	0.845	0.9	0.766	0.784	0.765	0.605	0.618	0.654	0.689	0.651	0.623	0.702	0.722	0.732	0.868	0.874	0.879	0.432	0.446	0.431	0.17	0.204	0.31	1.271	1.152	1.166	0.472	0.482	0.498	0.473	0.439	0.437	0.907	0.884	0.878	0.474	0.535	0.496	0.837	0.85	0.879	0.611	0.115	0.162	0.492	0.576	0.621	1.022	0.949	0.863	0.482	0.468	0.469	1.391	1.381	1.53	0.325	0.36	0.324	0.71	0.789	0.765	0.319	0.346	0.306	0.34	0.213	0.835	0.596	0.568	0.554	0.478	0.47	0.456	0.72	0.645	0.612	0.622	0.534	0.534	1.343	1.377	1.369	0.979	0.967	0.976	1.113	1.08	1.089	1.27	1.275	1.269	1.057	1.002	1.036	1.246	1.188	1.172	1.394	1.271	1.181	1.365	1.435	1.444	1.283	1.187	0.318	1.178	1.3	1.302	1.361	1.368	1.298	1.316	1.114	1.08	0.807	0.766	0.75	0.951	0.951	0.963	1.394	1.271	1.181	1.464	1.498	1.408
16.17	1.414	1.382	1.405	0.617	0.576	0.605	0.846	0.851	0.861	0.807	0.798	0.825	0.621	0.624	0.647	0.599	0.577	0.622	0.815	0.766	0.783	0.56	0.648	0.587	0.886	0.888	0.859	0.606	0.553	0.554	0.901	0.873	0.872	0.205	0.194	0.217	0.106	0.583	0.567	0.623	0.571	0.563	0.615	0.6	0.567	0.651	0.667	0.67	0.669	0.903	0.673	1.375	1.421	1.44	0.711	0.645	0.606	1.248	1.201	1.211	1.338	1.309	1.284	1.453	1.473	1.395	0.142	0.588	0.532	1.36	1.28	1.347	0.428	0.425	0.451	0.857	0.859	0.922	0.443	0.384	0.432	0.361	0.383	0.384	0.642	0.633	0.629	0.287	0.281	0.275	0.468	0.459	0.469	1.633	1.702	1.396	0.904	0.9	0.913	0.763	0.753	0.732	0.93	0.874	0.912	0.78	0.803	0.778	0.605	0.618	0.663	0.694	0.663	0.628	0.706	0.725	0.737	0.87	0.877	0.882	0.435	0.453	0.447	0.19	0.217	0.328	1.28	1.161	1.181	0.476	0.493	0.514	0.475	0.46	0.444	0.889	0.892	0.883	0.494	0.554	0.504	0.84	0.852	0.883	0.602	0.115	0.163	0.496	0.577	0.623	1.039	0.94	0.872	0.488	0.476	0.476	1.398	1.385	1.541	0.338	0.369	0.335	0.713	0.786	0.803	0.331	0.359	0.314	0.341	0.212	0.819	0.596	0.572	0.563	0.479	0.476	0.47	0.711	0.645	0.606	0.617	0.529	0.529	1.343	1.381	1.371	0.991	0.979	0.988	1.131	1.098	1.103	1.267	1.274	1.264	1.075	1.019	1.052	1.25	1.201	1.175	1.363	1.318	1.195	1.373	1.443	1.452	1.278	1.185	0.308	1.175	1.309	1.305	1.365	1.368	1.311	1.324	1.124	1.085	0.811	0.768	0.748	0.951	0.95	0.962	1.363	1.318	1.195	1.475	1.499	1.407
16.33	1.427	1.391	1.427	0.622	0.583	0.619	0.849	0.86	0.873	0.812	0.804	0.831	0.639	0.642	0.667	0.615	0.596	0.625	0.82	0.775	0.791	0.571	0.664	0.597	0.9	0.901	0.884	0.616	0.561	0.574	0.915	0.888	0.886	0.209	0.195	0.222	0.107	0.587	0.572	0.638	0.583	0.573	0.637	0.618	0.586	0.663	0.677	0.68	0.685	0.924	0.701	1.378	1.423	1.438	0.708	0.654	0.599	1.254	1.203	1.213	1.417	1.315	1.283	1.452	1.474	1.389	0.142	0.586	0.531	1.357	1.287	1.354	0.434	0.422	0.449	0.858	0.862	0.92	0.451	0.395	0.437	0.359	0.397	0.373	0.645	0.637	0.632	0.293	0.285	0.276	0.464	0.451	0.468	1.635	1.704	1.406	0.91	0.901	0.917	0.783	0.766	0.744	0.942	0.898	0.918	0.817	0.815	0.797	0.606	0.619	0.673	0.7	0.678	0.637	0.713	0.728	0.742	0.872	0.881	0.885	0.441	0.459	0.451	0.189	0.232	0.346	1.291	1.168	1.196	0.484	0.505	0.51	0.48	0.466	0.447	0.887	0.889	0.887	0.523	0.552	0.542	0.841	0.855	0.884	0.592	0.116	0.163	0.5	0.582	0.624	1.028	0.941	0.876	0.494	0.482	0.481	1.4	1.392	1.547	0.348	0.377	0.346	0.729	0.784	0.816	0.342	0.37	0.321	0.339	0.211	0.803	0.599	0.576	0.573	0.487	0.479	0.487	0.708	0.654	0.599	0.61	0.523	0.524	1.34	1.39	1.363	1.003	0.989	0.999	1.15	1.116	1.116	1.266	1.273	1.264	1.094	1.036	1.07	1.254	1.215	1.178	1.343	1.301	1.233	1.381	1.449	1.463	1.273	1.17	0.3	1.184	1.323	1.312	1.369	1.371	1.334	1.335	1.135	1.09	0.815	0.768	0.746	0.95	0.95	0.961	1.343	1.301	1.233	1.483	1.504	1.41
16.5	1.429	1.395	1.45	0.628	0.588	0.633	0.855	0.869	0.881	0.819	0.81	0.84	0.665	0.667	0.685	0.632	0.616	0.64	0.831	0.784	0.8	0.585	0.681	0.611	0.917	0.91	0.899	0.627	0.567	0.592	0.927	0.905	0.899	0.212	0.2	0.226	0.108	0.591	0.574	0.657	0.597	0.58	0.652	0.634	0.607	0.674	0.688	0.689	0.706	0.944	0.744	1.383	1.42	1.437	0.703	0.649	0.593	1.256	1.206	1.214	1.432	1.319	1.28	1.449	1.474	1.385	0.141	0.586	0.53	1.357	1.291	1.36	0.432	0.421	0.441	0.859	0.861	0.921	0.465	0.411	0.445	0.366	0.4	0.398	0.648	0.64	0.634	0.3	0.288	0.282	0.485	0.461	0.469	1.637	1.704	1.417	0.915	0.906	0.927	0.81	0.784	0.767	0.941	0.906	0.933	0.84	0.837	0.811	0.608	0.62	0.682	0.706	0.692	0.652	0.718	0.731	0.749	0.874	0.882	0.887	0.447	0.471	0.454	0.209	0.244	0.359	1.299	1.175	1.211	0.492	0.516	0.511	0.475	0.463	0.446	0.897	0.895	0.891	0.519	0.576	0.517	0.845	0.867	0.889	0.583	0.116	0.164	0.502	0.588	0.625	1.027	0.948	0.886	0.498	0.484	0.476	1.404	1.399	1.56	0.356	0.388	0.355	0.751	0.786	0.845	0.352	0.38	0.331	0.339	0.211	0.788	0.605	0.581	0.582	0.504	0.481	0.506	0.703	0.649	0.593	0.604	0.518	0.52	1.335	1.392	1.362	1.018	0.999	1.01	1.169	1.134	1.13	1.268	1.275	1.265	1.11	1.053	1.088	1.261	1.226	1.182	1.334	1.246	1.276	1.392	1.452	1.475	1.274	1.142	0.292	1.188	1.318	1.316	1.376	1.378	1.352	1.343	1.142	1.093	0.819	0.77	0.745	0.947	0.946	0.962	1.334	1.246	1.276	1.485	1.507	1.425
16.67	1.438	1.394	1.462	0.635	0.592	0.651	0.865	0.88	0.888	0.825	0.818	0.844	0.701	0.689	0.7	0.652	0.633	0.655	0.844	0.792	0.808	0.598	0.705	0.625	0.925	0.919	0.916	0.642	0.576	0.605	0.943	0.917	0.913	0.216	0.204	0.23	0.11	0.596	0.575	0.682	0.614	0.59	0.675	0.652	0.629	0.684	0.697	0.697	0.73	0.969	0.8	1.389	1.417	1.438	0.694	0.646	0.59	1.256	1.209	1.214	1.435	1.326	1.274	1.441	1.473	1.385	0.14	0.586	0.529	1.355	1.294	1.368	0.43	0.422	0.438	0.856	0.864	0.921	0.459	0.423	0.442	0.375	0.406	0.388	0.652	0.642	0.638	0.307	0.294	0.286	0.478	0.465	0.47	1.633	1.704	1.423	0.921	0.914	0.93	0.839	0.795	0.79	0.939	0.916	0.935	0.883	0.865	0.834	0.61	0.623	0.691	0.714	0.708	0.674	0.723	0.735	0.754	0.877	0.885	0.891	0.452	0.49	0.459	0.227	0.254	0.364	1.311	1.182	1.218	0.499	0.507	0.515	0.487	0.482	0.455	0.899	0.895	0.895	0.525	0.558	0.552	0.85	0.861	0.893	0.574	0.117	0.165	0.506	0.596	0.623	1.028	0.954	0.889	0.5	0.486	0.487	1.409	1.409	1.566	0.367	0.397	0.367	0.77	0.791	0.87	0.36	0.391	0.338	0.339	0.21	0.771	0.611	0.586	0.588	0.517	0.484	0.514	0.694	0.646	0.59	0.598	0.513	0.515	1.325	1.394	1.359	1.03	1.012	1.023	1.188	1.153	1.145	1.271	1.28	1.27	1.123	1.067	1.103	1.27	1.231	1.19	1.335	1.235	1.263	1.4	1.453	1.479	1.271	1.127	0.285	1.181	1.32	1.335	1.382	1.382	1.367	1.347	1.15	1.1	0.823	0.771	0.745	0.947	0.945	0.959	1.335	1.235	1.263	1.482	1.509	1.439
16.83	1.45	1.395	1.472	0.646	0.599	0.677	0.873	0.894	0.908	0.836	0.828	0.852	0.745	0.717	0.717	0.67	0.647	0.671	0.858	0.805	0.82	0.611	0.727	0.64	0.934	0.928	0.932	0.663	0.588	0.621	0.96	0.935	0.921	0.223	0.209	0.238	0.112	0.607	0.578	0.708	0.631	0.6	0.713	0.673	0.65	0.694	0.706	0.706	0.758	0.994	0.85	1.388	1.415	1.437	0.682	0.629	0.587	1.257	1.21	1.214	1.441	1.33	1.279	1.434	1.473	1.39	0.14	0.586	0.527	1.354	1.296	1.373	0.429	0.419	0.438	0.86	0.865	0.923	0.467	0.436	0.438	0.38	0.412	0.404	0.652	0.645	0.638	0.313	0.297	0.29	0.496	0.467	0.477	1.634	1.704	1.429	0.924	0.92	0.934	0.868	0.805	0.818	0.94	0.926	0.935	0.926	0.909	0.865	0.614	0.626	0.701	0.723	0.725	0.695	0.726	0.736	0.761	0.879	0.888	0.894	0.484	0.474	0.467	0.249	0.265	0.366	1.322	1.189	1.225	0.507	0.505	0.526	0.485	0.469	0.458	0.909	0.906	0.903	0.544	0.551	0.531	0.853	0.869	0.897	0.564	0.117	0.165	0.51	0.599	0.628	1.026	0.957	0.903	0.503	0.494	0.496	1.406	1.416	1.578	0.376	0.405	0.377	0.789	0.799	0.875	0.368	0.403	0.347	0.338	0.209	0.755	0.612	0.596	0.592	0.522	0.489	0.522	0.682	0.629	0.587	0.591	0.507	0.51	1.327	1.396	1.357	1.047	1.025	1.038	1.21	1.169	1.159	1.273	1.278	1.271	1.133	1.078	1.115	1.281	1.234	1.196	1.346	1.232	1.202	1.409	1.453	1.479	1.259	1.117	0.279	1.189	1.327	1.351	1.392	1.383	1.374	1.355	1.156	1.106	0.826	0.771	0.746	0.946	0.945	0.956	1.346	1.232	1.202	1.477	1.517	1.455
17.0	1.468	1.397	1.479	0.657	0.608	0.7	0.886	0.908	0.918	0.846	0.84	0.862	0.774	0.746	0.732	0.69	0.657	0.694	0.875	0.82	0.835	0.628	0.748	0.655	0.946	0.936	0.942	0.68	0.6	0.632	0.972	0.945	0.93	0.23	0.216	0.247	0.113	0.62	0.582	0.733	0.644	0.612	0.746	0.705	0.668	0.702	0.714	0.713	0.791	1.002	0.892	1.388	1.412	1.437	0.673	0.618	0.584	1.259	1.212	1.211	1.456	1.333	1.296	1.427	1.471	1.403	0.139	0.587	0.526	1.354	1.295	1.377	0.423	0.416	0.433	0.861	0.869	0.924	0.469	0.444	0.449	0.388	0.417	0.401	0.656	0.649	0.642	0.319	0.305	0.293	0.498	0.474	0.482	1.634	1.707	1.429	0.924	0.922	0.94	0.903	0.817	0.847	0.942	0.925	0.939	0.984	1.004	0.901	0.616	0.629	0.711	0.73	0.739	0.709	0.732	0.738	0.766	0.881	0.891	0.897	0.477	0.475	0.474	0.284	0.265	0.385	1.331	1.197	1.232	0.516	0.525	0.522	0.496	0.486	0.462	0.89	0.9	0.892	0.562	0.549	0.535	0.859	0.869	0.9	0.556	0.118	0.166	0.513	0.604	0.634	1.032	0.96	0.9	0.509	0.495	0.493	1.407	1.427	1.586	0.385	0.412	0.386	0.803	0.808	0.887	0.376	0.417	0.354	0.337	0.209	0.738	0.625	0.607	0.596	0.533	0.503	0.524	0.673	0.618	0.584	0.586	0.502	0.505	1.323	1.392	1.355	1.063	1.043	1.054	1.226	1.184	1.171	1.274	1.278	1.268	1.141	1.088	1.124	1.297	1.235	1.201	1.356	1.229	1.182	1.413	1.452	1.477	1.259	1.117	0.274	1.198	1.334	1.353	1.396	1.385	1.381	1.362	1.161	1.113	0.829	0.771	0.747	0.946	0.944	0.95	1.356	1.229	1.182	1.467	1.536	1.477
17.17	1.485	1.399	1.483	0.666	0.622	0.718	0.902	0.919	0.936	0.857	0.853	0.866	0.796	0.766	0.747	0.707	0.669	0.714	0.885	0.839	0.849	0.644	0.77	0.672	0.956	0.944	0.956	0.697	0.611	0.642	0.988	0.958	0.945	0.241	0.224	0.258	0.116	0.634	0.589	0.758	0.649	0.624	0.776	0.751	0.686	0.711	0.72	0.721	0.825	1.016	0.93	1.386	1.405	1.438	0.667	0.605	0.586	1.259	1.211	1.212	1.469	1.335	1.317	1.421	1.47	1.41	0.139	0.588	0.525	1.354	1.297	1.385	0.426	0.418	0.433	0.862	0.871	0.926	0.478	0.442	0.44	0.396	0.421	0.407	0.66	0.654	0.646	0.324	0.311	0.297	0.503	0.482	0.484	1.628	1.711	1.433	0.93	0.929	0.947	0.932	0.832	0.889	0.944	0.935	0.939	1.024	1.069	0.941	0.618	0.632	0.721	0.744	0.756	0.724	0.736	0.74	0.774	0.884	0.894	0.9	0.493	0.486	0.477	0.275	0.281	0.389	1.339	1.202	1.245	0.518	0.536	0.53	0.499	0.49	0.471	0.893	0.891	0.889	0.568	0.553	0.582	0.865	0.874	0.903	0.549	0.119	0.166	0.516	0.61	0.634	1.035	0.963	0.902	0.515	0.504	0.5	1.41	1.436	1.594	0.396	0.42	0.394	0.815	0.816	0.895	0.382	0.426	0.357	0.337	0.208	0.722	0.635	0.62	0.6	0.549	0.515	0.529	0.667	0.605	0.586	0.58	0.499	0.501	1.323	1.387	1.355	1.081	1.063	1.074	1.244	1.198	1.183	1.273	1.278	1.269	1.149	1.095	1.133	1.311	1.235	1.21	1.374	1.229	1.183	1.416	1.454	1.477	1.261	1.114	0.268	1.199	1.338	1.341	1.401	1.387	1.392	1.376	1.167	1.128	0.832	0.77	0.747	0.945	0.946	0.946	1.374	1.229	1.183	1.465	1.563	1.496
17.33	1.498	1.399	1.493	0.678	0.638	0.743	0.925	0.935	0.948	0.872	0.864	0.876	0.809	0.78	0.767	0.715	0.684	0.732	0.908	0.842	0.863	0.659	0.785	0.684	0.966	0.955	0.967	0.717	0.622	0.65	1.004	0.969	0.952	0.253	0.231	0.266	0.119	0.647	0.595	0.785	0.66	0.634	0.79	0.797	0.706	0.716	0.724	0.728	0.861	1.071	0.962	1.381	1.4	1.44	0.662	0.596	0.586	1.26	1.214	1.216	1.478	1.338	1.346	1.415	1.467	1.41	0.138	0.589	0.523	1.354	1.298	1.393	0.433	0.422	0.435	0.863	0.872	0.928	0.482	0.432	0.447	0.402	0.421	0.411	0.664	0.656	0.647	0.329	0.318	0.302	0.515	0.498	0.49	1.622	1.712	1.435	0.937	0.938	0.957	0.965	0.852	0.932	0.948	0.935	0.948	1.062	1.11	0.991	0.622	0.636	0.731	0.757	0.774	0.745	0.741	0.743	0.777	0.884	0.896	0.902	0.488	0.505	0.488	0.274	0.294	0.424	1.347	1.206	1.255	0.531	0.528	0.539	0.506	0.496	0.479	0.896	0.904	0.896	0.542	0.557	0.549	0.859	0.876	0.906	0.541	0.119	0.167	0.52	0.618	0.638	1.034	0.964	0.906	0.517	0.509	0.507	1.412	1.446	1.598	0.409	0.433	0.402	0.825	0.824	0.903	0.389	0.448	0.364	0.336	0.207	0.706	0.643	0.631	0.605	0.557	0.524	0.537	0.662	0.596	0.586	0.574	0.495	0.496	1.325	1.38	1.357	1.099	1.082	1.092	1.257	1.213	1.195	1.268	1.275	1.27	1.157	1.101	1.14	1.318	1.236	1.216	1.391	1.234	1.188	1.42	1.454	1.478	1.263	1.111	0.263	1.207	1.34	1.328	1.405	1.392	1.402	1.391	1.175	1.141	0.834	0.769	0.747	0.945	0.948	0.943	1.391	1.234	1.188	1.461	1.582	1.522
17.5	1.507	1.403	1.488	0.698	0.655	0.767	0.946	0.951	0.962	0.889	0.881	0.89	0.825	0.801	0.791	0.73	0.698	0.746	0.921	0.862	0.881	0.672	0.806	0.7	0.977	0.965	0.978	0.734	0.636	0.666	1.016	0.979	0.961	0.27	0.242	0.276	0.122	0.656	0.607	0.809	0.672	0.643	0.801	0.822	0.719	0.721	0.725	0.732	0.886	1.074	0.98	1.377	1.396	1.442	0.659	0.589	0.581	1.264	1.216	1.219	1.483	1.34	1.383	1.407	1.464	1.403	0.138	0.591	0.521	1.351	1.298	1.397	0.438	0.425	0.437	0.864	0.876	0.929	0.485	0.443	0.447	0.382	0.405	0.417	0.668	0.659	0.65	0.334	0.326	0.299	0.518	0.499	0.497	1.619	1.709	1.434	0.947	0.942	0.966	0.992	0.881	0.967	0.954	0.942	0.957	1.096	1.141	1.058	0.625	0.639	0.742	0.766	0.792	0.758	0.742	0.744	0.782	0.885	0.898	0.904	0.513	0.491	0.504	0.292	0.308	0.409	1.351	1.208	1.265	0.545	0.54	0.571	0.508	0.491	0.481	0.887	0.891	0.886	0.562	0.571	0.554	0.858	0.87	0.911	0.533	0.12	0.167	0.523	0.626	0.642	1.037	0.967	0.914	0.522	0.511	0.506	1.408	1.451	1.606	0.427	0.448	0.408	0.834	0.829	0.911	0.395	0.471	0.372	0.335	0.206	0.69	0.652	0.642	0.607	0.57	0.529	0.54	0.659	0.589	0.581	0.57	0.492	0.493	1.326	1.376	1.356	1.113	1.099	1.112	1.27	1.226	1.204	1.267	1.271	1.27	1.162	1.108	1.145	1.324	1.237	1.218	1.409	1.237	1.194	1.419	1.453	1.48	1.258	1.105	0.26	1.21	1.342	1.317	1.411	1.398	1.404	1.404	1.183	1.147	0.835	0.768	0.748	0.945	0.948	0.941	1.409	1.237	1.194	1.455	1.591	1.542
17.67	1.515	1.416	1.488	0.714	0.678	0.779	0.967	0.971	0.978	0.906	0.891	0.899	0.842	0.834	0.815	0.738	0.713	0.756	0.935	0.873	0.9	0.683	0.823	0.711	0.991	0.976	0.99	0.751	0.653	0.678	1.02	0.989	0.973	0.289	0.251	0.288	0.127	0.664	0.619	0.828	0.685	0.653	0.813	0.831	0.735	0.725	0.724	0.732	0.9	1.078	0.975	1.376	1.397	1.444	0.654	0.584	0.573	1.262	1.221	1.221	1.482	1.369	1.427	1.399	1.462	1.396	0.137	0.593	0.52	1.35	1.303	1.401	0.442	0.428	0.438	0.865	0.88	0.931	0.495	0.451	0.45	0.411	0.423	0.42	0.671	0.662	0.654	0.339	0.331	0.306	0.533	0.507	0.505	1.618	1.702	1.433	0.958	0.947	0.975	1.023	0.913	0.999	0.962	0.948	0.965	1.128	1.173	1.113	0.629	0.642	0.752	0.78	0.809	0.778	0.746	0.747	0.788	0.889	0.9	0.907	0.51	0.493	0.524	0.308	0.32	0.422	1.354	1.211	1.271	0.552	0.531	0.542	0.512	0.5	0.481	0.905	0.894	0.895	0.542	0.585	0.591	0.86	0.876	0.914	0.526	0.121	0.168	0.526	0.628	0.644	1.043	0.97	0.917	0.527	0.516	0.513	1.408	1.455	1.611	0.441	0.471	0.416	0.839	0.834	0.918	0.4	0.493	0.388	0.334	0.206	0.675	0.66	0.651	0.608	0.584	0.539	0.548	0.654	0.584	0.573	0.566	0.488	0.49	1.329	1.377	1.355	1.129	1.117	1.129	1.28	1.239	1.214	1.267	1.271	1.27	1.167	1.113	1.149	1.334	1.24	1.22	1.417	1.245	1.2	1.413	1.453	1.481	1.262	1.102	0.258	1.212	1.341	1.311	1.416	1.405	1.405	1.413	1.189	1.155	0.834	0.768	0.749	0.943	0.947	0.939	1.417	1.245	1.2	1.447	1.597	1.549
17.83	1.52	1.41	1.489	0.727	0.701	0.795	0.986	0.985	0.992	0.919	0.906	0.909	0.862	0.853	0.836	0.747	0.726	0.772	0.958	0.886	0.916	0.696	0.847	0.72	1.003	0.992	1.006	0.752	0.666	0.691	1.03	1.0	0.989	0.329	0.261	0.3	0.131	0.674	0.627	0.85	0.699	0.664	0.824	0.849	0.754	0.726	0.719	0.733	0.912	1.088	1.007	1.377	1.396	1.445	0.654	0.584	0.569	1.266	1.225	1.224	1.484	1.419	1.456	1.395	1.459	1.389	0.137	0.595	0.518	1.348	1.31	1.402	0.446	0.431	0.439	0.866	0.881	0.934	0.496	0.44	0.456	0.4	0.411	0.422	0.675	0.666	0.659	0.344	0.337	0.311	0.534	0.511	0.507	1.615	1.696	1.439	0.966	0.951	0.984	1.061	0.939	1.024	0.974	0.953	0.972	1.147	1.204	1.201	0.631	0.645	0.762	0.789	0.823	0.8	0.751	0.748	0.795	0.891	0.902	0.91	0.524	0.51	0.513	0.317	0.333	0.423	1.362	1.217	1.278	0.546	0.539	0.554	0.512	0.504	0.487	0.888	0.898	0.886	0.577	0.573	0.586	0.861	0.874	0.917	0.52	0.122	0.168	0.528	0.631	0.647	1.049	0.971	0.939	0.533	0.529	0.52	1.413	1.456	1.617	0.451	0.496	0.423	0.846	0.841	0.922	0.408	0.535	0.404	0.334	0.205	0.662	0.666	0.659	0.61	0.589	0.549	0.561	0.654	0.584	0.569	0.563	0.485	0.487	1.329	1.377	1.355	1.142	1.133	1.144	1.29	1.258	1.224	1.269	1.271	1.27	1.171	1.116	1.151	1.34	1.243	1.224	1.43	1.264	1.206	1.41	1.455	1.481	1.261	1.107	0.256	1.21	1.341	1.308	1.421	1.416	1.41	1.421	1.197	1.164	0.832	0.766	0.749	0.945	0.947	0.938	1.43	1.264	1.206	1.444	1.594	1.551
18.0	1.524	1.395	1.496	0.737	0.721	0.809	1.002	1.002	1.01	0.939	0.918	0.933	0.876	0.871	0.852	0.757	0.74	0.785	0.972	0.908	0.933	0.712	0.87	0.729	1.017	1.004	1.016	0.762	0.681	0.703	1.04	1.012	1.005	0.343	0.295	0.328	0.137	0.683	0.636	0.868	0.709	0.674	0.836	0.866	0.77	0.724	0.712	0.731	0.928	1.096	1.066	1.378	1.394	1.446	0.652	0.584	0.568	1.265	1.23	1.228	1.486	1.439	1.471	1.389	1.455	1.382	0.137	0.597	0.516	1.345	1.313	1.405	0.449	0.435	0.44	0.866	0.886	0.938	0.5	0.446	0.462	0.418	0.416	0.422	0.679	0.669	0.663	0.348	0.342	0.316	0.546	0.521	0.515	1.616	1.691	1.448	0.969	0.954	0.986	1.093	0.967	1.046	0.988	0.964	0.985	1.157	1.106	1.071	0.635	0.649	0.77	0.791	0.824	0.814	0.75	0.749	0.798	0.893	0.905	0.913	0.505	0.506	0.52	0.315	0.334	0.406	1.381	1.22	1.286	0.566	0.538	0.552	0.52	0.507	0.493	0.902	0.901	0.905	0.545	0.581	0.588	0.864	0.873	0.921	0.515	0.122	0.169	0.53	0.637	0.653	1.058	0.973	0.951	0.537	0.537	0.533	1.414	1.46	1.619	0.46	0.498	0.431	0.852	0.847	0.926	0.418	0.602	0.417	0.332	0.204	0.648	0.671	0.666	0.613	0.597	0.561	0.578	0.652	0.584	0.568	0.56	0.483	0.486	1.327	1.376	1.35	1.154	1.145	1.157	1.302	1.272	1.235	1.271	1.273	1.27	1.178	1.119	1.154	1.349	1.244	1.226	1.438	1.255	1.212	1.411	1.458	1.481	1.262	1.106	0.254	1.216	1.343	1.304	1.426	1.421	1.413	1.426	1.204	1.175	0.828	0.765	0.748	0.945	0.951	0.939	1.438	1.255	1.212	1.445	1.589	1.552
18.17	1.526	1.39	1.5	0.745	0.738	0.823	1.015	1.02	1.019	0.955	0.934	0.944	0.89	0.888	0.858	0.773	0.751	0.794	0.986	0.921	0.949	0.726	0.889	0.735	1.027	1.018	1.027	0.77	0.693	0.72	1.048	1.022	1.014	0.362	0.308	0.335	0.141	0.689	0.644	0.887	0.717	0.687	0.845	0.888	0.794	0.718	0.704	0.728	0.957	1.101	1.073	1.38	1.392	1.447	0.653	0.585	0.567	1.267	1.23	1.23	1.478	1.457	1.477	1.391	1.454	1.384	0.136	0.599	0.513	1.339	1.312	1.403	0.452	0.438	0.443	0.867	0.89	0.939	0.505	0.453	0.462	0.413	0.423	0.401	0.682	0.675	0.668	0.353	0.347	0.321	0.55	0.527	0.521	1.616	1.688	1.458	0.977	0.962	0.996	1.13	0.988	1.069	0.996	0.977	0.992	1.137	1.019	0.988	0.637	0.653	0.78	0.8	0.83	0.833	0.757	0.751	0.804	0.895	0.908	0.916	0.507	0.515	0.522	0.325	0.357	0.413	1.397	1.229	1.289	0.573	0.55	0.544	0.519	0.522	0.511	0.891	0.894	0.888	0.558	0.585	0.588	0.867	0.874	0.923	0.512	0.123	0.169	0.533	0.644	0.657	1.069	0.974	0.945	0.541	0.529	0.535	1.415	1.459	1.624	0.465	0.505	0.44	0.856	0.854	0.927	0.436	0.564	0.429	0.33	0.203	0.635	0.673	0.67	0.618	0.605	0.573	0.589	0.653	0.585	0.567	0.558	0.482	0.483	1.332	1.372	1.342	1.165	1.158	1.169	1.31	1.284	1.241	1.268	1.275	1.27	1.184	1.122	1.157	1.356	1.245	1.228	1.448	1.249	1.219	1.415	1.46	1.483	1.267	1.11	0.252	1.218	1.346	1.31	1.432	1.427	1.415	1.432	1.211	1.184	0.824	0.762	0.747	0.944	0.954	0.94	1.448	1.249	1.219	1.453	1.581	1.549
18.33	1.528	1.393	1.503	0.751	0.757	0.837	1.026	1.032	1.027	0.972	0.942	0.963	0.903	0.896	0.877	0.789	0.764	0.803	1.002	0.932	0.953	0.738	0.903	0.744	1.038	1.03	1.039	0.781	0.704	0.738	1.058	1.037	1.024	0.384	0.326	0.354	0.146	0.698	0.65	0.904	0.73	0.7	0.854	0.907	0.816	0.707	0.696	0.72	0.984	1.103	1.088	1.382	1.386	1.447	0.655	0.584	0.567	1.268	1.231	1.231	1.468	1.48	1.478	1.385	1.451	1.387	0.136	0.601	0.511	1.334	1.313	1.4	0.455	0.44	0.446	0.869	0.891	0.94	0.514	0.456	0.471	0.415	0.419	0.449	0.686	0.678	0.672	0.358	0.355	0.325	0.562	0.534	0.532	1.616	1.684	1.461	0.985	0.968	1.003	1.177	1.014	1.088	0.998	0.985	1.003	1.102	1.03	1.006	0.641	0.657	0.788	0.807	0.835	0.85	0.76	0.754	0.811	0.897	0.91	0.919	0.516	0.531	0.515	0.327	0.367	0.421	1.412	1.234	1.294	0.581	0.555	0.553	0.545	0.523	0.5	0.9	0.898	0.891	0.58	0.586	0.594	0.868	0.877	0.925	0.512	0.124	0.17	0.535	0.648	0.665	1.083	0.97	0.943	0.545	0.537	0.543	1.409	1.462	1.622	0.498	0.534	0.457	0.862	0.86	0.931	0.466	0.588	0.444	0.33	0.202	0.624	0.675	0.674	0.624	0.61	0.587	0.594	0.655	0.584	0.567	0.557	0.482	0.481	1.33	1.374	1.34	1.176	1.169	1.178	1.318	1.294	1.246	1.27	1.277	1.268	1.19	1.124	1.159	1.365	1.25	1.23	1.451	1.248	1.226	1.419	1.462	1.486	1.268	1.114	0.249	1.216	1.348	1.316	1.438	1.429	1.417	1.437	1.217	1.191	0.818	0.76	0.747	0.947	0.955	0.942	1.451	1.248	1.226	1.47	1.572	1.55
18.5	1.531	1.396	1.502	0.759	0.782	0.86	1.041	1.045	1.039	0.985	0.957	0.982	0.921	0.906	0.885	0.802	0.77	0.814	1.016	0.951	0.969	0.751	0.917	0.752	1.046	1.044	1.054	0.796	0.717	0.751	1.067	1.048	1.037	0.395	0.343	0.363	0.153	0.706	0.657	0.924	0.745	0.717	0.862	0.928	0.836	0.695	0.692	0.714	1.011	1.105	1.092	1.385	1.384	1.447	0.657	0.584	0.568	1.262	1.233	1.233	1.459	1.49	1.476	1.379	1.45	1.393	0.136	0.604	0.51	1.329	1.312	1.4	0.458	0.443	0.447	0.87	0.89	0.943	0.516	0.455	0.467	0.435	0.434	0.415	0.692	0.682	0.675	0.364	0.348	0.331	0.563	0.547	0.534	1.617	1.682	1.47	0.988	0.971	1.006	1.109	1.044	1.105	1.01	0.995	1.009	1.076	1.037	1.024	0.645	0.661	0.797	0.811	0.841	0.862	0.762	0.753	0.814	0.9	0.914	0.923	0.52	0.523	0.533	0.336	0.394	0.421	1.427	1.24	1.296	0.567	0.553	0.555	0.548	0.527	0.515	0.898	0.898	0.897	0.588	0.585	0.615	0.871	0.877	0.928	0.512	0.125	0.17	0.538	0.653	0.671	1.094	0.972	0.939	0.559	0.542	0.546	1.41	1.458	1.621	0.544	0.52	0.49	0.868	0.865	0.934	0.487	0.579	0.458	0.329	0.201	0.612	0.678	0.676	0.627	0.619	0.596	0.606	0.657	0.584	0.568	0.554	0.48	0.479	1.326	1.375	1.337	1.184	1.18	1.188	1.325	1.3	1.249	1.269	1.28	1.266	1.195	1.125	1.161	1.371	1.256	1.231	1.452	1.246	1.221	1.423	1.464	1.488	1.27	1.118	0.244	1.215	1.347	1.314	1.446	1.432	1.42	1.443	1.221	1.196	0.812	0.758	0.747	0.949	0.956	0.944	1.452	1.246	1.221	1.498	1.565	1.55
18.67	1.528	1.396	1.501	0.773	0.812	0.866	1.05	1.056	1.051	1.0	0.964	1.0	0.931	0.916	0.902	0.813	0.78	0.823	1.026	0.962	0.986	0.763	0.931	0.763	1.063	1.055	1.061	0.807	0.735	0.766	1.076	1.06	1.055	0.408	0.356	0.372	0.162	0.711	0.664	0.933	0.76	0.736	0.874	0.944	0.86	0.682	0.686	0.707	1.03	1.107	1.072	1.385	1.383	1.448	0.658	0.584	0.566	1.258	1.233	1.231	1.451	1.482	1.473	1.373	1.45	1.398	0.135	0.607	0.508	1.329	1.313	1.404	0.464	0.446	0.45	0.872	0.898	0.944	0.52	0.454	0.478	0.431	0.427	0.436	0.696	0.685	0.679	0.367	0.359	0.333	0.567	0.55	0.54	1.618	1.681	1.476	0.994	0.978	1.011	1.032	1.068	1.122	1.019	1.005	1.016	1.046	1.04	1.035	0.649	0.666	0.805	0.819	0.85	0.875	0.769	0.756	0.818	0.902	0.915	0.924	0.534	0.53	0.537	0.342	0.394	0.427	1.436	1.248	1.301	0.57	0.556	0.568	0.545	0.551	0.514	0.909	0.902	0.899	0.582	0.594	0.604	0.872	0.879	0.931	0.512	0.126	0.171	0.541	0.659	0.674	1.106	0.972	0.952	0.559	0.556	0.547	1.411	1.455	1.625	0.543	0.532	0.508	0.875	0.869	0.937	0.524	0.576	0.471	0.328	0.201	0.601	0.681	0.677	0.632	0.624	0.61	0.619	0.658	0.584	0.566	0.55	0.48	0.478	1.321	1.377	1.333	1.193	1.19	1.196	1.333	1.307	1.248	1.268	1.283	1.268	1.201	1.125	1.163	1.377	1.258	1.232	1.454	1.248	1.21	1.429	1.467	1.492	1.27	1.117	0.242	1.216	1.345	1.313	1.452	1.435	1.422	1.446	1.227	1.2	0.807	0.757	0.746	0.951	0.957	0.946	1.454	1.248	1.21	1.523	1.557	1.551
18.83	1.524	1.391	1.501	0.79	0.836	0.883	1.061	1.065	1.065	1.014	0.977	1.018	0.943	0.924	0.909	0.822	0.792	0.831	1.032	0.981	0.991	0.776	0.944	0.775	1.081	1.069	1.069	0.822	0.748	0.781	1.084	1.074	1.069	0.417	0.369	0.378	0.172	0.718	0.672	0.944	0.778	0.763	0.881	0.962	0.887	0.671	0.678	0.7	1.045	1.111	1.073	1.385	1.38	1.449	0.655	0.585	0.568	1.257	1.234	1.231	1.443	1.478	1.472	1.369	1.447	1.398	0.136	0.61	0.505	1.326	1.309	1.403	0.469	0.45	0.452	0.871	0.901	0.948	0.528	0.461	0.494	0.426	0.436	0.422	0.696	0.689	0.683	0.372	0.362	0.339	0.579	0.559	0.545	1.62	1.679	1.488	1.0	0.984	1.02	1.023	1.083	1.137	1.024	1.013	1.024	1.044	1.045	1.037	0.652	0.673	0.814	0.825	0.859	0.887	0.769	0.76	0.823	0.904	0.918	0.925	0.545	0.544	0.547	0.354	0.408	0.436	1.449	1.257	1.305	0.574	0.567	0.566	0.552	0.533	0.517	0.899	0.902	0.899	0.577	0.597	0.608	0.875	0.881	0.933	0.51	0.126	0.172	0.544	0.665	0.678	1.108	0.974	0.949	0.575	0.55	0.562	1.409	1.452	1.618	0.536	0.538	0.512	0.884	0.876	0.943	0.586	0.587	0.483	0.327	0.2	0.59	0.685	0.679	0.636	0.629	0.62	0.632	0.655	0.585	0.568	0.547	0.48	0.476	1.317	1.376	1.331	1.201	1.2	1.206	1.349	1.316	1.247	1.265	1.284	1.269	1.206	1.126	1.165	1.38	1.262	1.236	1.455	1.255	1.214	1.436	1.47	1.496	1.275	1.12	0.238	1.22	1.343	1.317	1.458	1.439	1.422	1.452	1.233	1.204	0.802	0.755	0.745	0.954	0.958	0.948	1.455	1.255	1.214	1.543	1.548	1.559
19.0	1.519	1.385	1.508	0.806	0.864	0.896	1.068	1.071	1.077	1.021	0.993	1.035	0.953	0.935	0.92	0.833	0.801	0.843	1.039	0.991	1.0	0.791	0.958	0.791	1.096	1.082	1.083	0.836	0.759	0.794	1.091	1.088	1.081	0.438	0.38	0.391	0.182	0.727	0.68	0.958	0.8	0.793	0.892	0.978	0.92	0.662	0.669	0.694	1.129	1.117	1.081	1.38	1.377	1.449	0.647	0.587	0.569	1.252	1.236	1.227	1.436	1.469	1.466	1.363	1.445	1.396	0.135	0.613	0.503	1.325	1.302	1.401	0.473	0.454	0.455	0.873	0.903	0.951	0.533	0.467	0.482	0.427	0.439	0.437	0.694	0.692	0.687	0.378	0.37	0.354	0.576	0.56	0.549	1.62	1.674	1.492	1.007	0.993	1.024	1.028	1.093	1.151	1.031	1.019	1.032	1.036	1.046	1.038	0.656	0.677	0.822	0.831	0.863	0.902	0.769	0.761	0.827	0.906	0.922	0.927	0.543	0.553	0.549	0.359	0.415	0.443	1.457	1.266	1.307	0.577	0.562	0.579	0.532	0.535	0.539	0.907	0.899	0.899	0.561	0.593	0.593	0.875	0.882	0.938	0.507	0.128	0.172	0.546	0.669	0.679	1.112	0.973	0.956	0.578	0.555	0.565	1.413	1.45	1.614	0.539	0.552	0.522	0.896	0.884	0.94	0.55	0.59	0.492	0.326	0.2	0.582	0.687	0.686	0.644	0.635	0.628	0.642	0.647	0.587	0.569	0.542	0.478	0.474	1.312	1.375	1.324	1.208	1.21	1.216	1.369	1.327	1.246	1.265	1.285	1.27	1.213	1.126	1.166	1.382	1.266	1.239	1.458	1.255	1.222	1.441	1.472	1.5	1.282	1.123	0.24	1.224	1.339	1.318	1.464	1.443	1.425	1.456	1.239	1.208	0.797	0.753	0.744	0.957	0.958	0.95	1.458	1.255	1.222	1.548	1.537	1.564
19.17	1.512	1.382	1.512	0.825	0.899	0.908	1.078	1.09	1.092	1.031	0.998	1.042	0.967	0.948	0.921	0.838	0.807	0.856	1.049	1.002	1.01	0.805	0.971	0.811	1.111	1.091	1.097	0.842	0.768	0.801	1.101	1.099	1.101	0.447	0.388	0.397	0.193	0.734	0.687	0.971	0.826	0.817	0.9	0.975	0.953	0.656	0.665	0.688	1.153	1.127	1.089	1.374	1.374	1.449	0.646	0.587	0.564	1.253	1.237	1.226	1.43	1.458	1.454	1.354	1.444	1.392	0.135	0.617	0.502	1.325	1.299	1.399	0.478	0.458	0.457	0.875	0.9	0.953	0.536	0.484	0.493	0.439	0.461	0.431	0.696	0.695	0.69	0.382	0.364	0.367	0.586	0.569	0.557	1.623	1.669	1.504	1.018	1.003	1.033	1.036	1.101	1.166	1.047	1.032	1.039	1.039	1.047	1.041	0.662	0.682	0.829	0.842	0.871	0.922	0.771	0.762	0.827	0.906	0.921	0.927	0.55	0.558	0.544	0.369	0.427	0.44	1.465	1.268	1.312	0.581	0.57	0.582	0.542	0.538	0.547	0.91	0.905	0.905	0.573	0.611	0.6	0.877	0.882	0.939	0.501	0.13	0.173	0.549	0.674	0.683	1.114	0.972	0.951	0.585	0.569	0.575	1.407	1.446	1.602	0.538	0.546	0.52	0.905	0.892	0.941	0.556	0.589	0.502	0.325	0.199	0.574	0.693	0.695	0.652	0.64	0.636	0.647	0.646	0.587	0.564	0.539	0.479	0.474	1.316	1.38	1.324	1.216	1.22	1.225	1.388	1.344	1.246	1.263	1.285	1.271	1.217	1.127	1.166	1.382	1.271	1.243	1.457	1.261	1.228	1.445	1.472	1.503	1.289	1.124	0.239	1.229	1.334	1.321	1.47	1.448	1.428	1.459	1.248	1.214	0.793	0.752	0.743	0.959	0.957	0.951	1.457	1.261	1.228	1.538	1.523	1.575
19.33	1.513	1.383	1.515	0.84	0.93	0.919	1.088	1.1	1.102	1.042	1.014	1.057	0.978	0.956	0.926	0.847	0.823	0.864	1.058	1.016	1.021	0.824	0.987	0.825	1.125	1.107	1.104	0.848	0.778	0.81	1.113	1.111	1.115	0.458	0.397	0.404	0.205	0.74	0.693	0.993	0.851	0.844	0.911	0.948	0.981	0.649	0.66	0.681	1.177	1.139	1.104	1.37	1.371	1.451	0.643	0.586	0.559	1.252	1.236	1.228	1.429	1.444	1.445	1.349	1.442	1.39	0.135	0.62	0.499	1.33	1.298	1.399	0.482	0.463	0.462	0.878	0.911	0.957	0.542	0.468	0.501	0.442	0.453	0.457	0.7	0.697	0.692	0.388	0.366	0.369	0.585	0.57	0.558	1.626	1.669	1.512	1.022	1.012	1.039	1.038	1.105	1.176	1.057	1.04	1.05	1.039	1.049	1.041	0.667	0.688	0.837	0.845	0.876	0.932	0.773	0.762	0.834	0.914	0.928	0.933	0.558	0.561	0.567	0.378	0.43	0.454	1.474	1.268	1.316	0.586	0.587	0.6	0.571	0.544	0.548	0.918	0.917	0.91	0.578	0.615	0.605	0.878	0.884	0.944	0.514	0.131	0.173	0.552	0.681	0.687	1.118	0.972	0.952	0.586	0.574	0.577	1.408	1.444	1.592	0.55	0.547	0.523	0.913	0.9	0.943	0.549	0.59	0.514	0.324	0.197	0.564	0.697	0.7	0.658	0.649	0.643	0.657	0.643	0.586	0.559	0.535	0.479	0.472	1.315	1.375	1.322	1.223	1.227	1.235	1.399	1.358	1.246	1.262	1.284	1.272	1.223	1.128	1.166	1.384	1.272	1.248	1.46	1.274	1.232	1.452	1.474	1.506	1.283	1.118	0.239	1.23	1.331	1.316	1.474	1.452	1.427	1.462	1.256	1.22	0.79	0.75	0.743	0.963	0.958	0.955	1.46	1.274	1.232	1.528	1.518	1.568
19.5	1.514	1.387	1.516	0.856	0.955	0.93	1.103	1.111	1.114	1.052	1.024	1.067	0.986	0.958	0.931	0.855	0.837	0.872	1.068	1.027	1.032	0.843	1.016	0.841	1.139	1.121	1.113	0.86	0.789	0.822	1.129	1.123	1.131	0.464	0.407	0.411	0.218	0.745	0.701	1.01	0.875	0.871	0.916	0.946	1.008	0.644	0.656	0.675	1.186	1.154	1.113	1.365	1.372	1.453	0.642	0.583	0.553	1.25	1.236	1.23	1.43	1.431	1.439	1.342	1.441	1.389	0.134	0.623	0.497	1.329	1.299	1.397	0.487	0.467	0.465	0.883	0.911	0.96	0.547	0.47	0.506	0.449	0.476	0.442	0.704	0.701	0.692	0.394	0.379	0.351	0.587	0.579	0.563	1.629	1.669	1.518	1.029	1.016	1.039	1.039	1.11	1.163	1.06	1.055	1.059	1.041	1.05	1.043	0.672	0.696	0.846	0.849	0.885	0.939	0.776	0.764	0.836	0.915	0.93	0.934	0.563	0.569	0.564	0.379	0.449	0.447	1.485	1.268	1.319	0.595	0.581	0.626	0.555	0.549	0.555	0.908	0.921	0.908	0.585	0.626	0.607	0.88	0.884	0.946	0.613	0.132	0.174	0.554	0.685	0.689	1.121	0.973	0.952	0.591	0.579	0.578	1.41	1.446	1.581	0.563	0.554	0.534	0.92	0.908	0.947	0.542	0.592	0.522	0.323	0.197	0.557	0.703	0.706	0.665	0.658	0.652	0.664	0.642	0.583	0.553	0.532	0.479	0.473	1.315	1.375	1.32	1.232	1.234	1.245	1.403	1.375	1.244	1.262	1.29	1.273	1.231	1.129	1.168	1.384	1.272	1.251	1.462	1.275	1.239	1.458	1.475	1.51	1.278	1.121	0.238	1.227	1.327	1.319	1.478	1.456	1.428	1.463	1.262	1.223	0.786	0.748	0.742	0.966	0.958	0.959	1.462	1.275	1.239	1.527	1.518	1.568
19.67	1.515	1.39	1.522	0.875	0.976	0.938	1.115	1.121	1.122	1.065	1.037	1.073	0.994	0.969	0.936	0.867	0.852	0.885	1.079	1.042	1.048	0.862	1.039	0.857	1.151	1.133	1.121	0.874	0.809	0.831	1.143	1.135	1.142	0.469	0.415	0.424	0.229	0.752	0.708	1.028	0.902	0.898	0.925	0.969	1.03	0.638	0.65	0.67	1.203	1.175	1.127	1.363	1.373	1.455	0.645	0.583	0.548	1.248	1.234	1.229	1.43	1.416	1.435	1.338	1.439	1.394	0.134	0.628	0.495	1.328	1.301	1.396	0.492	0.469	0.468	0.884	0.907	0.956	0.557	0.478	0.523	0.457	0.462	0.451	0.71	0.705	0.696	0.398	0.388	0.372	0.594	0.581	0.566	1.633	1.667	1.53	1.039	1.019	1.047	1.041	1.104	1.149	1.068	1.069	1.067	1.04	1.05	1.043	0.677	0.704	0.855	0.857	0.9	0.951	0.777	0.768	0.839	0.913	0.93	0.933	0.564	0.57	0.561	0.385	0.448	0.454	1.499	1.265	1.328	0.603	0.592	0.594	0.551	0.583	0.538	0.915	0.902	0.912	0.583	0.625	0.628	0.88	0.886	0.949	0.619	0.135	0.175	0.557	0.69	0.692	1.122	0.973	0.951	0.598	0.586	0.581	1.409	1.442	1.569	0.602	0.565	0.544	0.928	0.915	0.952	0.546	0.595	0.532	0.323	0.196	0.549	0.709	0.712	0.672	0.666	0.66	0.672	0.645	0.583	0.548	0.53	0.479	0.474	1.315	1.375	1.317	1.24	1.241	1.255	1.406	1.386	1.242	1.261	1.291	1.274	1.238	1.13	1.17	1.385	1.274	1.254	1.465	1.28	1.246	1.46	1.479	1.514	1.277	1.126	0.237	1.226	1.325	1.321	1.484	1.459	1.429	1.465	1.268	1.226	0.782	0.747	0.741	0.968	0.96	0.964	1.465	1.28	1.246	1.518	1.515	1.58
19.83	1.516	1.389	1.526	0.892	0.99	0.944	1.127	1.131	1.133	1.078	1.054	1.084	1.003	0.981	0.944	0.881	0.866	0.898	1.095	1.055	1.059	0.879	1.059	0.875	1.161	1.145	1.129	0.891	0.822	0.842	1.154	1.15	1.151	0.473	0.423	0.434	0.241	0.759	0.715	1.047	0.924	0.918	0.929	1.001	1.044	0.633	0.645	0.663	1.222	1.2	1.138	1.361	1.374	1.455	0.653	0.582	0.545	1.25	1.233	1.229	1.428	1.406	1.433	1.331	1.436	1.4	0.134	0.632	0.491	1.331	1.298	1.393	0.498	0.472	0.472	0.883	0.916	0.96	0.56	0.474	0.511	0.457	0.481	0.455	0.716	0.711	0.698	0.403	0.386	0.366	0.6	0.579	0.567	1.638	1.667	1.543	1.044	1.025	1.052	1.043	1.087	1.09	1.077	1.085	1.077	1.041	1.049	1.044	0.682	0.712	0.862	0.865	0.911	0.962	0.778	0.768	0.843	0.919	0.937	0.938	0.567	0.572	0.58	0.396	0.455	0.461	1.51	1.262	1.328	0.606	0.588	0.604	0.577	0.557	0.547	0.922	0.907	0.904	0.584	0.626	0.626	0.882	0.887	0.952	0.487	0.138	0.175	0.559	0.694	0.699	1.124	0.977	0.951	0.603	0.589	0.587	1.411	1.439	1.562	0.609	0.582	0.55	0.937	0.921	0.957	0.54	0.598	0.539	0.321	0.194	0.542	0.717	0.716	0.68	0.673	0.667	0.681	0.653	0.582	0.545	0.529	0.479	0.476	1.319	1.373	1.325	1.25	1.25	1.266	1.405	1.399	1.241	1.262	1.292	1.274	1.244	1.132	1.171	1.386	1.273	1.254	1.469	1.283	1.254	1.464	1.484	1.517	1.275	1.136	0.236	1.226	1.321	1.327	1.49	1.462	1.431	1.467	1.274	1.231	0.778	0.745	0.741	0.969	0.963	0.966	1.469	1.283	1.254	1.513	1.495	1.591
20.0	1.514	1.394	1.527	0.906	1.02	0.954	1.137	1.144	1.148	1.089	1.069	1.094	1.014	0.987	0.951	0.895	0.881	0.912	1.11	1.064	1.073	0.896	1.079	0.888	1.17	1.159	1.139	0.897	0.83	0.851	1.165	1.166	1.165	0.482	0.426	0.441	0.252	0.766	0.723	1.067	0.948	0.933	0.935	1.03	1.058	0.628	0.64	0.658	1.246	1.231	1.147	1.362	1.372	1.453	0.646	0.582	0.544	1.248	1.23	1.23	1.424	1.395	1.425	1.326	1.435	1.402	0.134	0.635	0.489	1.328	1.292	1.397	0.504	0.474	0.474	0.887	0.919	0.964	0.563	0.48	0.515	0.463	0.475	0.476	0.723	0.716	0.709	0.407	0.388	0.372	0.603	0.584	0.573	1.643	1.667	1.555	1.049	1.033	1.061	1.043	1.078	1.09	1.088	1.099	1.082	1.042	1.047	1.044	0.688	0.72	0.869	0.871	0.925	0.978	0.78	0.769	0.843	0.921	0.94	0.94	0.576	0.575	0.576	0.402	0.466	0.465	1.521	1.263	1.332	0.608	0.599	0.598	0.56	0.582	0.552	0.913	0.91	0.903	0.584	0.639	0.633	0.883	0.887	0.954	0.427	0.139	0.176	0.562	0.699	0.705	1.125	0.987	0.951	0.608	0.591	0.592	1.412	1.432	1.548	0.558	0.591	0.554	0.945	0.928	0.963	0.541	0.606	0.543	0.319	0.193	0.536	0.728	0.73	0.718	0.681	0.673	0.686	0.646	0.582	0.544	0.526	0.478	0.477	1.318	1.379	1.322	1.259	1.255	1.276	1.401	1.408	1.238	1.262	1.292	1.275	1.25	1.133	1.174	1.386	1.274	1.255	1.473	1.288	1.258	1.47	1.489	1.521	1.276	1.139	0.236	1.226	1.318	1.334	1.493	1.466	1.433	1.468	1.282	1.239	0.775	0.743	0.74	0.97	0.964	0.971	1.473	1.288	1.258	1.506	1.463	1.571
20.17	1.512	1.401	1.529	0.925	1.046	0.962	1.146	1.157	1.165	1.101	1.083	1.107	1.025	0.998	0.955	0.906	0.898	0.925	1.125	1.077	1.095	0.911	1.097	0.902	1.182	1.17	1.15	0.91	0.845	0.861	1.179	1.18	1.175	0.485	0.431	0.444	0.264	0.774	0.731	1.089	0.969	0.945	0.944	1.053	1.075	0.623	0.636	0.653	1.274	1.258	1.153	1.367	1.371	1.451	0.643	0.583	0.543	1.25	1.228	1.231	1.421	1.386	1.42	1.322	1.431	1.405	0.134	0.64	0.486	1.331	1.292	1.395	0.51	0.477	0.476	0.887	0.921	0.965	0.572	0.484	0.516	0.473	0.486	0.467	0.731	0.722	0.721	0.411	0.392	0.371	0.603	0.587	0.577	1.648	1.666	1.56	1.058	1.042	1.073	1.051	1.073	1.091	1.096	1.111	1.088	1.041	1.046	1.045	0.697	0.728	0.877	0.876	0.936	0.991	0.782	0.773	0.848	0.924	0.942	0.941	0.586	0.587	0.568	0.41	0.471	0.469	1.529	1.264	1.338	0.612	0.596	0.601	0.562	0.592	0.571	0.913	0.913	0.902	0.591	0.629	0.642	0.884	0.888	0.958	0.391	0.141	0.178	0.565	0.706	0.709	1.124	0.999	0.953	0.609	0.595	0.595	1.41	1.428	1.533	0.557	0.603	0.56	0.953	0.935	0.968	0.541	0.614	0.556	0.316	0.192	0.532	0.736	0.74	0.724	0.684	0.68	0.697	0.643	0.583	0.543	0.523	0.476	0.479	1.321	1.38	1.325	1.269	1.26	1.287	1.397	1.424	1.236	1.265	1.29	1.276	1.255	1.135	1.177	1.385	1.274	1.256	1.476	1.294	1.263	1.477	1.49	1.525	1.275	1.137	0.237	1.23	1.317	1.338	1.497	1.469	1.433	1.467	1.288	1.246	0.772	0.741	0.739	0.972	0.967	0.976	1.476	1.294	1.263	1.499	1.441	1.539
20.33	1.507	1.405	1.529	0.946	1.065	0.968	1.158	1.17	1.185	1.117	1.092	1.121	1.036	1.006	0.96	0.922	0.915	0.937	1.143	1.09	1.116	0.924	1.111	0.919	1.193	1.178	1.159	0.922	0.859	0.871	1.193	1.195	1.188	0.494	0.441	0.471	0.276	0.783	0.741	1.108	0.985	0.955	0.951	1.065	1.088	0.616	0.632	0.646	1.28	1.283	1.14	1.367	1.371	1.449	0.642	0.582	0.542	1.251	1.228	1.234	1.419	1.375	1.412	1.317	1.428	1.403	0.133	0.644	0.483	1.331	1.293	1.393	0.518	0.481	0.48	0.881	0.919	0.969	0.569	0.491	0.521	0.482	0.482	0.489	0.738	0.726	0.724	0.416	0.396	0.373	0.608	0.585	0.579	1.656	1.669	1.565	1.063	1.048	1.079	1.046	1.07	1.089	1.103	1.124	1.097	1.042	1.044	1.044	0.704	0.736	0.885	0.883	0.95	1.001	0.783	0.777	0.85	0.928	0.946	0.943	0.575	0.584	0.579	0.419	0.474	0.472	1.541	1.266	1.346	0.611	0.592	0.604	0.567	0.565	0.571	0.918	0.916	0.905	0.591	0.628	0.638	0.884	0.889	0.961	0.37	0.143	0.179	0.567	0.714	0.715	1.122	1.011	0.96	0.617	0.599	0.595	1.409	1.424	1.521	0.563	0.608	0.567	0.962	0.944	0.975	0.546	0.618	0.557	0.313	0.191	0.527	0.743	0.741	0.733	0.688	0.688	0.703	0.642	0.582	0.542	0.52	0.475	0.482	1.322	1.381	1.331	1.282	1.266	1.296	1.398	1.438	1.233	1.266	1.291	1.276	1.26	1.137	1.18	1.383	1.273	1.255	1.479	1.299	1.27	1.483	1.496	1.529	1.276	1.142	0.237	1.236	1.314	1.339	1.503	1.471	1.435	1.468	1.297	1.251	0.768	0.739	0.738	0.974	0.969	0.981	1.479	1.299	1.27	1.488	1.44	1.506
20.5	1.502	1.422	1.528	0.966	1.077	0.978	1.172	1.182	1.201	1.139	1.101	1.137	1.046	1.014	0.964	0.932	0.936	0.95	1.151	1.112	1.13	0.937	1.129	0.933	1.203	1.179	1.164	0.937	0.878	0.882	1.208	1.206	1.194	0.495	0.442	0.471	0.288	0.787	0.751	1.133	1.002	0.96	0.957	1.075	1.098	0.61	0.629	0.64	1.289	1.305	1.135	1.366	1.368	1.448	0.643	0.58	0.542	1.251	1.228	1.232	1.419	1.366	1.4	1.311	1.427	1.403	0.133	0.648	0.48	1.329	1.292	1.392	0.525	0.486	0.482	0.888	0.917	0.968	0.579	0.495	0.523	0.482	0.491	0.478	0.748	0.732	0.735	0.42	0.399	0.381	0.609	0.588	0.582	1.665	1.67	1.575	1.066	1.05	1.086	1.044	1.072	1.09	1.113	1.138	1.105	1.041	1.042	1.044	0.712	0.743	0.893	0.891	0.967	1.013	0.784	0.78	0.85	0.931	0.951	0.947	0.581	0.6	0.58	0.427	0.477	0.475	1.55	1.269	1.347	0.613	0.593	0.607	0.577	0.571	0.566	0.925	0.914	0.908	0.599	0.651	0.654	0.892	0.895	0.962	0.348	0.146	0.18	0.568	0.723	0.718	1.118	1.021	0.964	0.612	0.603	0.599	1.406	1.423	1.508	0.577	0.622	0.575	0.969	0.954	0.983	0.554	0.625	0.577	0.311	0.19	0.524	0.748	0.743	0.743	0.696	0.695	0.71	0.643	0.58	0.542	0.515	0.475	0.485	1.324	1.377	1.334	1.293	1.274	1.304	1.399	1.448	1.232	1.268	1.293	1.277	1.264	1.138	1.183	1.38	1.274	1.256	1.478	1.308	1.276	1.488	1.5	1.532	1.28	1.154	0.238	1.241	1.312	1.341	1.507	1.473	1.436	1.468	1.303	1.254	0.765	0.738	0.737	0.977	0.971	0.986	1.478	1.308	1.276	1.478	1.42	1.46
20.67	1.499	1.468	1.524	0.984	1.091	0.986	1.18	1.192	1.215	1.164	1.117	1.153	1.059	1.026	0.971	0.949	0.953	0.962	1.169	1.135	1.149	0.945	1.144	0.947	1.214	1.184	1.171	0.953	0.893	0.891	1.22	1.21	1.206	0.499	0.447	0.477	0.301	0.791	0.761	1.165	1.018	0.965	0.967	1.088	1.103	0.606	0.627	0.636	1.285	1.32	1.129	1.364	1.367	1.448	0.635	0.579	0.54	1.252	1.229	1.231	1.417	1.36	1.39	1.306	1.423	1.406	0.133	0.653	0.476	1.332	1.291	1.387	0.533	0.491	0.484	0.887	0.908	0.973	0.585	0.496	0.532	0.487	0.492	0.488	0.759	0.74	0.745	0.423	0.403	0.381	0.608	0.595	0.581	1.672	1.673	1.586	1.067	1.059	1.093	1.042	1.073	1.085	1.123	1.152	1.114	1.041	1.042	1.043	0.72	0.75	0.901	0.9	0.986	1.038	0.786	0.788	0.858	0.935	0.954	0.95	0.594	0.586	0.59	0.432	0.487	0.478	1.557	1.27	1.354	0.613	0.597	0.612	0.575	0.592	0.566	0.925	0.919	0.911	0.615	0.644	0.654	0.887	0.894	0.97	0.329	0.15	0.18	0.57	0.726	0.724	1.115	1.025	0.975	0.625	0.602	0.605	1.404	1.42	1.501	0.576	0.633	0.588	0.977	0.963	0.99	0.564	0.633	0.579	0.308	0.188	0.521	0.752	0.745	0.739	0.701	0.704	0.72	0.635	0.579	0.54	0.507	0.477	0.489	1.323	1.379	1.337	1.305	1.284	1.313	1.404	1.452	1.23	1.269	1.295	1.276	1.268	1.139	1.185	1.377	1.273	1.256	1.479	1.318	1.283	1.496	1.503	1.536	1.286	1.151	0.238	1.249	1.31	1.336	1.512	1.474	1.436	1.468	1.309	1.259	0.764	0.736	0.737	0.979	0.975	0.99	1.479	1.318	1.283	1.477	1.41	1.427
20.83	1.497	1.483	1.522	1.004	1.107	0.997	1.192	1.205	1.216	1.186	1.127	1.171	1.081	1.035	0.98	0.961	0.967	0.979	1.19	1.163	1.167	0.954	1.165	0.964	1.215	1.19	1.176	0.964	0.908	0.901	1.225	1.213	1.219	0.51	0.459	0.484	0.315	0.794	0.768	1.197	1.043	0.972	0.973	1.098	1.104	0.602	0.623	0.632	1.298	1.297	1.133	1.365	1.37	1.448	0.636	0.58	0.538	1.253	1.227	1.229	1.418	1.359	1.388	1.302	1.425	1.41	0.133	0.657	0.473	1.337	1.292	1.38	0.54	0.496	0.486	0.888	0.913	0.977	0.587	0.502	0.531	0.489	0.501	0.488	0.769	0.748	0.753	0.427	0.404	0.389	0.613	0.597	0.585	1.677	1.672	1.601	1.071	1.067	1.104	1.041	1.075	1.081	1.131	1.169	1.124	1.047	1.04	1.042	0.729	0.756	0.908	0.908	1.001	1.054	0.788	0.796	0.86	0.939	0.958	0.955	0.592	0.605	0.589	0.439	0.494	0.48	1.567	1.276	1.363	0.614	0.591	0.616	0.595	0.611	0.569	0.927	0.918	0.916	0.612	0.64	0.661	0.889	0.895	0.973	0.318	0.153	0.181	0.573	0.732	0.728	1.11	1.023	0.976	0.623	0.608	0.607	1.409	1.418	1.496	0.58	0.639	0.602	0.979	0.972	0.996	0.576	0.642	0.578	0.307	0.187	0.518	0.761	0.751	0.735	0.705	0.712	0.73	0.636	0.58	0.538	0.499	0.48	0.492	1.324	1.379	1.34	1.317	1.291	1.321	1.408	1.46	1.226	1.27	1.295	1.277	1.272	1.141	1.189	1.375	1.274	1.255	1.476	1.326	1.29	1.502	1.505	1.538	1.293	1.157	0.241	1.256	1.31	1.337	1.515	1.475	1.437	1.467	1.311	1.261	0.762	0.735	0.737	0.983	0.979	0.994	1.476	1.326	1.29	1.474	1.397	1.397
21.0	1.498	1.487	1.52	1.026	1.12	1.006	1.201	1.214	1.209	1.198	1.136	1.189	1.103	1.044	0.987	0.974	0.981	0.996	1.202	1.199	1.202	0.963	1.181	0.979	1.227	1.196	1.185	0.98	0.926	0.912	1.233	1.218	1.224	0.519	0.462	0.49	0.329	0.796	0.771	1.225	1.059	0.978	0.985	1.102	1.109	0.596	0.619	0.626	1.269	1.26	1.141	1.365	1.371	1.447	0.637	0.581	0.536	1.258	1.226	1.228	1.415	1.351	1.389	1.296	1.421	1.413	0.133	0.662	0.471	1.337	1.296	1.377	0.547	0.5	0.488	0.897	0.913	0.983	0.591	0.503	0.541	0.495	0.499	0.496	0.777	0.756	0.759	0.431	0.408	0.389	0.608	0.591	0.584	1.679	1.672	1.609	1.075	1.073	1.112	1.042	1.075	1.076	1.141	1.179	1.133	1.047	1.039	1.04	0.738	0.763	0.917	0.918	1.014	1.063	0.79	0.802	0.865	0.944	0.96	0.957	0.588	0.596	0.6	0.45	0.492	0.482	1.578	1.284	1.371	0.613	0.603	0.614	0.587	0.583	0.578	0.933	0.921	0.925	0.624	0.641	0.661	0.891	0.895	0.981	0.308	0.156	0.183	0.575	0.738	0.729	1.106	1.018	0.98	0.619	0.611	0.614	1.413	1.417	1.488	0.59	0.648	0.61	0.984	0.98	1.002	0.58	0.65	0.586	0.304	0.185	0.517	0.768	0.757	0.745	0.705	0.72	0.735	0.637	0.581	0.536	0.499	0.481	0.494	1.326	1.378	1.341	1.329	1.3	1.333	1.412	1.468	1.22	1.272	1.296	1.277	1.276	1.142	1.192	1.375	1.274	1.255	1.477	1.335	1.299	1.509	1.508	1.54	1.305	1.161	0.243	1.268	1.31	1.332	1.519	1.476	1.438	1.466	1.315	1.265	0.759	0.734	0.737	0.987	0.983	0.999	1.477	1.335	1.299	1.468	1.392	1.375
21.17	1.5	1.495	1.517	1.047	1.129	1.01	1.208	1.226	1.218	1.203	1.144	1.193	1.126	1.057	0.997	0.985	0.995	1.012	1.211	1.229	1.217	0.972	1.192	0.996	1.24	1.2	1.194	0.993	0.945	0.921	1.243	1.223	1.231	0.527	0.469	0.492	0.343	0.795	0.771	1.249	1.076	0.984	0.995	1.107	1.116	0.593	0.616	0.623	1.23	1.24	1.154	1.365	1.369	1.446	0.637	0.581	0.535	1.258	1.224	1.23	1.41	1.319	1.379	1.293	1.418	1.419	0.133	0.667	0.468	1.338	1.296	1.374	0.554	0.505	0.49	0.895	0.919	0.986	0.597	0.517	0.537	0.5	0.507	0.489	0.785	0.763	0.764	0.435	0.411	0.394	0.617	0.601	0.587	1.687	1.675	1.618	1.081	1.079	1.123	1.044	1.074	1.073	1.149	1.191	1.142	1.046	1.038	1.039	0.747	0.769	0.926	0.932	1.028	1.071	0.794	0.812	0.873	0.946	0.964	0.96	0.595	0.601	0.596	0.452	0.498	0.484	1.584	1.282	1.377	0.612	0.602	0.62	0.605	0.581	0.576	0.918	0.923	0.909	0.618	0.659	0.661	0.893	0.899	0.984	0.302	0.159	0.184	0.577	0.744	0.734	1.1	1.014	0.978	0.639	0.599	0.611	1.417	1.415	1.481	0.596	0.654	0.622	0.988	0.988	1.008	0.589	0.659	0.59	0.302	0.183	0.517	0.776	0.766	0.75	0.709	0.726	0.738	0.637	0.581	0.535	0.508	0.483	0.493	1.326	1.38	1.347	1.341	1.308	1.344	1.421	1.478	1.215	1.273	1.297	1.276	1.28	1.144	1.196	1.375	1.273	1.254	1.475	1.345	1.307	1.513	1.509	1.542	1.322	1.165	0.245	1.284	1.311	1.336	1.522	1.477	1.438	1.462	1.318	1.265	0.757	0.733	0.738	0.989	0.986	1.005	1.475	1.345	1.307	1.462	1.374	1.345
21.33	1.502	1.5	1.515	1.073	1.142	1.016	1.214	1.231	1.228	1.207	1.148	1.197	1.151	1.066	1.007	0.996	1.004	1.026	1.222	1.21	1.21	0.98	1.203	1.012	1.258	1.211	1.205	1.004	0.964	0.933	1.254	1.232	1.237	0.537	0.477	0.49	0.358	0.794	0.773	1.267	1.092	0.987	1.006	1.108	1.127	0.589	0.615	0.618	1.198	1.239	1.179	1.363	1.367	1.442	0.632	0.58	0.533	1.257	1.222	1.232	1.401	1.312	1.367	1.292	1.417	1.421	0.133	0.672	0.464	1.339	1.299	1.376	0.562	0.513	0.491	0.899	0.906	0.994	0.6	0.511	0.541	0.505	0.506	0.495	0.795	0.768	0.769	0.438	0.413	0.394	0.621	0.605	0.585	1.694	1.676	1.622	1.084	1.088	1.133	1.038	1.07	1.068	1.156	1.206	1.15	1.04	1.035	1.037	0.754	0.775	0.934	0.94	1.039	1.083	0.801	0.82	0.88	0.95	0.967	0.963	0.603	0.608	0.619	0.471	0.504	0.485	1.59	1.293	1.381	0.61	0.605	0.62	0.607	0.584	0.577	0.925	0.921	0.909	0.612	0.647	0.66	0.895	0.9	0.985	0.297	0.162	0.185	0.579	0.752	0.74	1.097	1.01	0.978	0.624	0.605	0.623	1.419	1.418	1.474	0.618	0.663	0.64	0.992	0.997	1.014	0.596	0.67	0.594	0.298	0.182	0.516	0.784	0.771	0.756	0.713	0.731	0.748	0.632	0.58	0.533	0.518	0.484	0.492	1.33	1.381	1.348	1.348	1.317	1.354	1.429	1.484	1.215	1.276	1.299	1.277	1.284	1.147	1.198	1.372	1.272	1.253	1.474	1.352	1.314	1.515	1.512	1.544	1.337	1.166	0.247	1.304	1.315	1.337	1.525	1.477	1.438	1.459	1.322	1.268	0.756	0.732	0.738	0.992	0.989	1.011	1.474	1.352	1.314	1.455	1.367	1.328
21.5	1.502	1.498	1.513	1.097	1.15	1.023	1.22	1.236	1.235	1.218	1.155	1.205	1.185	1.077	1.02	1.014	1.014	1.041	1.229	1.204	1.213	0.988	1.212	1.028	1.29	1.225	1.221	1.015	0.981	0.942	1.264	1.239	1.244	0.548	0.489	0.497	0.371	0.793	0.774	1.271	1.107	0.987	1.018	1.108	1.14	0.586	0.613	0.614	1.164	1.24	1.19	1.363	1.367	1.441	0.634	0.581	0.532	1.259	1.221	1.232	1.391	1.312	1.362	1.288	1.415	1.425	0.133	0.677	0.46	1.335	1.299	1.377	0.567	0.519	0.493	0.903	0.912	0.998	0.606	0.52	0.543	0.508	0.509	0.494	0.802	0.774	0.777	0.442	0.414	0.397	0.619	0.598	0.584	1.702	1.677	1.627	1.086	1.095	1.142	1.04	1.068	1.064	1.166	1.222	1.158	1.039	1.034	1.035	0.761	0.782	0.94	0.951	1.046	1.094	0.804	0.833	0.891	0.953	0.97	0.967	0.608	0.596	0.62	0.467	0.508	0.486	1.594	1.298	1.385	0.608	0.603	0.612	0.604	0.588	0.578	0.932	0.926	0.912	0.615	0.668	0.659	0.896	0.901	0.992	0.295	0.165	0.185	0.581	0.757	0.744	1.094	1.008	0.971	0.631	0.626	0.625	1.419	1.416	1.473	0.622	0.671	0.639	0.996	1.005	1.02	0.6	0.68	0.604	0.296	0.18	0.517	0.794	0.777	0.761	0.719	0.737	0.754	0.634	0.581	0.532	0.527	0.487	0.489	1.332	1.387	1.348	1.356	1.325	1.363	1.434	1.488	1.214	1.278	1.3	1.275	1.287	1.149	1.2	1.37	1.272	1.252	1.474	1.361	1.319	1.517	1.514	1.546	1.351	1.176	0.251	1.321	1.319	1.341	1.529	1.478	1.44	1.459	1.326	1.272	0.755	0.731	0.739	0.995	0.993	1.019	1.474	1.361	1.319	1.443	1.356	1.313
21.67	1.504	1.496	1.513	1.121	1.156	1.03	1.226	1.242	1.244	1.23	1.164	1.212	1.224	1.087	1.038	1.029	1.026	1.056	1.234	1.213	1.225	0.996	1.22	1.044	1.291	1.235	1.232	1.024	1.0	0.954	1.268	1.246	1.247	0.558	0.501	0.501	0.385	0.793	0.776	1.271	1.12	0.987	1.034	1.109	1.157	0.582	0.611	0.611	1.134	1.199	1.19	1.363	1.369	1.438	0.632	0.581	0.532	1.259	1.222	1.229	1.384	1.31	1.361	1.285	1.412	1.428	0.133	0.68	0.456	1.335	1.298	1.374	0.574	0.526	0.501	0.91	0.919	1.0	0.61	0.517	0.552	0.512	0.519	0.501	0.815	0.783	0.785	0.445	0.415	0.399	0.625	0.61	0.588	1.706	1.679	1.629	1.09	1.102	1.15	1.035	1.065	1.058	1.174	1.234	1.167	1.038	1.032	1.034	0.768	0.788	0.948	0.964	1.053	1.099	0.81	0.843	0.905	0.956	0.973	0.97	0.599	0.612	0.616	0.472	0.515	0.487	1.598	1.3	1.392	0.604	0.608	0.621	0.614	0.608	0.581	0.935	0.935	0.914	0.636	0.657	0.66	0.897	0.902	0.997	0.293	0.169	0.186	0.582	0.761	0.748	1.093	1.006	0.975	0.639	0.613	0.611	1.42	1.419	1.468	0.631	0.676	0.644	0.997	1.008	1.027	0.605	0.689	0.619	0.292	0.179	0.518	0.802	0.782	0.769	0.723	0.747	0.764	0.632	0.581	0.532	0.53	0.491	0.485	1.335	1.39	1.355	1.362	1.331	1.369	1.443	1.496	1.21	1.278	1.3	1.276	1.292	1.149	1.203	1.368	1.271	1.254	1.479	1.375	1.333	1.518	1.518	1.548	1.381	1.19	0.254	1.334	1.328	1.344	1.534	1.478	1.448	1.459	1.33	1.276	0.753	0.729	0.737	0.999	0.997	1.026	1.479	1.375	1.333	1.437	1.344	1.3
21.83	1.503	1.498	1.51	1.147	1.162	1.038	1.235	1.241	1.264	1.236	1.172	1.219	1.255	1.097	1.063	1.043	1.038	1.067	1.245	1.223	1.234	1.005	1.227	1.057	1.288	1.238	1.253	1.033	1.023	0.962	1.252	1.247	1.25	0.567	0.509	0.507	0.399	0.791	0.777	1.265	1.133	0.988	1.051	1.11	1.17	0.578	0.61	0.608	1.118	1.163	1.191	1.365	1.371	1.437	0.632	0.581	0.532	1.26	1.222	1.23	1.38	1.309	1.36	1.284	1.409	1.43	0.133	0.688	0.454	1.334	1.299	1.371	0.58	0.532	0.503	0.905	0.918	1.006	0.612	0.522	0.552	0.518	0.512	0.498	0.825	0.791	0.792	0.444	0.416	0.402	0.63	0.611	0.584	1.71	1.679	1.633	1.096	1.11	1.159	1.033	1.064	1.053	1.184	1.244	1.177	1.038	1.029	1.031	0.775	0.795	0.954	0.975	1.06	1.105	0.816	0.856	0.918	0.959	0.975	0.972	0.602	0.602	0.624	0.487	0.522	0.488	1.603	1.31	1.396	0.607	0.605	0.618	0.629	0.596	0.582	0.921	0.926	0.915	0.629	0.67	0.662	0.897	0.903	0.999	0.292	0.172	0.186	0.584	0.767	0.752	1.094	1.007	0.974	0.642	0.633	0.623	1.42	1.416	1.464	0.637	0.685	0.649	1.0	1.012	1.033	0.611	0.696	0.627	0.288	0.177	0.521	0.809	0.789	0.766	0.732	0.757	0.771	0.632	0.581	0.532	0.532	0.494	0.481	1.336	1.391	1.354	1.368	1.336	1.371	1.454	1.496	1.213	1.278	1.301	1.275	1.295	1.153	1.205	1.367	1.269	1.253	1.479	1.383	1.339	1.52	1.517	1.549	1.405	1.192	0.262	1.351	1.325	1.347	1.536	1.48	1.446	1.458	1.333	1.278	0.753	0.731	0.74	1.001	0.997	1.028	1.479	1.383	1.339	1.424	1.331	1.29
22.0	1.502	1.502	1.507	1.167	1.167	1.045	1.242	1.239	1.276	1.247	1.182	1.232	1.283	1.106	1.101	1.057	1.05	1.081	1.251	1.232	1.232	1.013	1.233	1.07	1.289	1.231	1.271	1.044	1.045	0.975	1.255	1.253	1.267	0.571	0.517	0.511	0.414	0.79	0.778	1.26	1.141	0.988	1.071	1.111	1.177	0.575	0.609	0.606	1.106	1.147	1.199	1.368	1.372	1.436	0.63	0.583	0.532	1.262	1.221	1.231	1.375	1.307	1.358	1.28	1.409	1.433	0.133	0.695	0.451	1.331	1.302	1.376	0.587	0.539	0.504	0.903	0.92	1.009	0.615	0.524	0.552	0.516	0.522	0.505	0.843	0.81	0.802	0.45	0.416	0.404	0.623	0.604	0.59	1.712	1.68	1.636	1.102	1.115	1.172	1.03	1.065	1.048	1.192	1.251	1.185	1.039	1.028	1.029	0.782	0.801	0.959	0.985	1.063	1.109	0.822	0.875	0.929	0.962	0.978	0.975	0.613	0.63	0.625	0.487	0.526	0.489	1.611	1.311	1.403	0.607	0.618	0.623	0.597	0.612	0.583	0.924	0.918	0.915	0.629	0.659	0.659	0.898	0.906	1.004	0.291	0.175	0.187	0.586	0.771	0.756	1.096	1.007	0.975	0.639	0.633	0.626	1.419	1.414	1.461	0.644	0.694	0.659	1.003	1.018	1.039	0.616	0.699	0.636	0.284	0.175	0.523	0.818	0.796	0.764	0.739	0.767	0.77	0.63	0.583	0.532	0.533	0.496	0.478	1.339	1.394	1.357	1.373	1.341	1.372	1.461	1.502	1.211	1.278	1.302	1.275	1.3	1.153	1.206	1.365	1.268	1.251	1.476	1.389	1.341	1.523	1.521	1.547	1.425	1.199	0.266	1.36	1.333	1.348	1.539	1.479	1.444	1.454	1.336	1.282	0.753	0.731	0.741	1.003	0.999	1.032	1.476	1.389	1.341	1.413	1.32	1.281
22.17	1.502	1.504	1.506	1.185	1.171	1.053	1.247	1.238	1.269	1.257	1.191	1.239	1.304	1.118	1.15	1.069	1.058	1.093	1.254	1.239	1.226	1.019	1.239	1.086	1.302	1.232	1.291	1.054	1.064	0.985	1.261	1.267	1.274	0.576	0.524	0.518	0.427	0.789	0.778	1.254	1.147	0.985	1.093	1.115	1.186	0.573	0.608	0.604	1.122	1.128	1.206	1.367	1.373	1.436	0.631	0.586	0.534	1.261	1.221	1.232	1.371	1.305	1.362	1.275	1.408	1.436	0.133	0.699	0.447	1.327	1.302	1.377	0.592	0.545	0.508	0.896	0.923	1.01	0.615	0.528	0.556	0.523	0.516	0.508	0.84	0.807	0.8	0.455	0.417	0.406	0.633	0.613	0.594	1.716	1.682	1.635	1.109	1.121	1.183	1.028	1.065	1.043	1.202	1.261	1.195	1.038	1.025	1.026	0.788	0.807	0.965	0.993	1.068	1.112	0.829	0.888	0.939	0.965	0.98	0.977	0.6	0.605	0.629	0.493	0.532	0.489	1.616	1.313	1.409	0.612	0.608	0.63	0.6	0.6	0.589	0.931	0.921	0.925	0.624	0.673	0.671	0.901	0.907	1.009	0.29	0.188	0.191	0.588	0.774	0.76	1.097	1.005	0.97	0.633	0.615	0.626	1.419	1.409	1.452	0.651	0.702	0.668	1.006	1.02	1.044	0.628	0.704	0.65	0.281	0.175	0.526	0.828	0.804	0.763	0.745	0.774	0.769	0.631	0.586	0.534	0.533	0.497	0.475	1.343	1.396	1.359	1.378	1.344	1.375	1.464	1.511	1.212	1.279	1.302	1.274	1.3	1.154	1.207	1.364	1.268	1.249	1.471	1.393	1.343	1.526	1.52	1.548	1.446	1.207	0.269	1.354	1.337	1.349	1.539	1.478	1.444	1.452	1.335	1.284	0.753	0.731	0.743	1.006	1.002	1.036	1.471	1.393	1.343	1.4	1.307	1.273
22.33	1.504	1.504	1.504	1.202	1.175	1.06	1.248	1.243	1.262	1.26	1.2	1.231	1.321	1.131	1.202	1.083	1.065	1.101	1.247	1.244	1.222	1.025	1.244	1.101	1.308	1.238	1.288	1.065	1.082	0.998	1.266	1.288	1.268	0.577	0.532	0.52	0.441	0.787	0.777	1.254	1.163	0.985	1.117	1.12	1.193	0.57	0.608	0.602	1.119	1.117	1.243	1.363	1.372	1.435	0.631	0.588	0.535	1.261	1.221	1.231	1.368	1.304	1.363	1.272	1.408	1.44	0.133	0.705	0.444	1.328	1.303	1.377	0.597	0.55	0.511	0.905	0.919	1.013	0.626	0.53	0.562	0.52	0.52	0.51	0.853	0.814	0.814	0.458	0.419	0.414	0.635	0.613	0.594	1.716	1.683	1.633	1.117	1.129	1.196	1.026	1.065	1.035	1.209	1.268	1.201	1.036	1.024	1.023	0.795	0.813	0.971	1.0	1.071	1.115	0.84	0.905	0.952	0.966	0.98	0.978	0.626	0.63	0.632	0.5	0.539	0.489	1.621	1.31	1.408	0.618	0.614	0.621	0.599	0.649	0.593	0.924	0.918	0.918	0.627	0.678	0.669	0.9	0.907	1.015	0.289	0.219	0.189	0.59	0.778	0.763	1.098	1.006	0.974	0.645	0.632	0.637	1.422	1.404	1.448	0.663	0.71	0.674	1.008	1.021	1.048	0.631	0.706	0.662	0.276	0.176	0.53	0.836	0.81	0.764	0.755	0.785	0.78	0.631	0.588	0.535	0.53	0.5	0.472	1.346	1.398	1.363	1.376	1.351	1.376	1.474	1.516	1.214	1.28	1.301	1.274	1.303	1.154	1.209	1.362	1.267	1.249	1.471	1.4	1.35	1.527	1.522	1.548	1.46	1.217	0.273	1.346	1.347	1.349	1.54	1.475	1.446	1.449	1.335	1.285	0.753	0.732	0.744	1.008	1.007	1.044	1.471	1.4	1.35	1.387	1.296	1.268
22.5	1.505	1.502	1.502	1.216	1.179	1.07	1.251	1.268	1.255	1.264	1.211	1.234	1.335	1.145	1.244	1.093	1.073	1.11	1.236	1.244	1.22	1.033	1.25	1.119	1.318	1.252	1.288	1.077	1.101	1.012	1.276	1.316	1.274	0.577	0.537	0.524	0.453	0.785	0.777	1.255	1.173	0.987	1.142	1.124	1.197	0.568	0.607	0.6	1.121	1.123	1.305	1.356	1.372	1.433	0.634	0.587	0.534	1.264	1.221	1.232	1.363	1.305	1.363	1.271	1.405	1.442	0.133	0.71	0.439	1.324	1.305	1.377	0.603	0.556	0.515	0.913	0.925	1.015	0.631	0.532	0.565	0.531	0.517	0.515	0.846	0.813	0.816	0.463	0.42	0.409	0.629	0.606	0.593	1.716	1.685	1.633	1.121	1.137	1.21	1.024	1.065	1.029	1.219	1.272	1.206	1.036	1.02	1.021	0.801	0.818	0.976	1.006	1.074	1.117	0.852	0.923	0.959	0.967	0.982	0.98	0.602	0.62	0.633	0.506	0.546	0.487	1.621	1.313	1.414	0.623	0.614	0.626	0.599	0.611	0.59	0.93	0.92	0.923	0.634	0.67	0.684	0.901	0.909	1.015	0.289	0.255	0.189	0.592	0.782	0.767	1.099	1.006	0.969	0.628	0.641	0.637	1.42	1.403	1.445	0.66	0.718	0.679	1.012	1.024	1.049	0.637	0.708	0.675	0.272	0.173	0.534	0.844	0.817	0.77	0.765	0.795	0.807	0.634	0.587	0.534	0.524	0.5	0.469	1.351	1.399	1.369	1.375	1.353	1.378	1.482	1.518	1.218	1.28	1.3	1.274	1.305	1.156	1.21	1.36	1.266	1.248	1.472	1.412	1.359	1.53	1.522	1.548	1.475	1.223	0.278	1.331	1.354	1.353	1.542	1.473	1.453	1.449	1.337	1.286	0.754	0.733	0.746	1.014	1.012	1.051	1.472	1.412	1.359	1.374	1.284	1.258
22.67	1.507	1.499	1.5	1.227	1.182	1.08	1.255	1.287	1.25	1.272	1.224	1.234	1.346	1.157	1.278	1.103	1.081	1.123	1.245	1.248	1.221	1.039	1.256	1.137	1.294	1.258	1.283	1.088	1.12	1.026	1.29	1.316	1.282	0.573	0.543	0.528	0.466	0.781	0.776	1.254	1.179	0.983	1.168	1.135	1.205	0.567	0.607	0.598	1.13	1.13	1.293	1.352	1.37	1.431	0.635	0.588	0.534	1.264	1.22	1.233	1.36	1.306	1.368	1.27	1.404	1.442	0.133	0.716	0.435	1.325	1.306	1.373	0.608	0.566	0.518	0.923	0.917	1.015	0.633	0.538	0.56	0.525	0.519	0.512	0.854	0.821	0.821	0.469	0.42	0.426	0.638	0.616	0.594	1.714	1.688	1.634	1.127	1.146	1.221	1.022	1.063	1.023	1.229	1.274	1.212	1.042	1.018	1.018	0.808	0.824	0.981	1.01	1.076	1.118	0.864	0.933	0.956	0.969	0.982	0.982	0.644	0.624	0.636	0.514	0.545	0.486	1.623	1.315	1.417	0.628	0.621	0.628	0.624	0.626	0.589	0.93	0.916	0.916	0.641	0.672	0.675	0.903	0.91	1.019	0.288	0.25	0.191	0.595	0.785	0.771	1.101	1.006	0.968	0.639	0.635	0.639	1.422	1.398	1.442	0.67	0.728	0.683	1.015	1.026	1.05	0.645	0.716	0.683	0.269	0.172	0.539	0.854	0.824	0.775	0.774	0.803	0.809	0.635	0.588	0.534	0.517	0.497	0.465	1.354	1.403	1.378	1.372	1.357	1.381	1.487	1.523	1.224	1.279	1.3	1.273	1.308	1.154	1.211	1.358	1.266	1.247	1.472	1.416	1.359	1.532	1.521	1.548	1.484	1.228	0.281	1.308	1.369	1.351	1.544	1.472	1.45	1.447	1.34	1.286	0.754	0.734	0.748	1.021	1.018	1.06	1.472	1.416	1.359	1.36	1.277	1.251
22.83	1.51	1.498	1.5	1.234	1.188	1.091	1.261	1.28	1.252	1.289	1.233	1.231	1.353	1.168	1.3	1.113	1.089	1.13	1.266	1.244	1.217	1.046	1.262	1.146	1.288	1.26	1.281	1.101	1.14	1.038	1.304	1.304	1.297	0.569	0.545	0.534	0.477	0.776	0.774	1.256	1.184	0.979	1.196	1.146	1.214	0.566	0.606	0.597	1.171	1.183	1.257	1.351	1.366	1.429	0.634	0.587	0.534	1.264	1.22	1.233	1.356	1.306	1.364	1.267	1.403	1.439	0.133	0.722	0.431	1.318	1.306	1.369	0.613	0.571	0.534	0.925	0.916	1.016	0.633	0.539	0.56	0.536	0.52	0.518	0.866	0.829	0.831	0.474	0.423	0.415	0.639	0.617	0.597	1.716	1.689	1.637	1.133	1.156	1.233	1.022	1.064	1.017	1.238	1.276	1.22	1.043	1.012	1.016	0.814	0.829	0.987	1.013	1.079	1.12	0.878	0.946	0.964	0.968	0.983	0.981	0.607	0.618	0.631	0.52	0.545	0.485	1.628	1.317	1.416	0.635	0.621	0.638	0.621	0.621	0.622	0.921	0.92	0.911	0.631	0.666	0.675	0.903	0.911	1.023	0.288	0.256	0.192	0.597	0.787	0.776	1.101	1.007	0.968	0.644	0.64	0.627	1.424	1.396	1.441	0.678	0.736	0.689	1.019	1.029	1.052	0.653	0.722	0.693	0.264	0.171	0.544	0.869	0.83	0.781	0.781	0.812	0.805	0.634	0.587	0.534	0.51	0.492	0.461	1.357	1.404	1.386	1.367	1.36	1.384	1.492	1.529	1.228	1.28	1.299	1.273	1.309	1.154	1.212	1.354	1.267	1.245	1.473	1.416	1.36	1.531	1.523	1.549	1.489	1.236	0.285	1.285	1.382	1.349	1.544	1.471	1.446	1.445	1.341	1.286	0.755	0.736	0.749	1.029	1.025	1.07	1.473	1.416	1.36	1.346	1.268	1.242
23.0	1.511	1.497	1.498	1.236	1.191	1.102	1.27	1.28	1.256	1.317	1.24	1.227	1.357	1.182	1.316	1.121	1.09	1.142	1.302	1.236	1.196	1.051	1.269	1.151	1.283	1.262	1.285	1.117	1.159	1.051	1.33	1.315	1.305	0.568	0.544	0.541	0.487	0.772	0.771	1.255	1.183	0.973	1.221	1.155	1.226	0.564	0.605	0.595	1.166	1.229	1.232	1.352	1.368	1.427	0.635	0.586	0.534	1.265	1.221	1.235	1.353	1.308	1.361	1.264	1.402	1.435	0.133	0.728	0.427	1.311	1.31	1.37	0.618	0.579	0.595	0.933	0.919	1.016	0.636	0.538	0.563	0.531	0.529	0.516	0.869	0.837	0.834	0.48	0.422	0.414	0.634	0.608	0.597	1.715	1.69	1.636	1.139	1.169	1.246	1.021	1.066	1.013	1.245	1.277	1.226	1.045	1.012	1.014	0.819	0.834	0.996	1.015	1.082	1.121	0.898	0.954	0.977	0.968	0.991	0.986	0.661	0.65	0.655	0.525	0.559	0.487	1.63	1.321	1.42	0.638	0.631	0.652	0.616	0.625	0.611	0.926	0.92	0.918	0.656	0.675	0.668	0.903	0.913	1.031	0.287	0.244	0.194	0.598	0.788	0.779	1.104	1.008	0.969	0.644	0.639	0.642	1.423	1.391	1.436	0.687	0.744	0.697	1.023	1.033	1.054	0.659	0.727	0.702	0.26	0.168	0.55	0.882	0.836	0.789	0.791	0.82	0.81	0.635	0.586	0.534	0.504	0.485	0.458	1.363	1.407	1.391	1.359	1.365	1.387	1.494	1.533	1.228	1.281	1.297	1.272	1.311	1.153	1.212	1.352	1.268	1.245	1.474	1.418	1.362	1.531	1.523	1.549	1.499	1.24	0.289	1.275	1.399	1.35	1.545	1.468	1.445	1.443	1.343	1.287	0.757	0.737	0.752	1.038	1.033	1.078	1.474	1.418	1.362	1.334	1.262	1.238
23.17	1.511	1.499	1.497	1.235	1.194	1.117	1.306	1.278	1.262	1.241	1.245	1.222	1.36	1.196	1.327	1.128	1.093	1.149	1.326	1.22	1.195	1.056	1.275	1.156	1.284	1.261	1.291	1.136	1.177	1.06	1.363	1.308	1.309	0.57	0.543	0.546	0.493	0.767	0.769	1.254	1.186	0.964	1.245	1.164	1.238	0.562	0.606	0.593	1.153	1.253	1.21	1.351	1.368	1.426	0.635	0.589	0.536	1.267	1.219	1.237	1.351	1.308	1.37	1.26	1.403	1.429	0.133	0.735	0.423	1.31	1.313	1.372	0.623	0.585	0.653	0.934	0.923	1.012	0.639	0.542	0.564	0.536	0.524	0.522	0.879	0.843	0.838	0.484	0.419	0.425	0.641	0.616	0.593	1.718	1.69	1.633	1.144	1.179	1.259	1.02	1.066	1.007	1.249	1.281	1.234	1.048	1.01	1.013	0.824	0.838	1.004	1.017	1.087	1.121	0.911	0.96	0.976	0.969	0.989	0.986	0.613	0.613	0.625	0.531	0.545	0.486	1.636	1.318	1.423	0.646	0.65	0.627	0.622	0.616	0.599	0.93	0.923	0.925	0.643	0.662	0.669	0.906	0.915	1.035	0.286	0.256	0.195	0.6	0.788	0.783	1.105	1.009	0.962	0.642	0.635	0.633	1.422	1.389	1.431	0.687	0.751	0.705	1.026	1.035	1.055	0.663	0.726	0.707	0.256	0.166	0.556	0.897	0.843	0.796	0.8	0.83	0.818	0.635	0.589	0.536	0.498	0.477	0.454	1.366	1.407	1.398	1.357	1.365	1.389	1.498	1.539	1.234	1.282	1.298	1.272	1.313	1.151	1.212	1.35	1.269	1.244	1.476	1.421	1.363	1.53	1.521	1.548	1.498	1.249	0.293	1.275	1.413	1.35	1.545	1.465	1.444	1.44	1.345	1.286	0.757	0.738	0.753	1.048	1.042	1.085	1.476	1.421	1.363	1.321	1.257	1.232
23.33	1.511	1.502	1.497	1.236	1.195	1.131	1.266	1.277	1.268	1.219	1.25	1.227	1.362	1.207	1.331	1.136	1.1	1.158	1.342	1.223	1.193	1.062	1.281	1.16	1.281	1.277	1.302	1.152	1.196	1.072	1.364	1.308	1.296	0.57	0.547	0.55	0.495	0.762	0.765	1.252	1.184	0.956	1.264	1.174	1.252	0.561	0.606	0.593	1.136	1.244	1.212	1.349	1.371	1.425	0.636	0.591	0.537	1.27	1.22	1.239	1.349	1.308	1.445	1.261	1.403	1.419	0.133	0.74	0.419	1.311	1.313	1.371	0.628	0.589	0.63	0.937	0.921	1.01	0.641	0.544	0.565	0.533	0.532	0.515	0.878	0.85	0.846	0.492	0.422	0.425	0.643	0.615	0.594	1.718	1.69	1.63	1.151	1.19	1.271	1.02	1.066	0.997	1.251	1.283	1.241	1.048	1.01	1.011	0.828	0.841	1.006	1.02	1.093	1.121	0.927	0.969	0.973	0.975	0.993	0.99	0.652	0.656	0.652	0.538	0.548	0.489	1.638	1.323	1.426	0.652	0.65	0.643	0.599	0.608	0.613	0.918	0.923	0.922	0.646	0.672	0.682	0.907	0.917	1.042	0.286	0.271	0.195	0.601	0.789	0.785	1.107	1.01	0.962	0.646	0.645	0.619	1.425	1.387	1.429	0.698	0.759	0.711	1.03	1.04	1.056	0.673	0.738	0.713	0.253	0.164	0.563	0.913	0.851	0.804	0.812	0.839	0.823	0.636	0.591	0.537	0.494	0.471	0.45	1.37	1.411	1.403	1.355	1.369	1.391	1.498	1.538	1.232	1.281	1.297	1.271	1.315	1.15	1.213	1.349	1.272	1.245	1.479	1.423	1.364	1.531	1.522	1.548	1.495	1.264	0.298	1.279	1.432	1.347	1.547	1.464	1.445	1.439	1.347	1.287	0.758	0.74	0.756	1.058	1.054	1.09	1.479	1.423	1.364	1.313	1.252	1.227
23.5	1.51	1.504	1.495	1.232	1.195	1.149	1.272	1.279	1.254	1.217	1.242	1.247	1.361	1.219	1.33	1.144	1.103	1.167	1.337	1.23	1.225	1.069	1.286	1.165	1.278	1.284	1.286	1.168	1.212	1.083	1.359	1.308	1.291	0.571	0.55	0.554	0.497	0.756	0.761	1.251	1.179	0.947	1.279	1.185	1.266	0.56	0.606	0.592	1.134	1.24	1.238	1.35	1.371	1.423	0.636	0.59	0.538	1.274	1.22	1.242	1.347	1.31	1.45	1.261	1.405	1.409	0.133	0.745	0.414	1.311	1.313	1.367	0.632	0.591	0.618	0.939	0.918	1.011	0.643	0.546	0.566	0.541	0.529	0.524	0.88	0.855	0.859	0.498	0.42	0.425	0.642	0.609	0.596	1.718	1.691	1.625	1.156	1.202	1.28	1.015	1.065	0.986	1.26	1.285	1.243	1.051	1.011	1.018	0.833	0.846	1.01	1.02	1.099	1.122	0.938	0.975	0.965	0.98	0.998	0.994	0.632	0.619	0.637	0.543	0.55	0.49	1.634	1.322	1.425	0.657	0.647	0.637	0.636	0.613	0.61	0.924	0.926	0.914	0.645	0.662	0.677	0.908	0.918	1.047	0.285	0.246	0.196	0.602	0.788	0.789	1.109	1.011	0.96	0.649	0.638	0.643	1.424	1.385	1.425	0.71	0.767	0.721	1.032	1.045	1.057	0.673	0.746	0.721	0.248	0.163	0.57	0.929	0.858	0.81	0.819	0.842	0.827	0.636	0.59	0.538	0.49	0.465	0.445	1.374	1.412	1.409	1.349	1.371	1.393	1.499	1.539	1.229	1.281	1.297	1.27	1.314	1.15	1.212	1.348	1.277	1.246	1.481	1.427	1.365	1.533	1.521	1.547	1.499	1.284	0.303	1.283	1.444	1.349	1.549	1.463	1.445	1.44	1.349	1.285	0.76	0.742	0.759	1.069	1.069	1.097	1.481	1.427	1.365	1.3	1.247	1.218
23.67	1.512	1.504	1.495	1.228	1.195	1.171	1.275	1.269	1.257	1.22	1.24	1.246	1.361	1.227	1.318	1.151	1.105	1.174	1.331	1.226	1.269	1.074	1.288	1.169	1.268	1.294	1.286	1.179	1.229	1.091	1.349	1.298	1.289	0.566	0.55	0.554	0.5	0.75	0.757	1.251	1.171	0.937	1.291	1.197	1.28	0.557	0.605	0.591	1.14	1.218	1.255	1.352	1.372	1.422	0.636	0.59	0.539	1.273	1.221	1.243	1.344	1.311	1.481	1.259	1.403	1.4	0.133	0.753	0.41	1.315	1.314	1.368	0.636	0.599	0.602	0.936	0.918	1.008	0.645	0.546	0.567	0.537	0.531	0.519	0.898	0.864	0.858	0.501	0.419	0.438	0.642	0.613	0.594	1.716	1.69	1.621	1.161	1.214	1.29	1.01	1.067	0.987	1.264	1.285	1.244	1.057	1.012	1.017	0.837	0.85	1.01	1.021	1.104	1.125	0.951	0.983	0.966	0.986	1.007	0.999	0.66	0.66	0.654	0.545	0.549	0.49	1.638	1.327	1.43	0.661	0.649	0.64	0.607	0.636	0.627	0.921	0.926	0.921	0.646	0.68	0.674	0.909	0.919	1.054	0.284	0.274	0.196	0.603	0.788	0.793	1.11	1.013	0.96	0.638	0.647	0.656	1.429	1.38	1.427	0.717	0.777	0.733	1.036	1.049	1.059	0.688	0.754	0.731	0.244	0.161	0.577	0.948	0.866	0.82	0.829	0.845	0.833	0.636	0.59	0.539	0.488	0.461	0.44	1.377	1.417	1.419	1.342	1.37	1.394	1.498	1.542	1.227	1.282	1.296	1.271	1.317	1.148	1.212	1.347	1.283	1.248	1.482	1.429	1.367	1.534	1.519	1.546	1.501	1.304	0.309	1.29	1.451	1.348	1.549	1.462	1.446	1.439	1.351	1.284	0.762	0.744	0.761	1.079	1.085	1.104	1.482	1.429	1.367	1.29	1.241	1.212
23.83	1.513	1.503	1.495	1.222	1.194	1.201	1.294	1.268	1.272	1.23	1.242	1.238	1.361	1.237	1.305	1.159	1.108	1.179	1.328	1.227	1.284	1.077	1.29	1.176	1.272	1.313	1.289	1.19	1.243	1.101	1.333	1.289	1.29	0.567	0.554	0.558	0.504	0.743	0.753	1.249	1.162	0.927	1.3	1.208	1.29	0.556	0.606	0.59	1.141	1.231	1.244	1.351	1.373	1.421	0.637	0.592	0.539	1.272	1.221	1.243	1.342	1.311	1.494	1.261	1.402	1.393	0.133	0.758	0.405	1.319	1.314	1.367	0.641	0.606	0.592	0.936	0.918	1.008	0.642	0.548	0.567	0.544	0.531	0.524	0.901	0.861	0.862	0.505	0.42	0.433	0.644	0.616	0.593	1.714	1.69	1.617	1.166	1.224	1.296	1.008	1.075	0.985	1.266	1.287	1.246	1.06	1.009	1.014	0.841	0.855	1.012	1.022	1.106	1.125	0.962	0.986	0.962	0.993	1.012	1.003	0.648	0.627	0.658	0.548	0.55	0.489	1.641	1.329	1.434	0.675	0.649	0.654	0.622	0.617	0.628	0.932	0.928	0.92	0.65	0.673	0.676	0.923	0.926	1.061	0.284	0.286	0.197	0.605	0.787	0.795	1.111	1.014	0.956	0.655	0.641	0.643	1.429	1.378	1.424	0.711	0.784	0.746	1.039	1.053	1.06	0.699	0.761	0.736	0.241	0.159	0.584	0.964	0.873	0.825	0.838	0.849	0.833	0.637	0.592	0.539	0.485	0.457	0.435	1.382	1.423	1.426	1.338	1.372	1.398	1.504	1.546	1.226	1.282	1.295	1.271	1.314	1.147	1.211	1.347	1.291	1.251	1.483	1.432	1.368	1.536	1.52	1.545	1.503	1.322	0.314	1.298	1.453	1.348	1.55	1.463	1.445	1.439	1.353	1.281	0.763	0.745	0.763	1.089	1.101	1.112	1.483	1.432	1.368	1.278	1.236	1.206
24.0	1.511	1.501	1.495	1.214	1.194	1.227	1.299	1.276	1.276	1.235	1.248	1.256	1.359	1.247	1.289	1.166	1.11	1.187	1.335	1.232	1.285	1.081	1.291	1.182	1.276	1.323	1.288	1.197	1.255	1.109	1.322	1.28	1.284	0.569	0.548	0.563	0.51	0.738	0.748	1.246	1.149	0.918	1.306	1.215	1.302	0.555	0.607	0.59	1.164	1.243	1.219	1.35	1.375	1.421	0.639	0.595	0.538	1.271	1.222	1.245	1.341	1.313	1.501	1.256	1.402	1.388	0.133	0.763	0.4	1.321	1.314	1.366	0.645	0.606	0.587	0.936	0.921	1.002	0.644	0.549	0.568	0.54	0.535	0.521	0.905	0.87	0.865	0.505	0.417	0.431	0.644	0.608	0.594	1.71	1.688	1.61	1.169	1.231	1.3	1.003	1.084	0.984	1.271	1.284	1.247	1.062	1.003	1.015	0.845	0.859	1.014	1.022	1.108	1.124	0.971	0.985	0.951	0.997	1.02	1.008	0.66	0.665	0.663	0.552	0.549	0.49	1.648	1.33	1.432	0.684	0.657	0.642	0.618	0.623	0.607	0.923	0.929	0.924	0.659	0.683	0.68	0.912	0.94	1.069	0.283	0.265	0.198	0.606	0.786	0.795	1.111	1.016	0.955	0.635	0.656	0.645	1.431	1.375	1.424	0.731	0.795	0.757	1.043	1.057	1.061	0.699	0.771	0.746	0.238	0.158	0.592	0.974	0.88	0.83	0.849	0.855	0.84	0.639	0.595	0.538	0.484	0.455	0.431	1.387	1.424	1.435	1.335	1.37	1.397	1.499	1.549	1.223	1.282	1.295	1.27	1.316	1.146	1.21	1.347	1.3	1.254	1.483	1.435	1.371	1.536	1.522	1.543	1.509	1.329	0.321	1.308	1.454	1.346	1.551	1.462	1.448	1.438	1.356	1.28	0.765	0.747	0.766	1.097	1.114	1.122	1.483	1.435	1.371	1.269	1.23	1.199
